NameWithOwner,GitHub_URL,Year,Language,OwnerType,StargazersCount,ForksCount,CreatedAt,Architecture_Label
coze-dev/coze-studio,https://github.com/coze-dev/coze-studio,2025,TypeScript,Organization,17955,2480,2025-06-26T02:19:21Z,"Onion Architecture"
ardalis/CleanArchitecture,https://github.com/ardalis/CleanArchitecture,2016,C#,User,17556,2997,2016-09-30T14:19:20Z,"Clean Architecture"
Sairyss/domain-driven-hexagon,https://github.com/Sairyss/domain-driven-hexagon,2020,TypeScript,User,13944,1429,2020-11-29T16:04:22Z,"Hexagonal Architecture"
kgrzybek/modular-monolith-with-ddd,https://github.com/kgrzybek/modular-monolith-with-ddd,2019,C#,User,12881,2044,2019-08-23T00:12:03Z,"Modular Monolith with CQRS"
aspnetboilerplate/aspnetboilerplate,https://github.com/aspnetboilerplate/aspnetboilerplate,2013,C#,Organization,11969,3820,2013-08-18T20:45:08Z,"Layered Architecture"
EduardoPires/EquinoxProject,https://github.com/EduardoPires/EquinoxProject,2016,C#,User,6738,1659,2016-12-14T04:36:58Z,"Clean Architecture"
ThreeDotsLabs/wild-workouts-go-ddd-example,https://github.com/ThreeDotsLabs/wild-workouts-go-ddd-example,2020,Go,Organization,5926,538,2020-05-06T20:30:16Z,"Clean Architecture"
kurrent-io/KurrentDB,https://github.com/kurrent-io/KurrentDB,2012,C#,Organization,5646,668,2012-09-17T17:22:49Z,CQRS
ddd-by-examples/library,https://github.com/ddd-by-examples/library,2019,Java,Organization,5443,793,2019-01-11T09:14:03Z,"Hexagonal Architecture"
citerus/dddsample-core,https://github.com/citerus/dddsample-core,2015,Java,Organization,5212,1516,2015-01-31T23:21:37Z,"Layered Architecture"
undergroundwires/privacy.sexy,https://github.com/undergroundwires/privacy.sexy,2019,TypeScript,User,5061,216,2019-12-31T14:38:28Z,"Onion Architecture"
thangchung/go-coffeeshop,https://github.com/thangchung/go-coffeeshop,2022,Go,User,4301,445,2022-09-18T14:10:42Z,"Event-Driven Architecture"
ivanpaulovich/clean-architecture-manga,https://github.com/ivanpaulovich/clean-architecture-manga,2017,C#,User,4215,733,2017-12-27T11:58:03Z,"Clean Architecture"
VaughnVernon/IDDD_Samples,https://github.com/VaughnVernon/IDDD_Samples,2013,Java,User,3888,921,2013-04-08T22:12:57Z,CQRS
microservices-patterns/ftgo-application,https://github.com/microservices-patterns/ftgo-application,2017,Java,Organization,3641,1390,2017-10-23T04:30:04Z,Microservices
oskardudycz/EventSourcing.NetCore,https://github.com/oskardudycz/EventSourcing.NetCore,2017,C#,User,3593,537,2017-01-28T11:21:53Z,"Event-Driven Architecture"
AxonFramework/AxonFramework,https://github.com/AxonFramework/AxonFramework,2011,Java,Organization,3497,818,2011-12-02T16:04:42Z,"Event-Driven Architecture"
talyssonoc/node-api-boilerplate,https://github.com/talyssonoc/node-api-boilerplate,2017,TypeScript,User,3335,532,2017-03-13T21:16:09Z,"Clean Architecture"
cer/event-sourcing-examples,https://github.com/cer/event-sourcing-examples,2014,JavaScript,User,3153,950,2014-12-31T23:37:52Z,CQRS
CodelyTV/php-ddd-example,https://github.com/CodelyTV/php-ddd-example,2016,PHP,Organization,3096,1097,2016-11-17T12:56:16Z,"Hexagonal Architecture"
kgrzybek/sample-dotnet-core-cqrs-api,https://github.com/kgrzybek/sample-dotnet-core-cqrs-api,2019,C#,User,3031,667,2019-02-03T15:05:24Z,"Clean Architecture"
juicycleff/ultimate-backend,https://github.com/juicycleff/ultimate-backend,2019,TypeScript,User,2865,432,2019-09-19T22:06:43Z,CQRS
evolutionary-architecture/evolutionary-architecture-by-example,https://github.com/evolutionary-architecture/evolutionary-architecture-by-example,2023,C#,Organization,2818,415,2023-08-30T14:18:59Z,"Modular Monolith"
undb-io/undb,https://github.com/undb-io/undb,2022,TypeScript,Organization,2754,141,2022-11-18T03:22:51Z,"Layered Architecture"
vietnam-devs/coolstore-microservices,https://github.com/vietnam-devs/coolstore-microservices,2018,C#,Organization,2518,584,2018-06-01T14:18:27Z,"Clean Architecture"
eventflow/EventFlow,https://github.com/eventflow/EventFlow,2015,C#,Organization,2486,457,2015-03-17T18:11:23Z,CQRS
altmann/FluentResults,https://github.com/altmann/FluentResults,2017,C#,User,2474,130,2017-03-09T19:21:21Z,"Layered Architecture"
8treenet/freedom,https://github.com/8treenet/freedom,2019,Go,User,2451,236,2019-10-20T13:39:04Z,"Hexagonal Architecture"
phongnguyend/Practical.CleanArchitecture,https://github.com/phongnguyend/Practical.CleanArchitecture,2018,C#,User,2347,585,2018-12-03T03:11:04Z,"Clean Architecture"
ardalis/Specification,https://github.com/ardalis/Specification,2018,C#,User,2141,255,2018-02-13T16:42:06Z,"Layered Architecture"
stemmlerjs/ddd-forum,https://github.com/stemmlerjs/ddd-forum,2019,TypeScript,User,2047,470,2019-10-01T20:07:57Z,"Onion Architecture"
zkavtaskin/Domain-Driven-Design-Example,https://github.com/zkavtaskin/Domain-Driven-Design-Example,2014,C#,User,1843,446,2014-05-03T14:48:54Z,"Layered Architecture"
tangxuehua/enode,https://github.com/tangxuehua/enode,2013,C#,User,1810,561,2013-06-14T04:52:04Z,"Event-Driven Architecture"
looplab/eventhorizon,https://github.com/looplab/eventhorizon,2014,Go,Organization,1653,197,2014-11-17T08:32:26Z,"Event-Driven Architecture"
NEventStore/NEventStore,https://github.com/NEventStore/NEventStore,2010,C#,Organization,1610,324,2010-06-24T20:28:53Z,"Event-Driven Architecture"
pyeventsourcing/eventsourcing,https://github.com/pyeventsourcing/eventsourcing,2015,Python,Organization,1596,138,2015-08-25T13:35:28Z,"Event-Driven Architecture"
jbuget/nodejs-clean-architecture-app,https://github.com/jbuget/nodejs-clean-architecture-app,2018,JavaScript,User,1541,260,2018-01-05T10:38:19Z,"Clean Architecture"
stemmlerjs/white-label,https://github.com/stemmlerjs/white-label,2019,TypeScript,User,1497,269,2019-06-15T17:55:40Z,"Onion Architecture"
RailsEventStore/rails_event_store,https://github.com/RailsEventStore/rails_event_store,2015,Ruby,Organization,1481,125,2015-03-31T22:02:32Z,"Event-Driven Architecture"
AlphaYu/adnc,https://github.com/AlphaYu/adnc,2020,C#,User,1468,391,2020-08-02T14:23:34Z,"Onion Architecture"
gothinkster/spring-boot-realworld-example-app,https://github.com/gothinkster/spring-boot-realworld-example-app,2017,Java,Organization,1447,849,2017-08-28T17:43:55Z,"Layered Architecture"
xmolecules/jmolecules,https://github.com/xmolecules/jmolecules,2020,Java,Organization,1430,111,2020-02-03T13:08:24Z,Inconsistent
smartstore/Smartstore,https://github.com/smartstore/Smartstore,2020,C#,Organization,1404,538,2020-10-15T17:25:51Z,"Layered Architecture"
CodelyTV/typescript-ddd-example,https://github.com/CodelyTV/typescript-ddd-example,2019,TypeScript,Organization,1396,222,2019-08-23T15:46:03Z,"Hexagonal Architecture"
ddd-by-examples/factory,https://github.com/ddd-by-examples/factory,2017,Java,Organization,1367,272,2017-12-04T07:53:57Z,"Hexagonal Architecture"
bitloops/ddd-hexagonal-cqrs-es-eda,https://github.com/bitloops/ddd-hexagonal-cqrs-es-eda,2023,TypeScript,Organization,1345,110,2023-04-04T08:04:33Z,"Hexagonal Architecture"
berndruecker/flowing-retail,https://github.com/berndruecker/flowing-retail,2017,Java,User,1326,471,2017-09-13T11:41:51Z,"Event-Driven Architecture"
thangchung/clean-architecture-dotnet,https://github.com/thangchung/clean-architecture-dotnet,2021,C#,User,1325,278,2021-01-12T03:43:41Z,"Clean Architecture"
MarioCarrion/todo-api-microservice-example,https://github.com/MarioCarrion/todo-api-microservice-example,2021,Go,User,1294,178,2021-02-14T18:28:08Z,"Onion Architecture"
eugene-khyst/postgresql-event-sourcing,https://github.com/eugene-khyst/postgresql-event-sourcing,2021,Java,User,1253,118,2021-04-25T16:59:29Z,"Event-Driven Architecture"
meysamhadeli/booking-microservices,https://github.com/meysamhadeli/booking-microservices,2022,C#,User,1250,270,2022-05-07T14:12:15Z,CQRS
banq/jdonframework,https://github.com/banq/jdonframework,2011,Java,User,1174,410,2011-04-03T01:23:54Z,"Hexagonal Architecture"
pdevito3/craftsman,https://github.com/pdevito3/craftsman,2020,C#,User,1170,73,2020-07-29T04:26:53Z,CQRS
funkygao/cp-ddd-framework,https://github.com/funkygao/cp-ddd-framework,2020,Java,User,1152,274,2020-09-07T14:03:55Z,"Clean Architecture"
EdwinVW/pitstop,https://github.com/EdwinVW/pitstop,2017,JavaScript,User,1145,484,2017-09-26T12:56:01Z,CQRS
ixre/go2o,https://github.com/ixre/go2o,2014,Go,User,1130,266,2014-12-22T01:12:46Z,"Layered Architecture"
desenvolvedor-io/dev-store,https://github.com/desenvolvedor-io/dev-store,2021,C#,Organization,1108,213,2021-01-28T00:51:41Z,"Clean Architecture"
jorge07/symfony-6-es-cqrs-boilerplate,https://github.com/jorge07/symfony-6-es-cqrs-boilerplate,2018,PHP,User,1079,185,2018-01-02T22:39:20Z,CQRS
mehdihadeli/go-food-delivery-microservices,https://github.com/mehdihadeli/go-food-delivery-microservices,2022,Go,User,1023,117,2022-06-16T09:56:24Z,"Event-Driven Architecture"
pgorecki/python-ddd,https://github.com/pgorecki/python-ddd,2018,Python,User,1007,124,2018-12-03T11:22:22Z,"Layered Architecture"
vardius/go-api-boilerplate,https://github.com/vardius/go-api-boilerplate,2017,Go,User,965,138,2017-10-14T00:50:41Z,"Event-Driven Architecture"
VaughnVernon/IDDD_Samples_NET,https://github.com/VaughnVernon/IDDD_Samples_NET,2013,C#,User,938,250,2013-04-27T22:40:57Z,"Layered Architecture"
mehdihadeli/food-delivery-microservices,https://github.com/mehdihadeli/food-delivery-microservices,2022,C#,User,935,170,2022-05-08T20:18:36Z,"Event-Driven Architecture"
apache/causeway,https://github.com/apache/causeway,2012,Java,Organization,878,315,2012-11-30T08:00:24Z,"Layered Architecture"
BottegaIT/ddd-leaven-v2,https://github.com/BottegaIT/ddd-leaven-v2,2013,Java,Organization,876,252,2013-12-06T14:00:22Z,CQRS
kyhsa93/nestjs-rest-cqrs-example,https://github.com/kyhsa93/nestjs-rest-cqrs-example,2019,TypeScript,User,860,151,2019-09-17T12:48:29Z,CQRS
ntxinh/AspNetCore-DDD,https://github.com/ntxinh/AspNetCore-DDD,2019,C#,User,860,151,2019-11-10T15:55:55Z,"Onion Architecture"
NetDevPack/NetDevPack,https://github.com/NetDevPack/NetDevPack,2020,C#,Organization,817,100,2020-06-02T04:34:18Z,"Layered Architecture"
mploed/ddd-with-spring,https://github.com/mploed/ddd-with-spring,2018,Java,User,813,201,2018-03-28T15:27:17Z,"Hexagonal Architecture"
ardalis/CleanArchitecture.WorkerService,https://github.com/ardalis/CleanArchitecture.WorkerService,2019,C#,User,808,104,2019-10-18T16:11:13Z,"Clean Architecture"
ardalis/ddd-guestbook,https://github.com/ardalis/ddd-guestbook,2016,C#,User,806,151,2016-10-20T18:49:10Z,"Onion Architecture"
codeliner/php-ddd-cargo-sample,https://github.com/codeliner/php-ddd-cargo-sample,2013,JavaScript,User,794,102,2013-11-20T19:56:17Z,"Layered Architecture"
reimagined/resolve,https://github.com/reimagined/resolve,2017,TypeScript,Organization,780,94,2017-04-18T12:36:20Z,CQRS
shortlink-org/shortlink,https://github.com/shortlink-org/shortlink,2019,Go,Organization,769,39,2019-08-27T16:16:58Z,"Layered Architecture"
falsy/clean-architecture-for-frontend,https://github.com/falsy/clean-architecture-for-frontend,2019,TypeScript,User,767,124,2019-12-08T11:23:59Z,"Clean Architecture"
joshuaalpuerto/node-ddd-boilerplate,https://github.com/joshuaalpuerto/node-ddd-boilerplate,2017,JavaScript,User,741,147,2017-09-20T09:42:44Z,"Layered Architecture"
duyanming/Viper,https://github.com/duyanming/Viper,2020,C#,User,738,178,2020-09-26T10:40:33Z,"Layered Architecture"
VincentJouanne/nest-clean-architecture,https://github.com/VincentJouanne/nest-clean-architecture,2021,TypeScript,User,732,83,2021-06-06T08:36:31Z,"Clean Architecture"
iayti/CleanArchitecture,https://github.com/iayti/CleanArchitecture,2020,C#,User,723,127,2020-08-10T18:48:14Z,"Clean Architecture"
hamed-shirbandi/TaskoMask,https://github.com/hamed-shirbandi/TaskoMask,2020,C#,User,719,135,2020-10-16T13:58:15Z,"Clean Architecture"
remesh-js/remesh,https://github.com/remesh-js/remesh,2021,TypeScript,Organization,719,42,2021-09-23T07:53:03Z,CQRS
revoframework/Revo,https://github.com/revoframework/Revo,2018,C#,Organization,711,82,2018-04-26T14:03:33Z,CQRS
MarkNijhof/Fohjin,https://github.com/MarkNijhof/Fohjin,2009,C#,User,699,173,2009-09-27T19:50:59Z,CQRS
anjoy8/ChristDDD,https://github.com/anjoy8/ChristDDD,2018,C#,User,692,179,2018-10-23T04:04:10Z,CQRS
andrebaltieri/Flunt,https://github.com/andrebaltieri/Flunt,2017,C#,User,680,169,2017-10-10T21:52:41Z,"Layered Architecture"
thalo-rs/thalo,https://github.com/thalo-rs/thalo,2021,Rust,Organization,666,16,2021-11-06T05:39:05Z,"Event-Driven Architecture"
dddshelf/ddd,https://github.com/dddshelf/ddd,2014,PHP,Organization,664,104,2014-09-19T19:41:05Z,"Layered Architecture"
PacktPublishing/Hands-On-Domain-Driven-Design-with-.NET-Core,https://github.com/PacktPublishing/Hands-On-Domain-Driven-Design-with-.NET-Core,2018,C#,Organization,662,210,2018-11-29T11:16:07Z,"Onion Architecture"
dddshelf/last-wishes,https://github.com/dddshelf/last-wishes,2014,PHP,Organization,659,117,2014-09-12T14:37:39Z,"Layered Architecture"
dayatang/dddlib,https://github.com/dayatang/dddlib,2013,Java,User,655,279,2013-04-16T08:25:41Z,"Layered Architecture"
thisisnabi/Blogger,https://github.com/thisisnabi/Blogger,2024,C#,User,639,156,2024-04-04T13:37:33Z,"Clean Architecture"
vkhorikov/DddInAction,https://github.com/vkhorikov/DddInAction,2015,C#,User,609,154,2015-03-13T03:53:44Z,"Layered Architecture"
ddd-by-examples/all-things-cqrs,https://github.com/ddd-by-examples/all-things-cqrs,2018,Java,Organization,604,143,2018-08-17T08:11:04Z,CQRS
jorge07/ddd-playground,https://github.com/jorge07/ddd-playground,2016,PHP,User,600,86,2016-08-08T17:37:46Z,"Onion Architecture"
node-ts/ddd,https://github.com/node-ts/ddd,2019,TypeScript,Organization,597,38,2019-02-26T09:36:39Z,"Onion Architecture"
serenity-js/serenity-js,https://github.com/serenity-js/serenity-js,2016,TypeScript,Organization,594,159,2016-06-16T16:20:06Z,"Onion Architecture"
aspnetrun/run-aspnetcore,https://github.com/aspnetrun/run-aspnetcore,2019,C#,Organization,592,161,2019-03-11T06:14:08Z,"Clean Architecture"
0xb4lamx/nestjs-boilerplate-microservice,https://github.com/0xb4lamx/nestjs-boilerplate-microservice,2019,TypeScript,User,592,74,2019-08-30T17:21:50Z,"Event-Driven Architecture"
EalenXie/spring-microservice-ddd,https://github.com/EalenXie/spring-microservice-ddd,2018,Java,User,590,304,2018-08-30T10:35:56Z,"Layered Architecture"
andreschaffer/event-sourcing-cqrs-examples,https://github.com/andreschaffer/event-sourcing-cqrs-examples,2017,Java,User,587,121,2017-06-02T19:30:49Z,"Event-Driven Architecture"
get-eventually/eventually-rs,https://github.com/get-eventually/eventually-rs,2019,Rust,Organization,586,33,2019-08-28T23:12:54Z,"Event-Driven Architecture"
zarusz/SlimMessageBus,https://github.com/zarusz/SlimMessageBus,2016,C#,User,584,81,2016-05-19T16:37:25Z,"Event-Driven Architecture"
i-love-flamingo/flamingo-commerce,https://github.com/i-love-flamingo/flamingo-commerce,2019,Go,Organization,580,91,2019-04-02T15:11:57Z,"Hexagonal Architecture"
ardalis/DDD-NoDuplicates,https://github.com/ardalis/DDD-NoDuplicates,2020,C#,User,579,57,2020-07-08T18:34:18Z,"Layered Architecture"
banq/jivejdon,https://github.com/banq/jivejdon,2018,Java,User,577,160,2018-08-19T01:41:09Z,"Clean Architecture"
borjapazr/express-typescript-skeleton,https://github.com/borjapazr/express-typescript-skeleton,2021,TypeScript,User,576,68,2021-08-18T20:48:02Z,"Hexagonal Architecture"
Enforcer/clean-architecture,https://github.com/Enforcer/clean-architecture,2019,Python,User,556,53,2019-09-12T20:16:08Z,"Clean Architecture"
ecotoneframework/ecotone,https://github.com/ecotoneframework/ecotone,2019,PHP,Organization,551,23,2019-07-31T16:22:36Z,"Event-Driven Architecture"
fullstackhero/dotnet-microservices-boilerplate,https://github.com/fullstackhero/dotnet-microservices-boilerplate,2022,C#,Organization,543,128,2022-12-21T19:26:28Z,"Vertical Slice Architecture"
aspnetrun/run-aspnetcore-cqrs,https://github.com/aspnetrun/run-aspnetcore-cqrs,2019,C#,Organization,539,101,2019-03-08T17:33:46Z,"Layered Architecture"
christophknabe/spring-ddd-bank,https://github.com/christophknabe/spring-ddd-bank,2017,Java,User,534,127,2017-03-08T15:26:38Z,"Layered Architecture"
diego3g/umbriel,https://github.com/diego3g/umbriel,2020,TypeScript,User,531,74,2020-11-24T13:07:27Z,"Onion Architecture"
ThembisileNGQ/Akkatecture,https://github.com/ThembisileNGQ/Akkatecture,2018,C#,User,528,53,2018-03-20T16:18:28Z,CQRS
err0r500/go-realworld-clean,https://github.com/err0r500/go-realworld-clean,2018,Go,User,528,82,2018-07-22T19:53:26Z,"Clean Architecture"
jeangatto/ASP.NET-Core-Clean-Architecture-CQRS-Event-Sourcing,https://github.com/jeangatto/ASP.NET-Core-Clean-Architecture-CQRS-Event-Sourcing,2022,C#,User,519,77,2022-06-03T00:02:13Z,"Clean Architecture"
almin/almin,https://github.com/almin/almin,2016,TypeScript,Organization,505,42,2016-04-21T05:18:12Z,CQRS
pcah/python-clean-architecture,https://github.com/pcah/python-clean-architecture,2014,Python,Organization,505,49,2014-08-28T17:19:37Z,"Clean Architecture"
swlaschin/DomainModelingMadeFunctional,https://github.com/swlaschin/DomainModelingMadeFunctional,2017,F#,User,496,93,2017-07-11T10:40:56Z,Inconsistent
otaviolemos/thewisedev-mailing,https://github.com/otaviolemos/thewisedev-mailing,2020,TypeScript,User,493,87,2020-10-29T19:14:32Z,"Clean Architecture"
Eventuous/eventuous,https://github.com/Eventuous/eventuous,2021,C#,Organization,491,85,2021-03-08T08:54:24Z,"Event-Driven Architecture"
fals/cqrs-clean-eventual-consistency,https://github.com/fals/cqrs-clean-eventual-consistency,2018,C#,User,485,90,2018-07-09T19:08:58Z,"Clean Architecture"
CodelyTV/java-ddd-example,https://github.com/CodelyTV/java-ddd-example,2019,Java,Organization,482,216,2019-08-20T11:07:25Z,"Hexagonal Architecture"
ddd-by-examples/event-source-cqrs-sample,https://github.com/ddd-by-examples/event-source-cqrs-sample,2016,Java,Organization,476,131,2016-06-27T20:45:28Z,"Event-Driven Architecture"
ivanpaulovich/hexagonal-architecture-acerola,https://github.com/ivanpaulovich/hexagonal-architecture-acerola,2017,C#,User,471,99,2017-11-21T13:11:30Z,"Hexagonal Architecture"
minos-framework/minos-python,https://github.com/minos-framework/minos-python,2022,Python,Organization,469,39,2022-01-24T14:40:50Z,"Event-Driven Architecture"
resotto/goilerplate,https://github.com/resotto/goilerplate,2020,Go,User,464,50,2020-09-21T15:30:48Z,"Clean Architecture"
edumentab/cqrs-starter-kit,https://github.com/edumentab/cqrs-starter-kit,2013,C#,Organization,457,136,2013-04-30T12:15:01Z,CQRS
guidewire-oss/fern-platform,https://github.com/guidewire-oss/fern-platform,2025,Go,Organization,449,14,2025-06-08T16:13:54Z,"Onion Architecture"
charlessolar/Aggregates.NET,https://github.com/charlessolar/Aggregates.NET,2014,C#,User,441,62,2014-12-26T19:42:53Z,"Event-Driven Architecture"
foxminchan/BookWorm,https://github.com/foxminchan/BookWorm,2024,C#,User,439,56,2024-07-16T11:32:29Z,Microservices
boostercloud/booster,https://github.com/boostercloud/booster,2020,TypeScript,Organization,438,98,2020-01-24T15:14:12Z,CQRS
serverlesstechnology/cqrs,https://github.com/serverlesstechnology/cqrs,2020,Rust,User,437,56,2020-04-07T14:36:44Z,CQRS
sklinkert/go-ddd,https://github.com/sklinkert/go-ddd,2023,Go,User,426,44,2023-08-11T19:04:31Z,"Onion Architecture"
ddd-by-examples/library-nestjs,https://github.com/ddd-by-examples/library-nestjs,2021,TypeScript,Organization,418,49,2021-11-26T19:56:53Z,"Onion Architecture"
hardyscc/nestjs-cqrs-starter,https://github.com/hardyscc/nestjs-cqrs-starter,2020,TypeScript,User,413,56,2020-04-05T14:44:16Z,CQRS
jovezhao/nest,https://github.com/jovezhao/nest,2016,Java,User,413,162,2016-07-18T05:29:08Z,"Layered Architecture"
thangchung/practical-dotnet-aspire,https://github.com/thangchung/practical-dotnet-aspire,2023,C#,User,410,61,2023-12-16T06:05:47Z,"Onion Architecture"
changmingxie/aggregate-framework,https://github.com/changmingxie/aggregate-framework,2015,Java,User,406,170,2015-09-02T03:10:46Z,CQRS
mhadaily/flutter-architecture-ddd,https://github.com/mhadaily/flutter-architecture-ddd,2019,Dart,User,406,99,2019-11-21T23:58:19Z,"Onion Architecture"
HamaWhiteGG/flink-sql-lineage,https://github.com/HamaWhiteGG/flink-sql-lineage,2022,Java,User,406,185,2022-08-12T03:56:25Z,"Layered Architecture"
AntonioFalcaoJr/EventualShop,https://github.com/AntonioFalcaoJr/EventualShop,2021,C#,User,405,77,2021-06-27T19:41:45Z,"Clean Architecture"
meysamhadeli/booking-modular-monolith,https://github.com/meysamhadeli/booking-modular-monolith,2022,C#,User,405,77,2022-05-15T12:59:33Z,"Modular Monolith"
itlibrium/DDD-starter-dotnet,https://github.com/itlibrium/DDD-starter-dotnet,2019,C#,Organization,400,30,2019-05-08T17:11:42Z,"Hexagonal Architecture"
vladikk/learning-ddd,https://github.com/vladikk/learning-ddd,2021,TypeScript,User,394,60,2021-10-13T11:33:22Z,"Event-Driven Architecture"
meysamhadeli/shop-golang-microservices,https://github.com/meysamhadeli/shop-golang-microservices,2022,Go,User,390,61,2022-08-08T11:47:37Z,Microservices
TanvirArjel/CleanArchitecture,https://github.com/TanvirArjel/CleanArchitecture,2020,C#,User,388,54,2020-04-01T15:43:12Z,"Clean Architecture"
mehdihadeli/food-delivery-modular-monolith,https://github.com/mehdihadeli/food-delivery-modular-monolith,2022,C#,User,386,58,2022-05-11T09:47:58Z,"Onion Architecture"
ttulka/ddd-example-ecommerce,https://github.com/ttulka/ddd-example-ecommerce,2020,Java,User,386,88,2020-04-11T07:23:36Z,"Hexagonal Architecture"
pawelkaczor/ddd-leaven-akka-v2,https://github.com/pawelkaczor/ddd-leaven-akka-v2,2015,Scala,User,384,69,2015-01-03T22:47:04Z,CQRS
Orphail/laravel-ddd,https://github.com/Orphail/laravel-ddd,2022,PHP,User,379,69,2022-08-11T10:52:40Z,"Clean Architecture"
daxnet/Apworks,https://github.com/daxnet/Apworks,2012,C#,User,371,135,2012-12-06T13:45:51Z,CQRS
eclipse-ee4j/cargotracker,https://github.com/eclipse-ee4j/cargotracker,2019,JavaScript,Organization,366,167,2019-09-13T13:40:45Z,"Layered Architecture"
sheng-jie/LearningMpaAbp,https://github.com/sheng-jie/LearningMpaAbp,2016,JavaScript,User,363,140,2016-11-28T23:17:47Z,"Layered Architecture"
platformplatform/PlatformPlatform,https://github.com/platformplatform/PlatformPlatform,2023,TypeScript,Organization,363,44,2023-04-19T14:27:10Z,"Vertical Slice Architecture"
falberthen/EcommerceDDD,https://github.com/falberthen/EcommerceDDD,2020,C#,User,362,63,2020-09-28T23:36:18Z,"Clean Architecture"
bitloops/bitloops-language,https://github.com/bitloops/bitloops-language,2022,TypeScript,Organization,359,19,2022-08-09T09:01:23Z,"Clean Architecture"
idugalic/micro-company,https://github.com/idugalic/micro-company,2016,JavaScript,User,358,141,2016-04-13T11:43:49Z,CQRS
pawelkaczor/akka-ddd,https://github.com/pawelkaczor/akka-ddd,2014,Scala,User,358,60,2014-10-20T07:08:54Z,"Event-Driven Architecture"
mtarld/apip-ddd,https://github.com/mtarld/apip-ddd,2022,PHP,User,357,58,2022-03-08T08:49:23Z,"Hexagonal Architecture"
draphyz/DDD,https://github.com/draphyz/DDD,2018,C#,User,355,39,2018-01-16T17:42:06Z,"Onion Architecture"
twzhangyang/RestAirline,https://github.com/twzhangyang/RestAirline,2018,C#,User,353,71,2018-05-13T07:31:09Z,CQRS
pereiren/dotnet-template-onion,https://github.com/pereiren/dotnet-template-onion,2021,C#,User,350,81,2021-01-16T17:31:51Z,"Onion Architecture"
mploed/ddd-strategic-design-spring-boot,https://github.com/mploed/ddd-strategic-design-spring-boot,2016,Java,User,345,133,2016-09-07T14:17:44Z,"Layered Architecture"
anton-liauchuk/educational-platform,https://github.com/anton-liauchuk/educational-platform,2019,Java,User,342,76,2019-10-06T17:51:58Z,"Layered Architecture"
ixre/cms,https://github.com/ixre/cms,2014,C#,User,341,171,2014-05-12T09:45:31Z,"Layered Architecture"
eyazici90/go-ddd,https://github.com/eyazici90/go-ddd,2020,Go,User,337,35,2020-09-02T07:56:41Z,"Onion Architecture"
dddplus/dddplus-demo,https://github.com/dddplus/dddplus-demo,2020,Java,Organization,335,130,2020-10-12T03:36:09Z,"Layered Architecture"
NeuCharFramework/NCF,https://github.com/NeuCharFramework/NCF,2020,JavaScript,Organization,335,137,2020-07-28T11:14:37Z,"Layered Architecture"
henriquelourente/Domain-Driven-Design-Sample,https://github.com/henriquelourente/Domain-Driven-Design-Sample,2020,C#,User,330,44,2020-01-12T17:52:04Z,"Layered Architecture"
quangdangfit/goshop,https://github.com/quangdangfit/goshop,2020,Go,User,329,75,2020-07-20T03:29:06Z,"Layered Architecture"
mizrael/OpenSleigh,https://github.com/mizrael/OpenSleigh,2020,C#,User,325,38,2020-12-30T22:44:11Z,"Event-Driven Architecture"
charlessolar/eShopOnContainersDDD,https://github.com/charlessolar/eShopOnContainersDDD,2018,C#,User,323,45,2018-04-20T13:16:34Z,CQRS
ivan-borovets/fastapi-clean-example,https://github.com/ivan-borovets/fastapi-clean-example,2024,Python,User,323,36,2024-11-04T17:10:18Z,"Clean Architecture"
humank/ddd-practitioners-ref,https://github.com/humank/ddd-practitioners-ref,2018,Java,User,320,87,2018-05-05T11:24:53Z,"Onion Architecture"
asc-lab/better-code-with-ddd,https://github.com/asc-lab/better-code-with-ddd,2019,C#,Organization,320,64,2019-12-13T06:29:01Z,"Onion Architecture"
dddplus/dddplus,https://github.com/dddplus/dddplus,2020,Java,Organization,319,103,2020-10-12T00:33:05Z,"Layered Architecture"
idugalic/digital-restaurant,https://github.com/idugalic/digital-restaurant,2018,Kotlin,User,318,91,2018-05-29T08:16:57Z,"Event-Driven Architecture"
ardalis/ddd-vet-sample,https://github.com/ardalis/ddd-vet-sample,2013,C#,User,315,85,2013-07-02T00:38:21Z,"Onion Architecture"
EgorBo/CrossChat-Xamarin.Forms,https://github.com/EgorBo/CrossChat-Xamarin.Forms,2014,C#,User,315,137,2014-06-02T08:54:42Z,"Layered Architecture"
daxnet/ByteartRetail,https://github.com/daxnet/ByteartRetail,2012,C#,User,310,161,2012-11-08T00:58:05Z,"Layered Architecture"
aws-samples/designing-cloud-native-microservices-on-aws,https://github.com/aws-samples/designing-cloud-native-microservices-on-aws,2019,Java,Organization,310,80,2019-12-13T18:15:07Z,"Onion Architecture"
netcorepal/netcorepal-cloud-framework,https://github.com/netcorepal/netcorepal-cloud-framework,2021,C#,Organization,310,74,2021-11-06T06:21:27Z,"Clean Architecture"
SSWConsulting/SSW.VerticalSliceArchitecture,https://github.com/SSWConsulting/SSW.VerticalSliceArchitecture,2023,C#,Organization,308,32,2023-09-20T05:01:43Z,"Vertical Slice Architecture"
jkazama/ddd-java,https://github.com/jkazama/ddd-java,2014,Java,User,307,72,2014-11-25T09:00:24Z,"Layered Architecture"
marcoturi/fastify-boilerplate,https://github.com/marcoturi/fastify-boilerplate,2024,TypeScript,User,303,31,2024-06-09T22:20:44Z,"Clean Architecture"
thangchung/practical-dapr,https://github.com/thangchung/practical-dapr,2020,C#,User,303,67,2020-02-29T09:06:32Z,"Clean Architecture"
4lessandrodev/type-ddd,https://github.com/4lessandrodev/type-ddd,2021,TypeScript,User,302,17,2021-04-23T04:26:38Z,"Clean Architecture"
sculptor/sculptor,https://github.com/sculptor/sculptor,2013,Java,Organization,299,79,2013-01-19T23:06:11Z,"Layered Architecture"
dmart28/reveno,https://github.com/dmart28/reveno,2015,Java,User,298,75,2015-04-03T19:42:16Z,CQRS
PacktPublishing/Domain-Driven-Design-with-GoLang,https://github.com/PacktPublishing/Domain-Driven-Design-with-GoLang,2022,Go,Organization,297,77,2022-06-22T12:18:56Z,"Layered Architecture"
52ABP/52ABP.Template,https://github.com/52ABP/52ABP.Template,2018,JavaScript,Organization,296,93,2018-02-19T16:13:29Z,"Layered Architecture"
leopro/trip-planner,https://github.com/leopro/trip-planner,2014,PHP,User,290,37,2014-06-07T14:21:14Z,"Layered Architecture"
oskardudycz/GoldenEye,https://github.com/oskardudycz/GoldenEye,2015,C#,User,289,47,2015-12-29T10:45:18Z,CQRS
takashabe/go-ddd-sample,https://github.com/takashabe/go-ddd-sample,2017,Go,User,289,44,2017-12-05T13:54:44Z,"Layered Architecture"
cloudnative-netcore/netcorekit,https://github.com/cloudnative-netcore/netcorekit,2018,C#,Organization,289,69,2018-08-11T07:24:00Z,"Clean Architecture"
daoqidelv/community-ddd-demo,https://github.com/daoqidelv/community-ddd-demo,2017,Java,User,284,149,2017-09-17T09:42:06Z,"Layered Architecture"
Baroshem/microservice-template,https://github.com/Baroshem/microservice-template,2021,TypeScript,User,284,41,2021-01-12T13:09:02Z,CQRS
xiajingren/HelloAbp,https://github.com/xiajingren/HelloAbp,2020,C#,User,282,61,2020-08-11T02:07:28Z,"Layered Architecture"
alugili/ModernArchitectureShop,https://github.com/alugili/ModernArchitectureShop,2020,C#,User,279,62,2020-08-20T11:00:16Z,"Clean Architecture"
SamWarden/user_service,https://github.com/SamWarden/user_service,2022,Python,User,277,17,2022-12-27T23:23:48Z,"Clean Architecture"
wkrzywiec/library-hexagonal,https://github.com/wkrzywiec/library-hexagonal,2020,Java,User,273,57,2020-04-29T18:41:36Z,"Hexagonal Architecture"
thenativeweb/node-cqrs-domain,https://github.com/thenativeweb/node-cqrs-domain,2012,JavaScript,Organization,271,53,2012-05-04T10:57:54Z,CQRS
INNVTV/NetCore-Clean-Architecture,https://github.com/INNVTV/NetCore-Clean-Architecture,2018,C#,User,271,68,2018-12-07T18:49:56Z,"Clean Architecture"
jdomenechb/rust-ddd-example,https://github.com/jdomenechb/rust-ddd-example,2019,Rust,User,271,23,2019-05-04T18:46:12Z,"Layered Architecture"
ngs-doo/revenj,https://github.com/ngs-doo/revenj,2014,C#,Organization,270,43,2014-02-01T17:03:15Z,"Layered Architecture"
Ahoo-Wang/Wow,https://github.com/Ahoo-Wang/Wow,2023,Kotlin,User,268,37,2023-04-15T05:28:03Z,CQRS
prooph/event-sourcing,https://github.com/prooph/event-sourcing,2014,PHP,Organization,267,42,2014-06-06T20:44:06Z,"Event-Driven Architecture"
otaviolemos/thewisepad-core,https://github.com/otaviolemos/thewisepad-core,2021,TypeScript,User,266,51,2021-01-04T11:21:52Z,"Clean Architecture"
baratgabor/MyWarehouse,https://github.com/baratgabor/MyWarehouse,2021,C#,User,266,69,2021-02-07T20:53:29Z,"Clean Architecture"
fraktalio/fmodel,https://github.com/fraktalio/fmodel,2021,Kotlin,Organization,266,13,2021-03-15T19:54:58Z,CQRS
SamHatoum/typescript-event-sourcing,https://github.com/SamHatoum/typescript-event-sourcing,2020,TypeScript,User,262,32,2020-05-10T15:18:24Z,"Event-Driven Architecture"
linux-china/ddd-base,https://github.com/linux-china/ddd-base,2014,Java,User,262,81,2014-11-17T10:28:19Z,"Layered Architecture"
meysamhadeli/booking-microservices-expressjs,https://github.com/meysamhadeli/booking-microservices-expressjs,2023,TypeScript,User,259,40,2023-09-01T19:35:50Z,"Vertical Slice Architecture"
charlessolar/TodoMVC-DDD-CQRS-EventSourcing,https://github.com/charlessolar/TodoMVC-DDD-CQRS-EventSourcing,2018,C#,User,258,32,2018-04-03T15:54:58Z,CQRS
fairnesscoop/permacoop,https://github.com/fairnesscoop/permacoop,2019,TypeScript,Organization,257,38,2019-11-24T12:20:42Z,"Hexagonal Architecture"
j5ik2o/spetstore,https://github.com/j5ik2o/spetstore,2014,JavaScript,User,257,25,2014-01-03T18:34:24Z,"Layered Architecture"
prooph/proophessor-do,https://github.com/prooph/proophessor-do,2015,JavaScript,Organization,256,65,2015-05-04T19:45:20Z,CQRS
xlorne/springboot-ddd-demo,https://github.com/xlorne/springboot-ddd-demo,2020,Java,User,255,71,2020-01-03T05:40:26Z,"Layered Architecture"
ivanpaulovich/dotnet-new-caju,https://github.com/ivanpaulovich/dotnet-new-caju,2017,C#,User,251,35,2017-12-11T11:56:28Z,"Clean Architecture"
ContextMapper/context-mapper-dsl,https://github.com/ContextMapper/context-mapper-dsl,2018,Java,Organization,241,36,2018-10-19T13:03:03Z,"Layered Architecture"
meysamhadeli/booking-microservices-nestjs,https://github.com/meysamhadeli/booking-microservices-nestjs,2023,TypeScript,User,240,48,2023-11-23T13:54:09Z,CQRS
maciejwalkowiak/implementing-ddd-with-spring-talk,https://github.com/maciejwalkowiak/implementing-ddd-with-spring-talk,2024,Java,User,234,81,2024-06-04T10:46:59Z,"Layered Architecture"
SneakyPeet/EasyEventSourcing,https://github.com/SneakyPeet/EasyEventSourcing,2016,C#,User,233,51,2016-04-16T19:10:32Z,"Event-Driven Architecture"
phuhao00/greatestworks,https://github.com/phuhao00/greatestworks,2022,Go,User,233,46,2022-07-07T15:37:29Z,"Onion Architecture"
alexalvess/aurora-api-project,https://github.com/alexalvess/aurora-api-project,2018,C#,User,230,76,2018-04-08T19:06:04Z,"Hexagonal Architecture"
Raiffeisen-DGTL/ViennaNET,https://github.com/Raiffeisen-DGTL/ViennaNET,2019,C#,Organization,230,37,2019-12-11T04:10:53Z,"Onion Architecture"
mikolaj-jankowski/Clean-Architecture-And-Domain-Driven-Design-Solution-Template,https://github.com/mikolaj-jankowski/Clean-Architecture-And-Domain-Driven-Design-Solution-Template,2024,C#,User,230,24,2024-07-02T12:20:36Z,"Clean Architecture"
xsreality/spring-modulith-with-ddd,https://github.com/xsreality/spring-modulith-with-ddd,2023,Java,User,229,31,2023-11-03T22:21:01Z,"Layered Architecture"
jakubnabrdalik/hentai,https://github.com/jakubnabrdalik/hentai,2017,Java,User,228,50,2017-05-12T14:25:02Z,"Hexagonal Architecture"
ocoda/event-sourcing,https://github.com/ocoda/event-sourcing,2022,TypeScript,Organization,226,15,2022-07-22T21:28:45Z,CQRS
junkai-li/NetCoreKevin,https://github.com/junkai-li/NetCoreKevin,2022,C#,User,225,58,2022-01-14T03:10:58Z,"Layered Architecture"
abpframework/eventhub,https://github.com/abpframework/eventhub,2021,C#,Organization,223,109,2021-01-16T13:12:58Z,"Layered Architecture"
yehohanan7/flux,https://github.com/yehohanan7/flux,2016,Go,User,218,12,2016-12-13T18:04:39Z,CQRS
PacktPublishing/Designing-Hexagonal-Architecture-with-Java,https://github.com/PacktPublishing/Designing-Hexagonal-Architecture-with-Java,2021,Java,Organization,218,135,2021-03-31T11:20:35Z,"Hexagonal Architecture"
elbandit/PPPDDD,https://github.com/elbandit/PPPDDD,2014,C#,User,215,76,2014-09-17T09:54:31Z,"Layered Architecture"
knucklesuganda/py_assimilator,https://github.com/knucklesuganda/py_assimilator,2022,Python,User,215,8,2022-12-06T18:08:05Z,"Layered Architecture"
TryGhost/ActivityPub,https://github.com/TryGhost/ActivityPub,2024,TypeScript,Organization,215,21,2024-06-05T09:26:56Z,"Onion Architecture"
thecodewrapper/CH.CleanArchitecture,https://github.com/thecodewrapper/CH.CleanArchitecture,2021,JavaScript,User,214,48,2021-10-29T12:04:17Z,"Clean Architecture"
pawelkaczor/ddd-leaven-akka,https://github.com/pawelkaczor/ddd-leaven-akka,2014,Scala,User,213,34,2014-04-09T10:30:00Z,CQRS
pkardas/notes,https://github.com/pkardas/notes,2021,Python,User,212,39,2021-01-27T21:27:07Z,Inconsistent
jamuhl/nodeCQRS,https://github.com/jamuhl/nodeCQRS,2011,JavaScript,User,211,39,2011-08-30T10:22:06Z,CQRS
anwu4/enode,https://github.com/anwu4/enode,2019,Kotlin,User,210,55,2019-01-11T13:06:11Z,"Event-Driven Architecture"
sandokandias/spring-boot-ddd,https://github.com/sandokandias/spring-boot-ddd,2017,Java,User,208,62,2017-06-30T02:13:15Z,"Onion Architecture"
andrewwebber/cqrs,https://github.com/andrewwebber/cqrs,2014,Go,User,207,24,2014-09-14T11:43:11Z,CQRS
daxnet/apworks-core,https://github.com/daxnet/apworks-core,2016,C#,User,203,57,2016-12-11T14:21:46Z,"Event-Driven Architecture"
meixuesong/aggregate-persistence,https://github.com/meixuesong/aggregate-persistence,2019,Java,User,203,61,2019-09-18T01:08:10Z,"Layered Architecture"
OKTAYKIR/EventFlow.Example,https://github.com/OKTAYKIR/EventFlow.Example,2019,C#,User,202,42,2019-11-20T16:21:57Z,CQRS
webdevilopers/php-ddd,https://github.com/webdevilopers/php-ddd,2016,PHP,User,200,11,2016-04-18T06:27:17Z,CQRS
Dasync/Dasync,https://github.com/Dasync/Dasync,2018,C#,Organization,195,24,2018-04-30T04:20:03Z,"Event-Driven Architecture"
dustinsand/hex-arch-kotlin-spring-boot,https://github.com/dustinsand/hex-arch-kotlin-spring-boot,2018,Kotlin,User,194,28,2018-05-19T19:24:22Z,"Hexagonal Architecture"
eventuate-tram/eventuate-tram-examples-java-spring-todo-list,https://github.com/eventuate-tram/eventuate-tram-examples-java-spring-todo-list,2017,Java,Organization,193,96,2017-11-20T22:29:33Z,"Event-Driven Architecture"
ivanpaulovich/event-sourcing-jambo,https://github.com/ivanpaulovich/event-sourcing-jambo,2016,C#,User,191,68,2016-11-01T15:51:47Z,"Hexagonal Architecture"
AleksK1NG/Go-EventSourcing-CQRS,https://github.com/AleksK1NG/Go-EventSourcing-CQRS,2021,Go,User,191,37,2021-11-05T09:31:09Z,"Event-Driven Architecture"
CodelyTV/awesome-typescript-examples,https://github.com/CodelyTV/awesome-typescript-examples,2022,TypeScript,Organization,190,34,2022-04-26T15:52:50Z,"Layered Architecture"
jacqueskang/EventSourcing,https://github.com/jacqueskang/EventSourcing,2018,C#,User,189,31,2018-11-12T08:20:07Z,"Event-Driven Architecture"
JacobsDataSolutions/OrgManager,https://github.com/JacobsDataSolutions/OrgManager,2020,C#,User,189,53,2020-01-20T01:13:39Z,"Clean Architecture"
alexeyzimarev/ddd-book,https://github.com/alexeyzimarev/ddd-book,2018,C#,User,186,35,2018-06-10T13:21:17Z,"Onion Architecture"
patchlevel/event-sourcing,https://github.com/patchlevel/event-sourcing,2020,PHP,Organization,185,8,2020-11-19T18:37:37Z,"Event-Driven Architecture"
PHPMessageBus/messagebus,https://github.com/PHPMessageBus/messagebus,2016,PHP,Organization,184,6,2016-04-11T08:53:53Z,CQRS
kreta/Kreta,https://github.com/kreta/Kreta,2014,PHP,Organization,184,15,2014-10-10T15:08:10Z,CQRS
Microservice-API-Patterns/LakesideMutual,https://github.com/Microservice-API-Patterns/LakesideMutual,2018,Java,Organization,182,112,2018-11-29T15:30:34Z,"Layered Architecture"
boldradius/akka-dddd-template,https://github.com/boldradius/akka-dddd-template,2015,Scala,Organization,179,50,2015-02-25T13:35:09Z,CQRS
go2ismail/ASP.NET-FullStack-BackEnd-FrontEnd,https://github.com/go2ismail/ASP.NET-FullStack-BackEnd-FrontEnd,2024,JavaScript,User,179,51,2024-10-24T11:12:57Z,"Clean Architecture"
Elders/Cronus,https://github.com/Elders/Cronus,2013,C#,Organization,176,25,2013-09-04T09:35:21Z,"Event-Driven Architecture"
statefulj/statefulj,https://github.com/statefulj/statefulj,2014,Java,User,175,49,2014-09-27T20:45:14Z,"Event-Driven Architecture"
CodelyTV/csharp-ddd-skeleton,https://github.com/CodelyTV/csharp-ddd-skeleton,2019,C#,Organization,175,36,2019-09-25T09:19:46Z,"Hexagonal Architecture"
Re-engineering-Domain-Driven-Design/Accounting,https://github.com/Re-engineering-Domain-Driven-Design/Accounting,2022,Java,Organization,175,55,2022-06-11T22:40:21Z,"Layered Architecture"
avthart/spring-boot-axon-sample,https://github.com/avthart/spring-boot-axon-sample,2014,Java,User,173,87,2014-02-23T07:12:15Z,CQRS
SSWConsulting/SSW.CleanArchitecture,https://github.com/SSWConsulting/SSW.CleanArchitecture,2023,C#,Organization,170,31,2023-03-12T22:33:45Z,"Clean Architecture"
szjani/predaddy,https://github.com/szjani/predaddy,2013,PHP,User,169,6,2013-05-17T18:09:29Z,"Event-Driven Architecture"
BottegaIT/ddd-cqrs-sample,https://github.com/BottegaIT/ddd-cqrs-sample,2012,Java,Organization,163,61,2012-02-06T23:23:17Z,CQRS
alejandro-yakovlev/symfony-docker,https://github.com/alejandro-yakovlev/symfony-docker,2022,PHP,User,163,47,2022-02-15T18:08:57Z,"Clean Architecture"
lechatquidanse/bicing-api,https://github.com/lechatquidanse/bicing-api,2018,PHP,User,162,16,2018-02-15T17:09:24Z,CQRS
litenova/LiteBus,https://github.com/litenova/LiteBus,2020,C#,User,162,12,2020-12-04T00:14:35Z,"Clean Architecture"
kedzior-io/fat-slice-architecture,https://github.com/kedzior-io/fat-slice-architecture,2024,C#,User,159,13,2024-01-09T22:37:31Z,CQRS
madetech/clean-architecture,https://github.com/madetech/clean-architecture,2016,Ruby,Organization,158,15,2016-12-13T16:21:26Z,"Clean Architecture"
FilipeMata/clean_architecture_typescript_example,https://github.com/FilipeMata/clean_architecture_typescript_example,2020,TypeScript,User,157,20,2020-07-17T11:26:36Z,"Clean Architecture"
zhuravlevma/typescript-ddd-architecture,https://github.com/zhuravlevma/typescript-ddd-architecture,2023,TypeScript,User,157,9,2023-04-25T17:49:38Z,"Clean Architecture"
wjkhappy14/Abp.VNext.Hello,https://github.com/wjkhappy14/Abp.VNext.Hello,2020,C#,User,156,42,2020-03-16T01:43:32Z,"Layered Architecture"
vany0114/microservices-dotnetcore-docker-sf-k8s,https://github.com/vany0114/microservices-dotnetcore-docker-sf-k8s,2018,C#,User,155,55,2018-03-21T03:57:11Z,Microservices
cesarcastrocuba/nlayerappv3,https://github.com/cesarcastrocuba/nlayerappv3,2017,C#,User,155,52,2017-06-10T17:00:46Z,"Layered Architecture"
mirzaakhena/gogen,https://github.com/mirzaakhena/gogen,2020,Go,User,154,34,2020-09-06T09:31:45Z,"Clean Architecture"
lunarstorm/laravel-ddd,https://github.com/lunarstorm/laravel-ddd,2023,PHP,Organization,153,17,2023-01-17T20:58:14Z,"Layered Architecture"
modernice/goes,https://github.com/modernice/goes,2021,Go,Organization,152,17,2021-01-12T18:39:22Z,"Event-Driven Architecture"
AdrianLopezGue/daruma-backend,https://github.com/AdrianLopezGue/daruma-backend,2020,TypeScript,User,151,21,2020-03-17T20:42:18Z,"Hexagonal Architecture"
zhongjinggz/geekdemo,https://github.com/zhongjinggz/geekdemo,2023,Java,User,151,61,2023-04-02T09:14:40Z,"Layered Architecture"
thenativeweb/cqrs-sample,https://github.com/thenativeweb/cqrs-sample,2012,JavaScript,Organization,150,51,2012-12-05T10:24:15Z,CQRS
minhsangdotcom/clean-architecture,https://github.com/minhsangdotcom/clean-architecture,2025,C#,User,150,40,2025-01-20T09:16:11Z,"Clean Architecture"
JonathanM2ndoza/Hexagonal-Architecture-DDD,https://github.com/JonathanM2ndoza/Hexagonal-Architecture-DDD,2020,Java,User,148,31,2020-05-22T21:12:47Z,"Hexagonal Architecture"
RayWangQvQ/RayPI,https://github.com/RayWangQvQ/RayPI,2018,C#,User,147,47,2018-07-03T08:57:18Z,"Layered Architecture"
evgenirusev/.NET-Domain-Driven-Design-Template,https://github.com/evgenirusev/.NET-Domain-Driven-Design-Template,2024,C#,User,147,23,2024-05-26T15:37:46Z,"Clean Architecture"
fraktalio/fmodel-ts,https://github.com/fraktalio/fmodel-ts,2021,TypeScript,Organization,146,12,2021-09-01T17:42:29Z,CQRS
ivanpaulovich/ddd-tdd-rich-domain-model-dojo-kata,https://github.com/ivanpaulovich/ddd-tdd-rich-domain-model-dojo-kata,2018,C#,User,146,26,2018-06-16T10:15:12Z,"Clean Architecture"
v-checha/nestjs-template,https://github.com/v-checha/nestjs-template,2025,TypeScript,User,145,47,2025-03-27T11:08:56Z,"Clean Architecture"
CodelyTV/go-hexagonal_http_api-course,https://github.com/CodelyTV/go-hexagonal_http_api-course,2020,Go,Organization,144,67,2020-10-09T15:32:56Z,"Hexagonal Architecture"
jeangatto/ASP.NET-Core-Vertical-Slice-Architecture,https://github.com/jeangatto/ASP.NET-Core-Vertical-Slice-Architecture,2023,C#,User,144,15,2023-09-09T20:18:45Z,"Vertical Slice Architecture"
andrea-acampora/nestjs-ddd-devops,https://github.com/andrea-acampora/nestjs-ddd-devops,2025,TypeScript,User,143,22,2025-01-15T12:50:07Z,"Clean Architecture"
dddshelf/cheeper-ddd-cqrs-example,https://github.com/dddshelf/cheeper-ddd-cqrs-example,2020,PHP,Organization,142,20,2020-05-21T17:41:58Z,"Hexagonal Architecture"
ivaylokenov/Domain-Driven-Design-with-ASP.NET-Core-Microservices,https://github.com/ivaylokenov/Domain-Driven-Design-with-ASP.NET-Core-Microservices,2020,C#,User,142,28,2020-08-29T09:01:56Z,"Layered Architecture"
stackus/ftgogo,https://github.com/stackus/ftgogo,2021,Go,User,141,21,2021-01-07T04:56:50Z,"Event-Driven Architecture"
sksmith/go-micro-example,https://github.com/sksmith/go-micro-example,2021,Go,User,141,17,2021-06-25T23:30:51Z,"Hexagonal Architecture"
sukjaelee/clean_axum_demo,https://github.com/sukjaelee/clean_axum_demo,2025,Rust,User,140,23,2025-04-17T08:18:14Z,"Clean Architecture"
KrawMire/profitocracy,https://github.com/KrawMire/profitocracy,2022,C#,User,138,31,2022-12-16T15:13:30Z,"Clean Architecture"
4lessandrodev/rich-domain,https://github.com/4lessandrodev/rich-domain,2022,TypeScript,User,137,9,2022-07-13T19:37:32Z,"Onion Architecture"
carlossalasamper/react-native-clean-architecture,https://github.com/carlossalasamper/react-native-clean-architecture,2022,TypeScript,User,136,29,2022-10-23T17:35:22Z,"Clean Architecture"
absmach/magistrala,https://github.com/absmach/magistrala,2024,Go,Organization,136,45,2024-11-01T08:37:34Z,"Layered Architecture"
CodelyTV/typescript-ddd-course,https://github.com/CodelyTV/typescript-ddd-course,2021,TypeScript,Organization,135,31,2021-06-10T16:24:06Z,"Hexagonal Architecture"
FinAegis/core-banking-prototype-laravel,https://github.com/FinAegis/core-banking-prototype-laravel,2024,PHP,Organization,135,19,2024-08-14T16:54:26Z,"Onion Architecture"
DeluxeOwl/chronicle,https://github.com/DeluxeOwl/chronicle,2025,Go,User,135,1,2025-05-19T10:21:04Z,"Event-Driven Architecture"
osstotalsoft/nbb,https://github.com/osstotalsoft/nbb,2019,C#,Organization,134,14,2019-01-18T08:30:22Z,"Clean Architecture"
AleksK1NG/Java-Spring-CRQS-Eventsourcing-Microservice,https://github.com/AleksK1NG/Java-Spring-CRQS-Eventsourcing-Microservice,2022,Java,User,134,34,2022-04-13T13:26:12Z,CQRS
codingapi/springboot-framework,https://github.com/codingapi/springboot-framework,2021,Java,Organization,134,48,2021-09-01T01:02:51Z,"Layered Architecture"
dasiths/NEventLite,https://github.com/dasiths/NEventLite,2016,C#,User,133,19,2016-10-29T19:12:10Z,"Event-Driven Architecture"
fraktalio/order-demo,https://github.com/fraktalio/order-demo,2020,Java,Organization,133,35,2020-10-11T09:33:48Z,CQRS
bencagri/symfony-ddd,https://github.com/bencagri/symfony-ddd,2018,PHP,User,131,30,2018-03-10T18:13:35Z,"Layered Architecture"
RedElastic/reactive-stock-trader,https://github.com/RedElastic/reactive-stock-trader,2018,Java,Organization,129,46,2018-12-03T19:01:21Z,"Event-Driven Architecture"
thisisagile/easy,https://github.com/thisisagile/easy,2020,TypeScript,Organization,129,19,2020-10-31T11:58:31Z,"Layered Architecture"
bringmeister/ddd-with-kotlin,https://github.com/bringmeister/ddd-with-kotlin,2018,Kotlin,Organization,128,27,2018-05-04T12:46:22Z,"Event-Driven Architecture"
yceruto/symfony-ddd-skeleton,https://github.com/yceruto/symfony-ddd-skeleton,2017,PHP,User,127,24,2017-08-29T01:09:40Z,"Hexagonal Architecture"
mehmetozkaya/EshopModularMonoliths,https://github.com/mehmetozkaya/EshopModularMonoliths,2024,C#,User,127,49,2024-07-14T08:23:33Z,"Modular Monolith with Vertical Slice Architecture"
baranacikgoz/modular-monolith-ddd-vsa-webapi,https://github.com/baranacikgoz/modular-monolith-ddd-vsa-webapi,2023,C#,User,127,12,2023-10-26T19:20:31Z,"Clean Architecture"
netcorebcn/quiz,https://github.com/netcorebcn/quiz,2017,C#,Organization,125,39,2017-02-21T23:00:47Z,"Event-Driven Architecture"
matt-bentley/CleanArchitecture,https://github.com/matt-bentley/CleanArchitecture,2023,C#,User,125,36,2023-09-05T13:24:35Z,"Clean Architecture"
MainfluxLabs/mainflux,https://github.com/MainfluxLabs/mainflux,2022,Go,Organization,124,34,2022-08-05T14:42:52Z,"Layered Architecture"
Perhap/perhap,https://github.com/Perhap/perhap,2017,Elixir,Organization,123,7,2017-05-27T23:45:23Z,"Event-Driven Architecture"
Kation/ComBoost,https://github.com/Kation/ComBoost,2014,C#,User,123,41,2014-04-27T06:47:17Z,"Onion Architecture"
BasicWolf/hexagonal-architecture-django,https://github.com/BasicWolf/hexagonal-architecture-django,2020,Python,User,123,31,2020-12-06T15:07:46Z,"Hexagonal Architecture"
techmely/tickup,https://github.com/techmely/tickup,2023,TypeScript,Organization,123,44,2023-11-10T05:02:00Z,"Clean Architecture"
Hive-Academy/Anubis-MCP,https://github.com/Hive-Academy/Anubis-MCP,2025,TypeScript,Organization,123,14,2025-05-17T11:03:16Z,"Clean Architecture"
jkazama/sample-boot-jpa,https://github.com/jkazama/sample-boot-jpa,2015,Java,User,122,43,2015-08-26T10:53:21Z,"Layered Architecture"
KostaVlev/Wilson,https://github.com/KostaVlev/Wilson,2017,C#,User,122,59,2017-01-23T16:15:11Z,"Layered Architecture"
sheng-jie/UnitOfWork,https://github.com/sheng-jie/UnitOfWork,2017,C#,User,122,46,2017-08-05T00:34:54Z,"Layered Architecture"
chatbotgang/go-clean-arch,https://github.com/chatbotgang/go-clean-arch,2022,Go,Organization,122,6,2022-07-18T02:50:12Z,"Clean Architecture"
ngaxavi/nest-cqrs,https://github.com/ngaxavi/nest-cqrs,2019,TypeScript,User,119,13,2019-11-24T11:05:07Z,CQRS
PacktPublishing/Software-Architecture-with-C-Sharp-12-and-.NET-8-4E,https://github.com/PacktPublishing/Software-Architecture-with-C-Sharp-12-and-.NET-8-4E,2023,C#,Organization,119,61,2023-02-28T13:39:06Z,"Layered Architecture"
marcinstelmach/Ecommerce.Api,https://github.com/marcinstelmach/Ecommerce.Api,2018,C#,User,119,27,2018-09-21T17:03:07Z,"Layered Architecture"
jaceshim/springcamp2017,https://github.com/jaceshim/springcamp2017,2017,Java,User,118,39,2017-03-21T12:06:31Z,CQRS
mohammadKarimi/SwiftLink,https://github.com/mohammadKarimi/SwiftLink,2024,C#,User,118,28,2024-01-08T10:37:41Z,"Onion Architecture"
MiCake/MiCake,https://github.com/MiCake/MiCake,2019,C#,Organization,117,7,2019-11-01T10:11:24Z,"Onion Architecture"
NilavPatel/dotnet-onion-architecture,https://github.com/NilavPatel/dotnet-onion-architecture,2021,C#,User,117,20,2021-05-27T05:04:17Z,"Onion Architecture"
tk-codes/uno,https://github.com/tk-codes/uno,2015,Java,User,117,42,2015-06-10T19:16:22Z,"Layered Architecture"
tangxuehua/Conference,https://github.com/tangxuehua/Conference,2014,C#,User,116,71,2014-11-02T07:28:46Z,CQRS
netcorepal/d3shop,https://github.com/netcorepal/d3shop,2024,C#,Organization,115,35,2024-09-09T12:25:45Z,"Onion Architecture"
suxrobGM/logistics-app,https://github.com/suxrobGM/logistics-app,2021,C#,User,113,41,2021-11-27T20:07:41Z,"Clean Architecture"
prooph/pdo-event-store,https://github.com/prooph/pdo-event-store,2016,PHP,Organization,111,59,2016-11-03T12:58:43Z,CQRS
lornshrimp/Lorn.ADSP,https://github.com/lornshrimp/Lorn.ADSP,2015,C#,User,111,53,2015-02-02T06:17:08Z,"Onion Architecture"
gizemcifguvercin/E-News,https://github.com/gizemcifguvercin/E-News,2020,C#,User,110,5,2020-12-05T09:05:51Z,"Event-Driven Architecture"
kamilbaczek/Modular-monolith-by-example,https://github.com/kamilbaczek/Modular-monolith-by-example,2021,C#,User,110,7,2021-06-24T15:07:20Z,"Modular Monolith"
dolittle/Bifrost,https://github.com/dolittle/Bifrost,2012,C#,Organization,110,32,2012-01-18T12:06:46Z,CQRS
dr-marek-jaskula/DomainDrivenDesignUniversity,https://github.com/dr-marek-jaskula/DomainDrivenDesignUniversity,2022,C#,User,110,8,2022-10-16T11:58:34Z,"Clean Architecture"
prooph/event-store-symfony-bundle,https://github.com/prooph/event-store-symfony-bundle,2016,PHP,Organization,109,38,2016-07-28T11:36:57Z,CQRS
vgoldin/cqrs-eventsourcing-kafka,https://github.com/vgoldin/cqrs-eventsourcing-kafka,2016,Java,User,109,36,2016-10-26T09:07:39Z,CQRS
travel-cloud/Cheddar,https://github.com/travel-cloud/Cheddar,2014,Java,Organization,108,51,2014-08-14T18:50:56Z,"Hexagonal Architecture"
simara-svatopluk/cart,https://github.com/simara-svatopluk/cart,2017,PHP,User,107,11,2017-08-21T18:52:16Z,"Layered Architecture"
ecotoneframework/php-ddd-cqrs-event-sourcing-symfony-laravel-ecotone,https://github.com/ecotoneframework/php-ddd-cqrs-event-sourcing-symfony-laravel-ecotone,2021,PHP,Organization,107,23,2021-03-07T19:58:16Z,"Event-Driven Architecture"
TheBigBrainsCompany/symfony-cqrs-edition,https://github.com/TheBigBrainsCompany/symfony-cqrs-edition,2013,PHP,Organization,106,19,2013-08-24T15:09:00Z,CQRS
kalintsenkov/BettingSystem,https://github.com/kalintsenkov/BettingSystem,2020,C#,User,106,18,2020-11-04T17:38:42Z,"Clean Architecture"
synadia-labs/rita,https://github.com/synadia-labs/rita,2022,Go,Organization,106,8,2022-05-06T11:49:48Z,"Event-Driven Architecture"
SamHatoum/pojo-observer,https://github.com/SamHatoum/pojo-observer,2020,TypeScript,User,105,9,2020-02-01T20:05:14Z,"Clean Architecture"
ducmeit1/cqrswithmediatr,https://github.com/ducmeit1/cqrswithmediatr,2019,C#,User,104,45,2019-06-16T11:23:49Z,CQRS
xpzouying/go-clean-arch,https://github.com/xpzouying/go-clean-arch,2022,Go,User,103,7,2022-03-08T02:22:18Z,"Clean Architecture"
microsoft/paris,https://github.com/microsoft/paris,2017,TypeScript,Organization,102,13,2017-09-12T19:28:59Z,"Layered Architecture"
PanKunik/buber-dinner,https://github.com/PanKunik/buber-dinner,2022,C#,User,102,46,2022-06-10T10:47:56Z,"Clean Architecture"
XerProjects/Xer.Cqrs,https://github.com/XerProjects/Xer.Cqrs,2017,C#,Organization,101,8,2017-09-05T17:35:32Z,CQRS
jukylin/esim,https://github.com/jukylin/esim,2020,Go,User,101,24,2020-01-12T03:49:04Z,"Hexagonal Architecture"
ddd-by-examples/library-php,https://github.com/ddd-by-examples/library-php,2019,PHP,Organization,100,12,2019-10-26T08:55:52Z,"Layered Architecture"
get-eventually/go-eventually,https://github.com/get-eventually/go-eventually,2021,Go,Organization,100,5,2021-01-10T13:10:25Z,"Event-Driven Architecture"
alexandrebeato/bankflix,https://github.com/alexandrebeato/bankflix,2019,C#,User,98,17,2019-10-09T13:44:06Z,CQRS
gonozov0/go-ddd-template,https://github.com/gonozov0/go-ddd-template,2024,Go,User,98,11,2024-03-20T19:14:29Z,"Layered Architecture"
mxkh/symfony-api-platform-ddd-cqrs-boilerplate,https://github.com/mxkh/symfony-api-platform-ddd-cqrs-boilerplate,2020,PHP,User,97,26,2020-09-05T10:35:57Z,"Clean Architecture"
AleksK1NG/Go-CQRS-EventSourcing-Microservice,https://github.com/AleksK1NG/Go-CQRS-EventSourcing-Microservice,2022,Go,User,97,21,2022-05-10T13:23:15Z,CQRS
osoykan-archive/ProductContext-EventSourcing,https://github.com/osoykan-archive/ProductContext-EventSourcing,2018,C#,Organization,96,15,2018-03-12T14:34:03Z,"Event-Driven Architecture"
otaviolemos/twd-clean-architecture-api,https://github.com/otaviolemos/twd-clean-architecture-api,2020,TypeScript,User,96,21,2020-11-19T18:12:40Z,"Clean Architecture"
damianopetrungaro/clean-architecture,https://github.com/damianopetrungaro/clean-architecture,2017,PHP,User,95,20,2017-01-19T23:59:14Z,"Clean Architecture"
samsonasik/ci4-album,https://github.com/samsonasik/ci4-album,2020,PHP,User,95,21,2020-03-06T10:09:13Z,"Layered Architecture"
4lessandrodev/finance-project-ddd,https://github.com/4lessandrodev/finance-project-ddd,2021,TypeScript,User,95,17,2021-03-06T21:26:47Z,"Hexagonal Architecture"
practicalddd/practicaldddbook,https://github.com/practicalddd/practicaldddbook,2019,Java,User,94,62,2019-06-17T12:59:32Z,Microservices
agiledon/diamond,https://github.com/agiledon/diamond,2020,Java,User,93,31,2020-03-08T10:20:51Z,"Clean Architecture"
yerinadler/typescript-event-sourcing-sample-app,https://github.com/yerinadler/typescript-event-sourcing-sample-app,2021,TypeScript,User,93,20,2021-01-13T08:06:26Z,"Onion Architecture"
runemalm/ddd-for-python,https://github.com/runemalm/ddd-for-python,2021,Python,User,93,12,2021-03-14T09:36:15Z,"Hexagonal Architecture"
mguinea/laravel-ddd-example,https://github.com/mguinea/laravel-ddd-example,2021,PHP,User,93,18,2021-03-26T14:46:39Z,"Hexagonal Architecture"
hnaderi/edomata,https://github.com/hnaderi/edomata,2022,Scala,User,93,10,2022-02-23T12:13:08Z,"Event-Driven Architecture"
t-tiger/React-CleanArchitecture-Example,https://github.com/t-tiger/React-CleanArchitecture-Example,2019,TypeScript,User,91,8,2019-08-29T10:54:02Z,"Clean Architecture"
dayatang/hrm-demo,https://github.com/dayatang/hrm-demo,2013,Java,User,90,60,2013-08-30T08:35:53Z,"Layered Architecture"
LeftTwixWand/eShopOnWinUI,https://github.com/LeftTwixWand/eShopOnWinUI,2022,C#,User,90,9,2022-01-21T21:04:32Z,"Clean Architecture"
serverless-cqrs/serverless-cqrs,https://github.com/serverless-cqrs/serverless-cqrs,2018,TypeScript,Organization,89,3,2018-09-09T10:24:56Z,CQRS
alesimoes/hexagonal-clean-architecture,https://github.com/alesimoes/hexagonal-clean-architecture,2020,C#,User,89,18,2020-02-20T03:53:48Z,"Hexagonal Architecture"
Kun-GitHub/RuoYi-Go,https://github.com/Kun-GitHub/RuoYi-Go,2024,Go,User,89,20,2024-05-09T07:14:52Z,"Hexagonal Architecture"
PacktPublishing/Domain-Driven-Design-with-Java-A-Practitioner-s-Guide,https://github.com/PacktPublishing/Domain-Driven-Design-with-Java-A-Practitioner-s-Guide,2020,Java,Organization,89,50,2020-09-06T14:18:03Z,"Event-Driven Architecture"
MichalPaszkiewicz/cqrs-react-router,https://github.com/MichalPaszkiewicz/cqrs-react-router,2017,TypeScript,User,88,4,2017-05-13T13:22:26Z,CQRS
dnikolovv/cafe,https://github.com/dnikolovv/cafe,2019,C#,User,88,20,2019-03-16T14:37:43Z,CQRS
practicalddd/implementations,https://github.com/practicalddd/implementations,2019,Java,User,88,58,2019-09-20T17:32:33Z,CQRS
kimcuhoang/ddd-net-ef-core,https://github.com/kimcuhoang/ddd-net-ef-core,2019,C#,User,88,14,2019-10-08T08:42:36Z,"Clean Architecture"
appie2go/steal-this-code,https://github.com/appie2go/steal-this-code,2020,C#,User,88,20,2020-01-27T10:52:48Z,"Hexagonal Architecture"
nstoredev/NStore,https://github.com/nstoredev/NStore,2017,C#,Organization,88,16,2017-04-16T17:03:36Z,"Event-Driven Architecture"
AxonIQ/code-samples,https://github.com/AxonIQ/code-samples,2020,Java,Organization,88,22,2020-09-08T13:51:07Z,CQRS
TuralSuleymani/CTeleportAssignment,https://github.com/TuralSuleymani/CTeleportAssignment,2022,C#,User,88,4,2022-10-22T13:20:11Z,"Layered Architecture"
EduardoPires/IdentityIsolation,https://github.com/EduardoPires/IdentityIsolation,2015,C#,User,87,57,2015-09-13T06:00:50Z,"Layered Architecture"
SaaStacked/saastack,https://github.com/SaaStacked/saastack,2023,C#,Organization,87,21,2023-08-14T23:11:29Z,"Onion Architecture"
shahghasiadil/laravel-clean-architecture-ddd-cqrs,https://github.com/shahghasiadil/laravel-clean-architecture-ddd-cqrs,2024,PHP,User,87,19,2024-05-22T06:15:37Z,"Clean Architecture"
jeangatto/ASP.NET-Core-API-DDD-SOLID,https://github.com/jeangatto/ASP.NET-Core-API-DDD-SOLID,2021,C#,User,86,10,2021-02-19T17:06:37Z,"Clean Architecture"
envato/event_sourcery,https://github.com/envato/event_sourcery,2016,Ruby,Organization,85,10,2016-04-17T22:58:45Z,CQRS
jkazama/sample-boot-micro,https://github.com/jkazama/sample-boot-micro,2016,Java,User,85,34,2016-06-02T08:00:28Z,"Layered Architecture"
yuezhongxin/MessageManager,https://github.com/yuezhongxin/MessageManager,2014,C#,User,85,57,2014-06-01T00:51:32Z,"Layered Architecture"
hdimitrieski/e-shop,https://github.com/hdimitrieski/e-shop,2021,Java,User,85,46,2021-01-31T15:54:35Z,Microservices
MarcelMichau/fake-survey-generator,https://github.com/MarcelMichau/fake-survey-generator,2018,C#,User,84,17,2018-11-18T18:17:40Z,CQRS
fuinorg/ddd-4-java,https://github.com/fuinorg/ddd-4-java,2014,Java,Organization,84,18,2014-03-28T12:21:59Z,"Layered Architecture"
quyvu01/Anemoi_Open,https://github.com/quyvu01/Anemoi_Open,2024,C#,User,84,33,2024-11-04T14:35:38Z,CQRS
Qi4j/qi4j-sdk,https://github.com/Qi4j/qi4j-sdk,2010,Java,Organization,83,21,2010-11-27T05:56:57Z,"Layered Architecture"
devfullcycle/mba-domain-driven-design,https://github.com/devfullcycle/mba-domain-driven-design,2023,TypeScript,Organization,83,90,2023-07-10T13:59:08Z,"Onion Architecture"
pythonhubdev/flutter_ddd_firebase_auth,https://github.com/pythonhubdev/flutter_ddd_firebase_auth,2021,Dart,User,82,14,2021-07-07T15:20:30Z,"Layered Architecture"
EluciusFTW/CardGames,https://github.com/EluciusFTW/CardGames,2021,C#,User,82,5,2021-07-12T12:15:48Z,"Layered Architecture"
Romeh/spring-boot-akka-event-sourcing-starter,https://github.com/Romeh/spring-boot-akka-event-sourcing-starter,2018,Java,User,81,33,2018-04-18T17:30:10Z,"Event-Driven Architecture"
wechaty/friday,https://github.com/wechaty/friday,2019,TypeScript,Organization,81,20,2019-08-23T02:38:04Z,CQRS
Stepami/hydrascript,https://github.com/Stepami/hydrascript,2021,C#,User,79,6,2021-12-07T07:29:55Z,"Clean Architecture"
PacktPublishing/Clean-Architecture-with-Python,https://github.com/PacktPublishing/Clean-Architecture-with-Python,2024,Python,Organization,79,26,2024-07-26T13:14:55Z,"Clean Architecture"
smalaca/training-center-microservices,https://github.com/smalaca/training-center-microservices,2024,Java,User,79,11,2024-04-16T20:44:31Z,"Hexagonal Architecture"
almin/ddd-base,https://github.com/almin/ddd-base,2017,TypeScript,Organization,78,7,2017-08-26T09:17:43Z,"Layered Architecture"
VisionBling/clean-architecture,https://github.com/VisionBling/clean-architecture,2022,C#,Organization,78,49,2022-09-16T15:50:28Z,"Clean Architecture"
QuadrantIV/Graphix,https://github.com/QuadrantIV/Graphix,2024,TypeScript,User,78,10,2024-01-11T07:00:46Z,"Layered Architecture"
mkejeiri/Domain-Driven-Design,https://github.com/mkejeiri/Domain-Driven-Design,2018,C#,User,77,14,2018-12-17T06:39:28Z,"Onion Architecture"
akhundMurad/diator,https://github.com/akhundMurad/diator,2023,Python,User,77,8,2023-02-26T17:04:45Z,CQRS
luontola/cqrs-hotel,https://github.com/luontola/cqrs-hotel,2016,Java,User,76,15,2016-11-10T18:34:39Z,CQRS
pmorelli92/Orleans.Tournament,https://github.com/pmorelli92/Orleans.Tournament,2018,C#,User,76,8,2018-09-02T15:16:46Z,"Event-Driven Architecture"
muharihar/d3ta-go,https://github.com/muharihar/d3ta-go,2020,Go,User,76,13,2020-07-29T18:43:19Z,"Layered Architecture"
dahromy/symfony-hexagonal-architecture,https://github.com/dahromy/symfony-hexagonal-architecture,2022,PHP,User,76,18,2022-06-06T20:09:01Z,"Hexagonal Architecture"
darksidecat/orders_bot,https://github.com/darksidecat/orders_bot,2022,Python,User,76,4,2022-05-30T16:33:08Z,"Onion Architecture"
AntonioFalcaoJr/Dotnet6.GraphQL4.WebApplication,https://github.com/AntonioFalcaoJr/Dotnet6.GraphQL4.WebApplication,2020,C#,User,75,25,2020-07-25T22:04:58Z,"Onion Architecture"
julielerman/dotnetconfms2020,https://github.com/julielerman/dotnetconfms2020,2020,C#,User,75,20,2020-07-30T21:34:55Z,"Layered Architecture"
event-driven-dotnet/EventDriven.ReferenceArchitecture,https://github.com/event-driven-dotnet/EventDriven.ReferenceArchitecture,2021,C#,Organization,75,13,2021-04-08T00:26:00Z,"Event-Driven Architecture"
puristajs/purista,https://github.com/puristajs/purista,2022,TypeScript,Organization,75,5,2022-04-28T20:13:25Z,"Event-Driven Architecture"
ivaaak/.NET-RealEstate,https://github.com/ivaaak/.NET-RealEstate,2022,C#,User,75,11,2022-06-13T13:34:32Z,Microservices
shreyasmanolkar/notion-api,https://github.com/shreyasmanolkar/notion-api,2023,TypeScript,User,75,19,2023-05-13T09:56:54Z,"Clean Architecture"
TheArchitectDev/Architect.DomainModeling,https://github.com/TheArchitectDev/Architect.DomainModeling,2022,C#,User,74,5,2022-04-11T14:50:39Z,"Layered Architecture"
aluiziodeveloper/nestjs-clean-arch,https://github.com/aluiziodeveloper/nestjs-clean-arch,2023,TypeScript,User,74,22,2023-06-14T01:42:55Z,"Clean Architecture"
apssouza22/trading-system,https://github.com/apssouza22/trading-system,2018,Java,User,73,15,2018-09-25T18:24:50Z,"Onion Architecture"
AxonFramework/extension-kafka,https://github.com/AxonFramework/extension-kafka,2018,Java,Organization,73,31,2018-10-16T11:26:40Z,"Event-Driven Architecture"
Andyhacool/HRM,https://github.com/Andyhacool/HRM,2019,C#,User,73,40,2019-05-09T09:41:49Z,"Onion Architecture"
phpmentors-jp/domain-kata,https://github.com/phpmentors-jp/domain-kata,2014,PHP,Organization,73,6,2014-09-12T01:36:30Z,"Layered Architecture"
Judge-Girl/Judge-Girl,https://github.com/Judge-Girl/Judge-Girl,2020,Java,Organization,73,11,2020-03-02T08:11:52Z,"Clean Architecture"
m-khooryani/OverCloudAirways-DDD-sample,https://github.com/m-khooryani/OverCloudAirways-DDD-sample,2023,C#,User,72,8,2023-01-21T13:10:11Z,"Onion Architecture"
bytedance/dddfirework,https://github.com/bytedance/dddfirework,2023,Go,Organization,72,14,2023-10-07T07:01:54Z,"Hexagonal Architecture"
xhafan/coreddd,https://github.com/xhafan/coreddd,2018,C#,User,71,6,2018-03-08T15:03:00Z,CQRS
asc-lab/camunda-dotnetcore-poc,https://github.com/asc-lab/camunda-dotnetcore-poc,2020,C#,Organization,70,27,2020-04-15T08:46:38Z,"Onion Architecture"
AntonStoeckl/go-iddd,https://github.com/AntonStoeckl/go-iddd,2019,Go,User,69,8,2019-04-10T19:25:51Z,"Hexagonal Architecture"
Genocs/clean-architecture-template,https://github.com/Genocs/clean-architecture-template,2020,C#,Organization,69,5,2020-04-19T09:23:45Z,"Clean Architecture"
peaklims/PeakLimsApi,https://github.com/peaklims/PeakLimsApi,2022,C#,Organization,69,15,2022-10-10T04:03:15Z,"Vertical Slice Architecture"
phodal/stepping,https://github.com/phodal/stepping,2017,TypeScript,User,68,6,2017-03-20T14:13:20Z,"Event-Driven Architecture"
Jadhielv/ITL,https://github.com/Jadhielv/ITL,2020,C#,User,68,15,2020-11-24T03:11:25Z,"Clean Architecture"
biberlabs/ddd-embeddables,https://github.com/biberlabs/ddd-embeddables,2016,PHP,Organization,67,10,2016-09-17T11:01:28Z,"Layered Architecture"
iongritco/CleanArchitecture,https://github.com/iongritco/CleanArchitecture,2019,C#,User,67,5,2019-02-28T21:11:28Z,"Clean Architecture"
edreyer/modulith,https://github.com/edreyer/modulith,2022,Kotlin,User,66,16,2022-01-06T22:16:43Z,"Hexagonal Architecture"
disintegrate-es/disintegrate,https://github.com/disintegrate-es/disintegrate,2023,Rust,Organization,66,7,2023-05-27T07:45:52Z,"Event-Driven Architecture"
linfx/LinFx,https://github.com/linfx/LinFx,2017,C#,User,65,19,2017-03-09T10:30:34Z,"Hexagonal Architecture"
hunzhiwange/framework,https://github.com/hunzhiwange/framework,2017,PHP,Organization,65,6,2017-05-15T01:43:03Z,"Layered Architecture"
pperaltaisern/go-example-financing,https://github.com/pperaltaisern/go-example-financing,2021,Go,User,65,2,2021-12-26T17:19:29Z,"Event-Driven Architecture"
meysamhadeli/booking-microservices-java-spring-boot,https://github.com/meysamhadeli/booking-microservices-java-spring-boot,2025,Java,User,65,17,2025-01-01T11:55:54Z,"Event-Driven Architecture"
inklabs/kommerce-core,https://github.com/inklabs/kommerce-core,2014,PHP,Organization,65,14,2014-12-04T09:13:08Z,"Layered Architecture"
learningcom/Learning.EventStore,https://github.com/learningcom/Learning.EventStore,2017,C#,Organization,64,13,2017-08-15T19:50:04Z,CQRS
dddplus/dddplus-archetype-demo,https://github.com/dddplus/dddplus-archetype-demo,2020,Java,Organization,64,37,2020-10-28T05:37:21Z,"Onion Architecture"
truanguyenvan/go-clean-architecture-example,https://github.com/truanguyenvan/go-clean-architecture-example,2023,Go,User,64,10,2023-06-19T08:50:19Z,"Clean Architecture"
berndruecker/flowing-retail-old,https://github.com/berndruecker/flowing-retail-old,2016,Java,User,63,17,2016-12-15T18:44:18Z,"Event-Driven Architecture"
mkopylec/project-manager,https://github.com/mkopylec/project-manager,2017,Java,User,63,22,2017-04-25T05:45:50Z,"Hexagonal Architecture"
zscott/MultiBitExchange,https://github.com/zscott/MultiBitExchange,2013,Java,User,63,36,2013-04-13T15:18:20Z,"Event-Driven Architecture"
fraktalio/restaurant-demo,https://github.com/fraktalio/restaurant-demo,2020,Kotlin,Organization,63,14,2020-10-06T21:42:02Z,CQRS
rozturac/go-ddd-example,https://github.com/rozturac/go-ddd-example,2021,Go,User,63,11,2021-08-11T13:03:11Z,"Clean Architecture"
thenativeweb/node-cqrs-saga,https://github.com/thenativeweb/node-cqrs-saga,2014,JavaScript,Organization,62,16,2014-08-29T21:29:52Z,CQRS
ranky/media-bundle,https://github.com/ranky/media-bundle,2022,PHP,Organization,62,23,2022-12-16T22:34:03Z,"Hexagonal Architecture"
PacktPublishing/Building-Applications-with-Spring-5-and-Vue.js-2,https://github.com/PacktPublishing/Building-Applications-with-Spring-5-and-Vue.js-2,2018,JavaScript,Organization,61,46,2018-10-23T06:31:07Z,"Layered Architecture"
bwatts/Totem,https://github.com/bwatts/Totem,2015,C#,User,60,16,2015-01-22T03:17:07Z,CQRS
smcvb/gamerental,https://github.com/smcvb/gamerental,2020,Java,User,60,16,2020-09-23T14:22:17Z,CQRS
MesutAtasoy/Joker,https://github.com/MesutAtasoy/Joker,2021,C#,User,60,6,2021-06-25T20:27:17Z,Microservices
hibit-dev/laravel9-ddd,https://github.com/hibit-dev/laravel9-ddd,2022,PHP,Organization,60,15,2022-04-21T19:36:55Z,"Layered Architecture"
gushakov/cleanddd,https://github.com/gushakov/cleanddd,2021,Java,User,60,13,2021-12-13T09:21:58Z,"Clean Architecture"
emacsway/grade,https://github.com/emacsway/grade,2022,Go,User,60,2,2022-07-11T23:04:46Z,CQRS
networknt/light-eventuate-4j,https://github.com/networknt/light-eventuate-4j,2016,Java,Organization,59,20,2016-11-13T18:34:23Z,CQRS
j5ik2o/java-ddd-example,https://github.com/j5ik2o/java-ddd-example,2017,Java,User,59,9,2017-03-09T01:12:52Z,"Layered Architecture"
systemsdk/docker-symfony-api,https://github.com/systemsdk/docker-symfony-api,2020,PHP,Organization,59,18,2020-01-11T22:24:33Z,"Layered Architecture"
pabloh/pathway,https://github.com/pabloh/pathway,2017,Ruby,User,58,10,2017-06-01T15:11:33Z,"Layered Architecture"
renan-taranto/cqrs-event-sourcing-example,https://github.com/renan-taranto/cqrs-event-sourcing-example,2020,PHP,User,58,7,2020-03-16T01:58:34Z,"Hexagonal Architecture"
dykyi-roman/crossword,https://github.com/dykyi-roman/crossword,2021,PHP,User,58,6,2021-03-08T15:41:45Z,"Hexagonal Architecture"
carlosazaustre/kata-users-ts,https://github.com/carlosazaustre/kata-users-ts,2025,TypeScript,User,58,9,2025-05-20T18:28:59Z,"Clean Architecture"
VahidFarahmandian/Jinget,https://github.com/VahidFarahmandian/Jinget,2021,C#,User,57,13,2021-07-29T15:00:29Z,CQRS
Enforcer/implementing-the-clean-architecture,https://github.com/Enforcer/implementing-the-clean-architecture,2021,Python,User,56,3,2021-09-15T20:23:09Z,"Clean Architecture"
fabwu/dddinaction,https://github.com/fabwu/dddinaction,2018,PHP,User,56,2,2018-06-25T10:54:49Z,"Layered Architecture"
profjordanov/realworld-microservices,https://github.com/profjordanov/realworld-microservices,2020,C#,User,56,17,2020-03-06T11:30:55Z,Microservices
meysamhadeli/ecommerce-monolith,https://github.com/meysamhadeli/ecommerce-monolith,2023,C#,User,56,12,2023-05-04T12:34:30Z,"Vertical Slice Architecture"
Whaally/Domain,https://github.com/Whaally/Domain,2023,C#,Organization,56,4,2023-08-27T10:21:37Z,"Event-Driven Architecture"
IceEmblem/IEManageSystem,https://github.com/IceEmblem/IEManageSystem,2018,JavaScript,User,56,17,2018-09-21T03:54:29Z,"Layered Architecture"
vlingo/xoom-lattice,https://github.com/vlingo/xoom-lattice,2018,Java,Organization,55,18,2018-08-18T08:42:02Z,CQRS
xprt64/dudulina,https://github.com/xprt64/dudulina,2017,PHP,User,55,7,2017-01-18T11:22:02Z,CQRS
PcComponentes/ddd,https://github.com/PcComponentes/ddd,2018,PHP,Organization,55,11,2018-09-18T10:59:39Z,"Hexagonal Architecture"
ambleside138/TimeRecorder,https://github.com/ambleside138/TimeRecorder,2020,C#,User,55,13,2020-05-07T13:13:52Z,"Onion Architecture"
TwoMaKing/EApp,https://github.com/TwoMaKing/EApp,2014,C#,User,55,33,2014-11-30T09:04:08Z,CQRS
ntorga/clean-ddd-php-poc-contacts,https://github.com/ntorga/clean-ddd-php-poc-contacts,2020,PHP,User,55,14,2020-07-19T23:35:25Z,"Clean Architecture"
stevebluck/chuz,https://github.com/stevebluck/chuz,2024,TypeScript,User,55,0,2024-02-11T18:00:38Z,"Layered Architecture"
bartstc/booking-app,https://github.com/bartstc/booking-app,2020,TypeScript,User,54,8,2020-10-20T17:50:26Z,"Onion Architecture"
josephnhtam/vsp-youtube-clone-microservices,https://github.com/josephnhtam/vsp-youtube-clone-microservices,2023,C#,User,54,13,2023-02-28T17:57:36Z,Inconsistent
v-v-d/carts,https://github.com/v-v-d/carts,2023,Python,User,54,9,2023-09-21T13:59:33Z,"Onion Architecture"
mfelicio/NDomain,https://github.com/mfelicio/NDomain,2015,C#,User,53,19,2015-08-03T13:54:57Z,CQRS
prooph/micro,https://github.com/prooph/micro,2017,PHP,Organization,53,7,2017-01-19T10:39:16Z,"Event-Driven Architecture"
Eventuria/demonstration-gsd,https://github.com/Eventuria/demonstration-gsd,2018,Haskell,Organization,53,3,2018-10-23T08:09:18Z,CQRS
thefabric-io/eventsourcing,https://github.com/thefabric-io/eventsourcing,2023,Go,Organization,53,3,2023-06-06T12:27:50Z,"Event-Driven Architecture"
654894017/cqrs,https://github.com/654894017/cqrs,2021,Java,User,52,33,2021-04-18T14:30:43Z,CQRS
DijanaPenic/DDD-VShop,https://github.com/DijanaPenic/DDD-VShop,2021,C#,User,52,6,2021-10-08T15:07:11Z,"Modular Monolith with Event-Driven Architecture"
team-aliens/DMS-Backend,https://github.com/team-aliens/DMS-Backend,2022,Kotlin,Organization,52,0,2022-08-29T15:23:56Z,"Hexagonal Architecture"
gushakov/cargo-clean,https://github.com/gushakov/cargo-clean,2022,Java,User,52,17,2022-06-24T14:56:58Z,"Hexagonal Architecture"
PacktPublishing/Microservices-Design-Patterns-in-.NET,https://github.com/PacktPublishing/Microservices-Design-Patterns-in-.NET,2022,C#,Organization,52,34,2022-06-15T05:28:34Z,Microservices
dddplus/dddplus-archetype,https://github.com/dddplus/dddplus-archetype,2020,Java,Organization,51,39,2020-10-25T05:08:26Z,"Layered Architecture"
ddd-php/ddd-components,https://github.com/ddd-php/ddd-components,2013,PHP,Organization,50,8,2013-02-22T17:19:41Z,"Layered Architecture"
lijingyao/microservice_coffeeshop,https://github.com/lijingyao/microservice_coffeeshop,2018,Java,User,50,25,2018-07-05T06:11:57Z,Microservices
fraktalio/fmodel-demos,https://github.com/fraktalio/fmodel-demos,2021,Kotlin,Organization,50,8,2021-04-18T13:21:15Z,"Onion Architecture"
ZenWave360/zenwave-sdk,https://github.com/ZenWave360/zenwave-sdk,2022,Java,Organization,50,6,2022-02-01T20:41:00Z,"Clean Architecture"
thangchung/coffeeshop-modular,https://github.com/thangchung/coffeeshop-modular,2022,C#,User,50,12,2022-07-01T14:05:13Z,"Clean Architecture"
ecotoneframework/ecotone-dev,https://github.com/ecotoneframework/ecotone-dev,2022,PHP,Organization,50,21,2022-07-23T16:29:44Z,"Event-Driven Architecture"
ActuarialIntelligence/Base,https://github.com/ActuarialIntelligence/Base,2018,C#,Organization,50,4,2018-03-01T10:43:37Z,"Layered Architecture"
mizrael/DDD-School,https://github.com/mizrael/DDD-School,2019,C#,User,49,14,2019-10-03T20:48:06Z,"Layered Architecture"
luomingui/LCLFramework,https://github.com/luomingui/LCLFramework,2015,C#,User,49,42,2015-03-14T02:48:50Z,"Layered Architecture"
arafkarsh/ms-springboot-vanilla,https://github.com/arafkarsh/ms-springboot-vanilla,2024,Java,User,49,22,2024-10-01T05:24:39Z,"Hexagonal Architecture"
MarsonShine/MS.Microservice,https://github.com/MarsonShine/MS.Microservice,2019,C#,User,48,12,2019-01-28T14:31:49Z,"Layered Architecture"
masfernandez/symfony-ddd-hexarch-cqrs,https://github.com/masfernandez/symfony-ddd-hexarch-cqrs,2018,PHP,User,47,10,2018-03-21T13:20:13Z,"Hexagonal Architecture"
robiningelbrecht/php-slim-skeleton,https://github.com/robiningelbrecht/php-slim-skeleton,2022,PHP,User,47,5,2022-07-29T06:11:21Z,"Event-Driven Architecture"
fraktalio/fmodel-rust,https://github.com/fraktalio/fmodel-rust,2023,Rust,Organization,47,2,2023-09-16T19:04:44Z,CQRS
FarseerNet/Farseer.Net,https://github.com/FarseerNet/Farseer.Net,2015,C#,Organization,46,11,2015-10-21T09:54:43Z,"Layered Architecture"
sekky0905/nuxt-vue-go-chat,https://github.com/sekky0905/nuxt-vue-go-chat,2019,Go,User,46,3,2019-03-04T14:41:54Z,"Layered Architecture"
marcosvs98/cqrs-architecture-with-python,https://github.com/marcosvs98/cqrs-architecture-with-python,2023,Python,User,46,5,2023-03-02T11:38:25Z,"Hexagonal Architecture"
PacktPublishing/-Designing-Hexagonal-Architecture-with-Java---Second-Edition,https://github.com/PacktPublishing/-Designing-Hexagonal-Architecture-with-Java---Second-Edition,2023,Java,Organization,46,36,2023-01-23T09:48:33Z,"Hexagonal Architecture"
jboz/living-documentation,https://github.com/jboz/living-documentation,2017,Java,User,45,6,2017-05-01T16:57:38Z,"Layered Architecture"
aneshas/tactical-ddd,https://github.com/aneshas/tactical-ddd,2019,C#,User,45,8,2019-01-11T17:05:35Z,"Event-Driven Architecture"
AxonFramework/extension-kotlin,https://github.com/AxonFramework/extension-kotlin,2019,Kotlin,Organization,45,9,2019-11-05T16:21:19Z,"Event-Driven Architecture"
NHadi/HappySocialMedia,https://github.com/NHadi/HappySocialMedia,2019,C#,User,45,14,2019-09-08T22:15:29Z,"Layered Architecture"
kimcuhoang/dapr-tye-simple-microservices,https://github.com/kimcuhoang/dapr-tye-simple-microservices,2020,C#,User,45,11,2020-03-02T16:10:55Z,"Onion Architecture"
r2luna/brain,https://github.com/r2luna/brain,2025,PHP,User,45,5,2025-02-22T23:08:59Z,"Layered Architecture"
sinanptm/clean-auth-template,https://github.com/sinanptm/clean-auth-template,2025,TypeScript,User,45,8,2025-05-24T00:20:05Z,"Clean Architecture"
buraksenyurt/project-lighthouse-social,https://github.com/buraksenyurt/project-lighthouse-social,2025,C#,User,45,4,2025-07-17T11:36:37Z,"Onion Architecture"
danieledangeli/symfony-microservice-bounded-context-example,https://github.com/danieledangeli/symfony-microservice-bounded-context-example,2015,PHP,User,44,9,2015-09-25T22:39:56Z,"Layered Architecture"
cesarbmx/crypto-watcher-api,https://github.com/cesarbmx/crypto-watcher-api,2018,C#,User,44,12,2018-06-27T14:26:31Z,"Layered Architecture"
farlleyferreira/ms-fastapi-template,https://github.com/farlleyferreira/ms-fastapi-template,2021,Python,User,44,9,2021-03-06T22:01:28Z,"Layered Architecture"
RanchoCooper/go-hexagonal,https://github.com/RanchoCooper/go-hexagonal,2021,Go,User,44,14,2021-11-30T03:49:37Z,"Hexagonal Architecture"
henriqueweiand/nestjs-ecommerce,https://github.com/henriqueweiand/nestjs-ecommerce,2024,TypeScript,User,44,12,2024-02-22T22:14:18Z,"Clean Architecture"
tyx/cqrs-php-sandbox,https://github.com/tyx/cqrs-php-sandbox,2013,PHP,User,43,9,2013-12-17T11:46:41Z,CQRS
SirWaithaka/simple-mpesa,https://github.com/SirWaithaka/simple-mpesa,2020,Go,User,43,11,2020-10-30T10:09:52Z,"Hexagonal Architecture"
cristianV0117/over-api,https://github.com/cristianV0117/over-api,2022,PHP,User,43,15,2022-08-13T23:45:57Z,"Hexagonal Architecture"
odrotbohm/tactical-ddd-workshop,https://github.com/odrotbohm/tactical-ddd-workshop,2021,Java,User,43,9,2021-11-22T12:23:12Z,"Layered Architecture"
mathiasverraes/symfony-live-2014,https://github.com/mathiasverraes/symfony-live-2014,2014,PHP,User,42,4,2014-09-02T15:52:09Z,"Layered Architecture"
jbw/TooBigToFailBurgerShop,https://github.com/jbw/TooBigToFailBurgerShop,2020,C#,User,42,15,2020-12-03T20:18:51Z,CQRS
iammuho/NatterNet,https://github.com/iammuho/NatterNet,2023,Go,User,42,2,2023-08-15T07:39:30Z,"Onion Architecture"
progmsk/store,https://github.com/progmsk/store,2020,C#,Organization,41,15,2020-04-28T16:05:23Z,"Layered Architecture"
branchtalk-io/backend,https://github.com/branchtalk-io/backend,2020,Scala,Organization,41,5,2020-07-05T22:33:32Z,CQRS
AleksK1NG/Kotlin-Clean-Architecture-CQRS,https://github.com/AleksK1NG/Kotlin-Clean-Architecture-CQRS,2024,Kotlin,User,41,11,2024-01-21T15:18:10Z,"Clean Architecture"
JustSteveKing/shop,https://github.com/JustSteveKing/shop,2021,PHP,User,40,14,2021-09-14T20:27:41Z,"Event-Driven Architecture"
BrenoMazieiro/the-god-stack,https://github.com/BrenoMazieiro/the-god-stack,2019,JavaScript,User,40,14,2019-11-08T18:55:10Z,"Layered Architecture"
Sofka-XT/ddd-generic-java,https://github.com/Sofka-XT/ddd-generic-java,2020,Java,User,40,15,2020-02-20T18:37:52Z,"Event-Driven Architecture"
wmeints/efcore-ddd-demo,https://github.com/wmeints/efcore-ddd-demo,2021,C#,User,40,7,2021-01-14T15:49:23Z,"Layered Architecture"
dlski/python-mediator,https://github.com/dlski/python-mediator,2021,Python,User,40,2,2021-02-05T19:13:20Z,CQRS
DavidEggenberger/ModularMonolith.SaaS.Template,https://github.com/DavidEggenberger/ModularMonolith.SaaS.Template,2023,C#,User,40,10,2023-02-27T21:14:25Z,"Modular Monolith"
alexleboucher/docker-express-postgres-boilerplate,https://github.com/alexleboucher/docker-express-postgres-boilerplate,2023,TypeScript,User,40,9,2023-03-06T13:39:05Z,"Clean Architecture"
salehhashemi1992/laravel-domain-expert,https://github.com/salehhashemi1992/laravel-domain-expert,2023,PHP,User,40,0,2023-04-09T19:59:49Z,"Layered Architecture"
oleksandr-marfut/super-note-api,https://github.com/oleksandr-marfut/super-note-api,2024,C#,User,40,9,2024-02-01T07:38:28Z,"Clean Architecture"
thenativeweb/node-cqrs-eventdenormalizer,https://github.com/thenativeweb/node-cqrs-eventdenormalizer,2012,JavaScript,Organization,39,27,2012-05-17T14:46:40Z,CQRS
vladikk/elastic-event-store,https://github.com/vladikk/elastic-event-store,2021,Python,User,39,7,2021-01-29T11:47:26Z,"Event-Driven Architecture"
heykarimoff/cosmicpython-code,https://github.com/heykarimoff/cosmicpython-code,2021,Python,User,39,8,2021-02-21T13:45:09Z,"Layered Architecture"
mikaelvesavuori/get-a-room-ddd-example,https://github.com/mikaelvesavuori/get-a-room-ddd-example,2022,TypeScript,User,39,10,2022-09-28T05:19:31Z,"Clean Architecture"
mostafasharaby/E-Commerce-Microservices,https://github.com/mostafasharaby/E-Commerce-Microservices,2025,C#,User,39,25,2025-03-15T00:21:37Z,"Clean Architecture"
micheleangioni/sls-node-ts,https://github.com/micheleangioni/sls-node-ts,2019,TypeScript,User,38,1,2019-09-22T16:22:24Z,"Onion Architecture"
SirWaithaka/simple-wallet,https://github.com/SirWaithaka/simple-wallet,2020,Go,User,38,10,2020-03-07T18:59:45Z,"Clean Architecture"
Finaps/EventSourcing,https://github.com/Finaps/EventSourcing,2021,C#,Organization,38,3,2021-05-21T09:05:30Z,"Event-Driven Architecture"
DavidEggenberger/CrispyCollab,https://github.com/DavidEggenberger/CrispyCollab,2022,C#,User,38,2,2022-02-12T16:57:36Z,"Modular Monolith with CQRS"
fraktalio/courier-demo,https://github.com/fraktalio/courier-demo,2020,Java,Organization,38,18,2020-08-14T16:02:14Z,CQRS
asadullah-refat-89/dotnet-essential-services,https://github.com/asadullah-refat-89/dotnet-essential-services,2023,C#,User,38,16,2023-07-30T07:17:50Z,"Clean Architecture"
Aerodisk/openvair,https://github.com/Aerodisk/openvair,2024,Python,User,38,10,2024-10-03T15:06:46Z,"Layered Architecture"
simbo1905/root-objects,https://github.com/simbo1905/root-objects,2016,Java,User,37,2,2016-07-12T21:35:29Z,"Layered Architecture"
dogmatiq/dogma,https://github.com/dogmatiq/dogma,2018,Go,Organization,37,3,2018-12-05T07:02:09Z,"Event-Driven Architecture"
sgomez/iam-ddd-cqrs-es-nestjs,https://github.com/sgomez/iam-ddd-cqrs-es-nestjs,2019,TypeScript,User,37,2,2019-08-09T11:13:15Z,CQRS
meixuesong/aggregate-persistence-sample,https://github.com/meixuesong/aggregate-persistence-sample,2019,Java,User,37,19,2019-10-05T10:09:19Z,"Layered Architecture"
kellen0903/magic-bottle,https://github.com/kellen0903/magic-bottle,2020,Java,User,37,10,2020-03-10T11:34:13Z,CQRS
yerinadler/typescript-ddd-sample-app,https://github.com/yerinadler/typescript-ddd-sample-app,2020,TypeScript,User,37,6,2020-12-23T08:30:26Z,"Onion Architecture"
archimedes-projects/archimedes-js,https://github.com/archimedes-projects/archimedes-js,2021,TypeScript,Organization,37,4,2021-02-09T15:47:08Z,"Layered Architecture"
AfterLutz/Akkatecture,https://github.com/AfterLutz/Akkatecture,2021,C#,Organization,37,10,2021-11-03T21:47:09Z,CQRS
vklap/go_ddd,https://github.com/vklap/go_ddd,2022,Go,User,37,1,2022-08-19T17:26:43Z,"Event-Driven Architecture"
j5ik2o/cqrs-es-example-rs,https://github.com/j5ik2o/cqrs-es-example-rs,2023,Rust,User,37,3,2023-06-22T14:04:15Z,CQRS
LucasNSBR/RCM,https://github.com/LucasNSBR/RCM,2018,C#,User,36,17,2018-02-21T02:59:34Z,CQRS
barsifedron/candid-cqrs,https://github.com/barsifedron/candid-cqrs,2018,Java,User,36,3,2018-08-10T16:36:53Z,"Hexagonal Architecture"
mizrael/EFCoreCommerceDemo,https://github.com/mizrael/EFCoreCommerceDemo,2019,C#,User,36,8,2019-10-07T21:34:20Z,"Layered Architecture"
ktutak1337/Clean-Architecture-Template,https://github.com/ktutak1337/Clean-Architecture-Template,2020,C#,User,36,8,2020-08-05T17:30:06Z,"Clean Architecture"
lwluc/camunda-ddd-and-clean-architecture,https://github.com/lwluc/camunda-ddd-and-clean-architecture,2022,Java,User,36,8,2022-05-01T16:37:28Z,"Clean Architecture"
andrsuh/tiny-event-sourcing,https://github.com/andrsuh/tiny-event-sourcing,2022,Kotlin,User,36,18,2022-05-31T19:42:50Z,"Event-Driven Architecture"
xavierjohn/FunctionalDDD,https://github.com/xavierjohn/FunctionalDDD,2022,C#,User,36,1,2022-11-23T22:33:09Z,"Onion Architecture"
FCTL3314/HealthNutrition-Backend,https://github.com/FCTL3314/HealthNutrition-Backend,2023,Python,User,36,1,2023-05-09T10:09:00Z,"Layered Architecture"
gruz0/checkmvp,https://github.com/gruz0/checkmvp,2024,TypeScript,User,36,0,2024-09-21T10:32:39Z,"Event-Driven Architecture"
ZiyandaPetela/Student_Mental_Wellness_Academic_Support_System,https://github.com/ZiyandaPetela/Student_Mental_Wellness_Academic_Support_System,2025,Java,User,36,31,2025-02-26T07:47:46Z,"Layered Architecture"
beingtheworst/btw-gtd,https://github.com/beingtheworst/btw-gtd,2012,C#,Organization,35,9,2012-12-28T18:16:41Z,"Event-Driven Architecture"
proophsoftware/fee-office,https://github.com/proophsoftware/fee-office,2018,PHP,Organization,35,1,2018-10-04T17:30:35Z,CQRS
SeelabFhdo/lemma,https://github.com/SeelabFhdo/lemma,2019,Java,Organization,35,8,2019-08-27T11:54:43Z,Microservices
appie2go/DomainObjects,https://github.com/appie2go/DomainObjects,2020,C#,User,35,4,2020-05-04T10:27:25Z,"Layered Architecture"
karmajunkie/replay,https://github.com/karmajunkie/replay,2011,Ruby,User,35,4,2011-12-08T19:26:24Z,CQRS
SaraRasoulian/DotNet-WebAPI-Blazor-Sample,https://github.com/SaraRasoulian/DotNet-WebAPI-Blazor-Sample,2024,C#,User,35,4,2024-05-07T18:41:58Z,"Clean Architecture"
yourwebmaker/cqrs.nu-php,https://github.com/yourwebmaker/cqrs.nu-php,2019,PHP,User,34,6,2019-04-14T18:06:16Z,CQRS
thanhtinhpas1/ViSpeech,https://github.com/thanhtinhpas1/ViSpeech,2020,JavaScript,User,34,8,2020-01-18T14:31:33Z,CQRS
everest-engineering/lhotse,https://github.com/everest-engineering/lhotse,2020,Java,Organization,34,14,2020-04-14T00:15:53Z,"Event-Driven Architecture"
dogaanismail/bank-solution,https://github.com/dogaanismail/bank-solution,2022,Java,User,34,13,2022-03-14T15:46:12Z,CQRS
JMLamodiere/tdd-demo-forumphp2020,https://github.com/JMLamodiere/tdd-demo-forumphp2020,2020,PHP,User,34,2,2020-10-16T15:16:58Z,"Hexagonal Architecture"
lizhifuabc/tomato-platform,https://github.com/lizhifuabc/tomato-platform,2023,Java,User,34,8,2023-03-25T03:42:54Z,"Layered Architecture"
wangyuheng/Arc,https://github.com/wangyuheng/Arc,2020,Java,User,34,10,2020-08-13T04:16:34Z,"Layered Architecture"
php-kitchen/yii2-domain,https://github.com/php-kitchen/yii2-domain,2016,PHP,Organization,33,6,2016-10-21T15:27:08Z,"Layered Architecture"
proteanhq/protean,https://github.com/proteanhq/protean,2018,Python,Organization,33,33,2018-07-15T12:51:10Z,"Hexagonal Architecture"
AxonIQ/food-ordering-demo,https://github.com/AxonIQ/food-ordering-demo,2019,Java,Organization,33,36,2019-03-25T11:35:10Z,"Event-Driven Architecture"
batazor/microservice-template-ddd,https://github.com/batazor/microservice-template-ddd,2020,Go,User,33,6,2020-11-13T09:46:37Z,"Layered Architecture"
aneshas/eventstore,https://github.com/aneshas/eventstore,2021,Go,User,33,1,2021-12-10T20:40:14Z,"Event-Driven Architecture"
tcmlabs/hexagonal-architecture-python-spark,https://github.com/tcmlabs/hexagonal-architecture-python-spark,2022,Python,Organization,33,6,2022-07-11T11:59:24Z,"Hexagonal Architecture"
kedzior-io/fast-architecture,https://github.com/kedzior-io/fast-architecture,2023,C#,User,33,0,2023-01-23T09:09:50Z,CQRS
tomasanchez/cosmic-fastapi,https://github.com/tomasanchez/cosmic-fastapi,2023,Python,User,33,3,2023-08-06T15:17:02Z,"Clean Architecture"
welissonArley/CashFlow,https://github.com/welissonArley/CashFlow,2024,C#,User,33,6,2024-03-24T08:13:39Z,"Layered Architecture"
C0de-cake/airbnb-clone-backend,https://github.com/C0de-cake/airbnb-clone-backend,2024,Java,Organization,33,19,2024-04-23T22:06:33Z,"Layered Architecture"
Team-ComIT/SimTong-Backend,https://github.com/Team-ComIT/SimTong-Backend,2022,Kotlin,Organization,33,3,2022-08-20T13:17:06Z,"Hexagonal Architecture"
phil-guo/maruko,https://github.com/phil-guo/maruko,2017,C#,User,32,13,2017-05-04T14:35:44Z,"Layered Architecture"
spaki/Pluto,https://github.com/spaki/Pluto,2019,C#,User,32,4,2019-01-29T12:41:29Z,"Onion Architecture"
xmolecules/phpmolecules,https://github.com/xmolecules/phpmolecules,2021,PHP,Organization,32,2,2021-03-18T11:56:07Z,"Layered Architecture"
badass-techie/eShopOnSteroids,https://github.com/badass-techie/eShopOnSteroids,2023,Java,User,32,15,2023-09-04T22:02:46Z,"Event-Driven Architecture"
malocher/cqrs-esb,https://github.com/malocher/cqrs-esb,2013,PHP,User,31,6,2013-09-03T18:06:10Z,CQRS
huysentruitw/Aggregator,https://github.com/huysentruitw/Aggregator,2018,C#,User,31,7,2018-04-06T08:39:14Z,CQRS
jorzel/opentable,https://github.com/jorzel/opentable,2020,Python,User,31,2,2020-11-22T15:04:01Z,"Hexagonal Architecture"
runemalm/OpenDDD.NET,https://github.com/runemalm/OpenDDD.NET,2022,C#,User,31,2,2022-03-19T16:21:16Z,"Hexagonal Architecture"
Migorithm/rustiful-backend,https://github.com/Migorithm/rustiful-backend,2023,Rust,User,31,2,2023-06-24T07:05:04Z,"Event-Driven Architecture"
m10maeda/itddd,https://github.com/m10maeda/itddd,2024,TypeScript,User,31,0,2024-10-07T12:41:57Z,"Onion Architecture"
julielerman/TEE14Demo,https://github.com/julielerman/TEE14Demo,2014,C#,User,30,12,2014-11-03T15:54:51Z,"Layered Architecture"
leancodepl/corelibrary,https://github.com/leancodepl/corelibrary,2020,C#,Organization,30,4,2020-05-13T12:30:16Z,CQRS
MikhailGulkin/CleanGolangOrderApp,https://github.com/MikhailGulkin/CleanGolangOrderApp,2023,Go,User,30,0,2023-06-25T19:07:55Z,"Clean Architecture"
Peopl3s/clean-architecture-fastapi-project-template,https://github.com/Peopl3s/clean-architecture-fastapi-project-template,2025,Python,User,30,6,2025-09-29T05:10:00Z,"Clean Architecture"
Candy-Doc/candy-doc-maven-plugin,https://github.com/Candy-Doc/candy-doc-maven-plugin,2021,Java,Organization,29,5,2021-09-09T15:06:37Z,"Layered Architecture"
armanab/CleanArchitecture,https://github.com/armanab/CleanArchitecture,2021,C#,User,29,8,2021-07-17T07:32:52Z,"Clean Architecture"
SylvainRomiguier/clean-ddd-front-poc,https://github.com/SylvainRomiguier/clean-ddd-front-poc,2021,TypeScript,User,29,5,2021-10-13T10:02:47Z,"Clean Architecture"
AleksK1NG/Kotlin-ES-CQRS-Microservice,https://github.com/AleksK1NG/Kotlin-ES-CQRS-Microservice,2022,Kotlin,User,29,5,2022-07-12T13:00:55Z,CQRS
CodelyTV/value_objects-course,https://github.com/CodelyTV/value_objects-course,2023,TypeScript,Organization,29,10,2023-05-03T14:48:00Z,"Layered Architecture"
j5ik2o/cqrs-es-example-go,https://github.com/j5ik2o/cqrs-es-example-go,2023,Go,User,29,5,2023-11-02T13:51:45Z,CQRS
endatix/endatix,https://github.com/endatix/endatix,2024,C#,Organization,29,5,2024-07-29T07:54:13Z,"Onion Architecture"
bsurprised/ShiftScheduler,https://github.com/bsurprised/ShiftScheduler,2018,C#,User,28,12,2018-08-19T15:44:19Z,"Clean Architecture"
fancyyawn/zhacker-framework,https://github.com/fancyyawn/zhacker-framework,2018,Java,User,28,18,2018-11-03T01:16:12Z,"Layered Architecture"
nijin39/event-storming-tutorial,https://github.com/nijin39/event-storming-tutorial,2018,Java,User,28,5,2018-12-19T10:26:18Z,"Event-Driven Architecture"
longfellowone/field-services,https://github.com/longfellowone/field-services,2018,Go,User,28,4,2018-12-30T03:00:27Z,"Layered Architecture"
gushakov/axon-multi,https://github.com/gushakov/axon-multi,2019,Java,User,28,15,2019-06-23T20:05:44Z,"Event-Driven Architecture"
seedstack/business,https://github.com/seedstack/business,2014,Java,Organization,28,19,2014-12-17T13:29:06Z,"Layered Architecture"
SabaCell/Nike,https://github.com/SabaCell/Nike,2020,C#,Organization,28,8,2020-06-23T10:32:52Z,"Onion Architecture"
truongnat/example-react,https://github.com/truongnat/example-react,2021,TypeScript,User,28,25,2021-11-13T16:25:28Z,"Clean Architecture"
microsoft/CQRS.Mediatr.Lite,https://github.com/microsoft/CQRS.Mediatr.Lite,2021,C#,Organization,28,7,2021-04-09T12:33:47Z,CQRS
izharishaksa/ecommerce-system-example,https://github.com/izharishaksa/ecommerce-system-example,2022,Go,User,28,2,2022-06-04T06:35:54Z,"Event-Driven Architecture"
AleksK1NG/Spring-gRPC-Postgres,https://github.com/AleksK1NG/Spring-gRPC-Postgres,2022,Java,User,28,10,2022-11-17T12:06:20Z,"Clean Architecture"
program-world-labs/DDDGo,https://github.com/program-world-labs/DDDGo,2023,Go,Organization,28,2,2023-06-01T05:48:31Z,"Layered Architecture"
sandipray63in/DDD-Based-Enterprise-Application-Framework,https://github.com/sandipray63in/DDD-Based-Enterprise-Application-Framework,2016,C#,User,27,13,2016-05-23T09:12:17Z,"Layered Architecture"
Defcoq/DDD,https://github.com/Defcoq/DDD,2019,C#,User,27,12,2019-11-20T20:16:32Z,"Layered Architecture"
ludofleury/blackflag,https://github.com/ludofleury/blackflag,2020,PHP,User,27,2,2020-11-19T23:24:05Z,CQRS
alextanhongpin/go-ddd,https://github.com/alextanhongpin/go-ddd,2020,Go,User,27,4,2020-12-11T06:45:41Z,"Layered Architecture"
nilportugues/repository,https://github.com/nilportugues/repository,2015,PHP,User,27,5,2015-06-15T21:04:17Z,"Hexagonal Architecture"
alexander-schranz/hexagonal-architecture-study,https://github.com/alexander-schranz/hexagonal-architecture-study,2021,PHP,User,27,1,2021-07-29T21:00:42Z,"Hexagonal Architecture"
gftf2011/clean-node-login-api-js,https://github.com/gftf2011/clean-node-login-api-js,2021,JavaScript,User,27,5,2021-11-06T20:20:56Z,"Clean Architecture"
NicklasWallgren/go-template,https://github.com/NicklasWallgren/go-template,2022,Go,User,27,1,2022-04-03T13:37:40Z,"Hexagonal Architecture"
mecitsemerci/go-todo-app,https://github.com/mecitsemerci/go-todo-app,2020,Go,User,27,8,2020-07-24T09:31:05Z,"Clean Architecture"
softpeanut/dul-dul-dul,https://github.com/softpeanut/dul-dul-dul,2022,Java,User,27,1,2022-07-17T16:49:08Z,"Layered Architecture"
hdkhosravian/Cedrina,https://github.com/hdkhosravian/Cedrina,2025,Python,User,27,0,2025-05-14T15:44:56Z,"Onion Architecture"
Rayato159/quests-tracker,https://github.com/Rayato159/quests-tracker,2024,Rust,User,27,4,2024-11-07T19:50:35Z,"Clean Architecture"
Elojah/game_01,https://github.com/Elojah/game_01,2018,Go,User,26,2,2018-04-03T11:24:41Z,"Layered Architecture"
rdelgatte/spring-hexagonal-architecture,https://github.com/rdelgatte/spring-hexagonal-architecture,2018,Java,User,26,7,2018-10-18T09:17:02Z,"Hexagonal Architecture"
leandro-cervelin/cf_api_net_core,https://github.com/leandro-cervelin/cf_api_net_core,2019,C#,User,26,6,2019-07-05T12:24:00Z,"Layered Architecture"
somnambulist-tech/domain,https://github.com/somnambulist-tech/domain,2019,PHP,Organization,26,2,2019-07-05T22:29:12Z,CQRS
stevescruz/ebarber_backend,https://github.com/stevescruz/ebarber_backend,2020,TypeScript,User,26,5,2020-05-05T05:31:23Z,"Layered Architecture"
j5ik2o/akka-cqrs-es-example-typed,https://github.com/j5ik2o/akka-cqrs-es-example-typed,2022,Scala,User,26,2,2022-05-27T06:58:59Z,CQRS
bytlabs/BytLabs.MicroserviceTemplate,https://github.com/bytlabs/BytLabs.MicroserviceTemplate,2024,C#,Organization,26,2,2024-10-11T07:26:39Z,"Clean Architecture"
maks-rafalko/tactician-domain-events,https://github.com/maks-rafalko/tactician-domain-events,2017,PHP,User,25,4,2017-01-22T08:20:44Z,"Event-Driven Architecture"
jorge07/hollywood,https://github.com/jorge07/hollywood,2018,TypeScript,User,25,8,2018-02-15T02:16:12Z,CQRS
getson/MonolithicArchitecture,https://github.com/getson/MonolithicArchitecture,2019,C#,User,25,2,2019-07-14T21:55:02Z,"Layered Architecture"
CodelyTV/kotlin-hexagonal_http_api-course,https://github.com/CodelyTV/kotlin-hexagonal_http_api-course,2022,Kotlin,Organization,25,10,2022-07-15T07:11:02Z,"Hexagonal Architecture"
EventDay/dsl,https://github.com/EventDay/dsl,2015,C#,Organization,24,4,2015-11-12T11:07:05Z,"Event-Driven Architecture"
Sporteco/EventFly,https://github.com/Sporteco/EventFly,2019,C#,Organization,24,5,2019-10-18T09:58:35Z,CQRS
n1nj4t4nuk1/python-ddd-example,https://github.com/n1nj4t4nuk1/python-ddd-example,2021,Python,User,24,5,2021-10-26T14:54:06Z,"Hexagonal Architecture"
pmareke/domain-driven-design,https://github.com/pmareke/domain-driven-design,2022,Python,User,24,0,2022-10-07T15:52:07Z,"Layered Architecture"
openquartz/easy-event,https://github.com/openquartz/easy-event,2023,Java,Organization,24,10,2023-02-22T15:36:50Z,"Event-Driven Architecture"
BeiMeng/BeiDream,https://github.com/BeiMeng/BeiDream,2015,JavaScript,User,24,19,2015-10-12T14:45:34Z,"Layered Architecture"
BenGorUser/User,https://github.com/BenGorUser/User,2015,PHP,Organization,23,5,2015-10-24T11:06:18Z,"Layered Architecture"
prooph/event-store-mgmt-ui,https://github.com/prooph/event-store-mgmt-ui,2017,JavaScript,Organization,23,1,2017-07-11T18:11:49Z,CQRS
nasraldin/CodeZero,https://github.com/nasraldin/CodeZero,2018,C#,User,23,5,2018-06-28T15:22:21Z,"Clean Architecture"
Arminek/Cart,https://github.com/Arminek/Cart,2017,PHP,User,23,0,2017-01-27T18:18:45Z,"Event-Driven Architecture"
aspnetrun/run-aspnetcore-blazor,https://github.com/aspnetrun/run-aspnetcore-blazor,2019,C#,Organization,23,6,2019-04-05T16:28:06Z,"Layered Architecture"
herbsjs/buchu,https://github.com/herbsjs/buchu,2019,JavaScript,Organization,23,22,2019-07-28T20:29:36Z,"Clean Architecture"
cmendible/Hexa.Core,https://github.com/cmendible/Hexa.Core,2011,C#,User,23,12,2011-07-10T19:38:16Z,"Layered Architecture"
ContextMapper/context-map-generator,https://github.com/ContextMapper/context-map-generator,2019,Java,Organization,23,3,2019-11-05T18:24:16Z,"Layered Architecture"
godzie44/d3,https://github.com/godzie44/d3,2020,Go,User,23,0,2020-02-01T11:22:17Z,"Layered Architecture"
n1nj4t4nuk1/python-ddd-skeleton,https://github.com/n1nj4t4nuk1/python-ddd-skeleton,2021,Python,User,23,1,2021-12-07T08:29:12Z,"Hexagonal Architecture"
NickTsitlakidis/event-nest,https://github.com/NickTsitlakidis/event-nest,2022,TypeScript,User,23,3,2022-03-28T15:09:15Z,"Event-Driven Architecture"
zamat/zamat-clean-architecture,https://github.com/zamat/zamat-clean-architecture,2023,C#,User,23,2,2023-01-02T12:02:09Z,"Clean Architecture"
vinh0809it/laravel-ddd-salary,https://github.com/vinh0809it/laravel-ddd-salary,2024,PHP,User,23,7,2024-10-01T05:39:49Z,"Onion Architecture"
bfxyzshb/poto-framework,https://github.com/bfxyzshb/poto-framework,2021,Java,User,22,15,2021-09-06T02:54:22Z,"Layered Architecture"
svn2github/ndddsample,https://github.com/svn2github/ndddsample,2012,C#,User,22,13,2012-10-11T10:45:10Z,"Layered Architecture"
reventex/reventex,https://github.com/reventex/reventex,2016,TypeScript,Organization,22,0,2016-09-16T11:26:36Z,"Event-Driven Architecture"
yasiekz/payments-DDD-ES-tutorial,https://github.com/yasiekz/payments-DDD-ES-tutorial,2018,PHP,User,22,3,2018-01-02T20:12:20Z,CQRS
schauder/talk-ddd-jdbc,https://github.com/schauder/talk-ddd-jdbc,2019,Java,User,22,7,2019-02-01T12:53:12Z,"Layered Architecture"
yauritux/clean-code-architecture,https://github.com/yauritux/clean-code-architecture,2020,Go,User,22,4,2020-01-31T02:48:04Z,"Clean Architecture"
karamelsoft/axon-bank,https://github.com/karamelsoft/axon-bank,2020,Kotlin,Organization,22,7,2020-03-26T14:13:25Z,CQRS
nbarnwell/Regalo,https://github.com/nbarnwell/Regalo,2012,C#,User,22,4,2012-02-15T18:31:07Z,"Event-Driven Architecture"
Sorikairox/micronation,https://github.com/Sorikairox/micronation,2021,TypeScript,User,22,9,2021-07-08T11:24:03Z,"Layered Architecture"
cihatsolak/net7-ecommerce-microservice,https://github.com/cihatsolak/net7-ecommerce-microservice,2022,C#,User,22,3,2022-02-08T19:52:32Z,Microservices
opifex/symfony,https://github.com/opifex/symfony,2022,PHP,User,22,3,2022-08-29T06:36:46Z,"Onion Architecture"
fraktalio/fmodel-java,https://github.com/fraktalio/fmodel-java,2022,Java,Organization,22,3,2022-12-28T14:57:11Z,"Onion Architecture"
feiniaojin/ddd-live,https://github.com/feiniaojin/ddd-live,2023,Java,User,22,16,2023-07-23T10:06:07Z,"Layered Architecture"
TheGoatedDev/EnterpriseNest,https://github.com/TheGoatedDev/EnterpriseNest,2024,TypeScript,User,22,3,2024-06-17T17:27:56Z,"Onion Architecture"
SaintAngeLs/distributed_minispace,https://github.com/SaintAngeLs/distributed_minispace,2024,C#,User,22,7,2024-02-25T00:49:12Z,Microservices
oskardudycz/kandddinsky2024,https://github.com/oskardudycz/kandddinsky2024,2024,C#,User,22,1,2024-10-26T10:13:06Z,"Onion Architecture"
git-josip/reactive-play-scala-akka-slick-guice-domain_validation-seed,https://github.com/git-josip/reactive-play-scala-akka-slick-guice-domain_validation-seed,2015,Scala,User,21,7,2015-09-22T13:26:27Z,"Layered Architecture"
holunda-io/axon-camunda,https://github.com/holunda-io/axon-camunda,2018,Kotlin,Organization,21,1,2018-03-22T20:39:04Z,CQRS
vip32/Naos,https://github.com/vip32/Naos,2018,C#,User,21,3,2018-10-09T14:34:53Z,"Onion Architecture"
ericksonreyes/domain-driven-design,https://github.com/ericksonreyes/domain-driven-design,2019,PHP,User,21,2,2019-03-07T09:29:46Z,"Layered Architecture"
JoshEvan/StockManagementSystem,https://github.com/JoshEvan/StockManagementSystem,2020,Java,User,21,3,2020-04-04T16:08:33Z,"Layered Architecture"
t10d/kingdom-python-server,https://github.com/t10d/kingdom-python-server,2021,Python,Organization,21,4,2021-03-15T19:09:54Z,"Hexagonal Architecture"
AntonioFalcaoJr/Dotnet6.EFCore6.Record.ValueObjects,https://github.com/AntonioFalcaoJr/Dotnet6.EFCore6.Record.ValueObjects,2021,C#,User,21,2,2021-06-16T20:01:18Z,"Layered Architecture"
andreipradan/first-steps-in-ddd-solutions-python,https://github.com/andreipradan/first-steps-in-ddd-solutions-python,2021,Python,User,21,9,2021-07-16T15:46:55Z,"Layered Architecture"
allysonsilva/laravel-ddd,https://github.com/allysonsilva/laravel-ddd,2019,PHP,User,21,7,2019-08-20T01:00:56Z,"Layered Architecture"
framework-erp/ARP4G,https://github.com/framework-erp/ARP4G,2022,Go,Organization,21,2,2022-09-23T03:49:57Z,"Layered Architecture"
devmentors/ddd-building-a-model,https://github.com/devmentors/ddd-building-a-model,2023,C#,Organization,21,8,2023-03-21T17:37:49Z,"Layered Architecture"
gohiei/go-ddd-demo,https://github.com/gohiei/go-ddd-demo,2023,Go,User,21,2,2023-05-11T01:06:51Z,"Clean Architecture"
j5ik2o/cqrs-es-example-js,https://github.com/j5ik2o/cqrs-es-example-js,2024,TypeScript,User,21,5,2024-02-15T05:18:52Z,CQRS
TanerSaydam/eCommerce-YMYP-Server,https://github.com/TanerSaydam/eCommerce-YMYP-Server,2024,C#,User,21,1,2024-05-19T17:15:22Z,"Clean Architecture"
danitome24/silex-ddd-skeleton,https://github.com/danitome24/silex-ddd-skeleton,2017,PHP,User,20,6,2017-02-08T17:05:13Z,"Onion Architecture"
rdehnhardt/ddd-example,https://github.com/rdehnhardt/ddd-example,2017,PHP,User,20,7,2017-03-16T20:13:34Z,"Layered Architecture"
d-led/DDDwithActorsPony,https://github.com/d-led/DDDwithActorsPony,2017,Pony,User,20,5,2017-11-07T22:47:24Z,"Event-Driven Architecture"
rkaw92/esdf,https://github.com/rkaw92/esdf,2013,JavaScript,User,20,5,2013-10-24T08:30:54Z,"Event-Driven Architecture"
michal-michaluk/ddd-wro-warehouse,https://github.com/michal-michaluk/ddd-wro-warehouse,2016,Java,User,20,12,2016-06-16T10:04:48Z,"Onion Architecture"
zawiszaty/symfony-prooph-example,https://github.com/zawiszaty/symfony-prooph-example,2019,PHP,User,20,5,2019-03-16T15:10:16Z,"Event-Driven Architecture"
jorge07/billing-api,https://github.com/jorge07/billing-api,2019,TypeScript,User,20,5,2019-11-04T13:16:04Z,"Event-Driven Architecture"
bustawin/big-sheets,https://github.com/bustawin/big-sheets,2020,Python,User,20,0,2020-05-02T17:54:26Z,"Hexagonal Architecture"
nicfix/py-ddd-cqrs-microservice-boilerplate,https://github.com/nicfix/py-ddd-cqrs-microservice-boilerplate,2020,Python,User,20,2,2020-05-12T14:01:06Z,"Layered Architecture"
PySport/ingestify,https://github.com/PySport/ingestify,2021,Python,Organization,20,1,2021-07-29T18:34:17Z,"Layered Architecture"
arturlaskowski/bigos-app,https://github.com/arturlaskowski/bigos-app,2022,Java,User,20,3,2022-08-05T08:51:48Z,"Hexagonal Architecture"
j5ik2o/event-store-adapter-js,https://github.com/j5ik2o/event-store-adapter-js,2023,TypeScript,User,20,1,2023-09-15T06:59:46Z,"Event-Driven Architecture"
m-danya/planty,https://github.com/m-danya/planty,2024,Python,User,20,1,2024-05-05T16:00:55Z,"Onion Architecture"
mehdihadeli/spring-food-delivery-microservices,https://github.com/mehdihadeli/spring-food-delivery-microservices,2025,Java,User,20,3,2025-01-31T15:47:27Z,"Event-Driven Architecture"
leal32b/webapi-nodejs,https://github.com/leal32b/webapi-nodejs,2021,TypeScript,User,19,1,2021-09-16T22:19:44Z,"Clean Architecture"
prooph/snapshotter,https://github.com/prooph/snapshotter,2015,PHP,Organization,19,11,2015-11-03T15:10:58Z,"Event-Driven Architecture"
ErazerBrecht/ErazerCQRS,https://github.com/ErazerBrecht/ErazerCQRS,2017,C#,User,19,5,2017-06-05T15:58:11Z,CQRS
gpslab/domain-event,https://github.com/gpslab/domain-event,2016,PHP,Organization,19,2,2016-09-29T09:27:56Z,"Event-Driven Architecture"
nabby27/example_node_api,https://github.com/nabby27/example_node_api,2019,TypeScript,User,19,3,2019-05-29T17:48:41Z,"Hexagonal Architecture"
IQSS/dataverse-client-javascript,https://github.com/IQSS/dataverse-client-javascript,2019,TypeScript,Organization,19,8,2019-09-15T14:33:48Z,"Layered Architecture"
thangchung/coolstore-moduliths,https://github.com/thangchung/coolstore-moduliths,2019,C#,User,19,5,2019-12-15T04:58:10Z,"Modular Monolith with Clean Architecture"
sneufeind/hexagonal-architecture-example-java,https://github.com/sneufeind/hexagonal-architecture-example-java,2020,Java,User,19,8,2020-05-14T19:15:59Z,"Hexagonal Architecture"
patrikfr/specification,https://github.com/patrikfr/specification,2015,Java,User,19,4,2015-04-16T16:08:03Z,"Layered Architecture"
Varagos/MinasPhone,https://github.com/Varagos/MinasPhone,2021,TypeScript,User,19,1,2021-08-21T09:51:18Z,"Hexagonal Architecture"
fluxera/Fluxera.Repository,https://github.com/fluxera/Fluxera.Repository,2021,C#,Organization,19,3,2021-12-05T20:03:00Z,"Layered Architecture"
violetbeach/verby-server,https://github.com/violetbeach/verby-server,2022,Java,User,19,0,2022-07-10T08:44:48Z,"Onion Architecture"
marcosvs98/hexagonal-architecture-with-python,https://github.com/marcosvs98/hexagonal-architecture-with-python,2023,Python,User,19,1,2023-01-22T22:18:40Z,"Hexagonal Architecture"
SingleUnitBox/SurveyStore,https://github.com/SingleUnitBox/SurveyStore,2024,C#,User,19,0,2024-02-19T21:02:35Z,Inconsistent
Evyweb/simple-ddd-toolkit,https://github.com/Evyweb/simple-ddd-toolkit,2024,TypeScript,User,19,0,2024-03-03T18:16:21Z,"Layered Architecture"
mannercode/nest-msa,https://github.com/mannercode/nest-msa,2024,TypeScript,Organization,19,6,2024-08-29T21:34:28Z,Microservices
e-athena/basic-platform,https://github.com/e-athena/basic-platform,2023,C#,Organization,19,1,2023-06-08T01:53:28Z,"Layered Architecture"
MartinPham/todo-ddd,https://github.com/MartinPham/todo-ddd,2017,PHP,User,18,6,2017-02-04T01:56:08Z,"Layered Architecture"
profjordanov/restaurant,https://github.com/profjordanov/restaurant,2019,C#,User,18,6,2019-04-06T21:10:53Z,CQRS
FongX777/hotel-booking-ddd,https://github.com/FongX777/hotel-booking-ddd,2019,TypeScript,User,18,6,2019-07-10T03:24:52Z,"Clean Architecture"
eeng/mercurius,https://github.com/eeng/mercurius,2020,Clojure,User,18,1,2020-03-13T03:25:29Z,"Clean Architecture"
radical-app/money,https://github.com/radical-app/money,2020,Go,Organization,18,6,2020-03-25T20:10:32Z,"Layered Architecture"
aspnetrun/run-aspnetcore-basics_retired,https://github.com/aspnetrun/run-aspnetcore-basics_retired,2019,C#,Organization,18,7,2019-04-23T10:06:54Z,Microservices
dddlib/dddlib,https://github.com/dddlib/dddlib,2015,C#,Organization,18,8,2015-03-01T12:44:18Z,"Event-Driven Architecture"
Bullabs/Qitar,https://github.com/Bullabs/Qitar,2021,C#,Organization,18,1,2021-02-28T18:03:35Z,CQRS
xmolecules/jmolecules-examples,https://github.com/xmolecules/jmolecules-examples,2021,Java,Organization,18,10,2021-08-05T14:58:37Z,CQRS
gftf2011/clean-node-file-uploader-api-js,https://github.com/gftf2011/clean-node-file-uploader-api-js,2022,JavaScript,User,18,3,2022-01-08T21:47:43Z,"Clean Architecture"
EdwinVW/cloud-native-net,https://github.com/EdwinVW/cloud-native-net,2022,C#,User,18,9,2022-05-17T06:36:03Z,CQRS
ocw-central/ocw-central-backend,https://github.com/ocw-central/ocw-central-backend,2022,Go,Organization,18,0,2022-08-06T10:37:13Z,"Clean Architecture"
mustang-framework/mustang,https://github.com/mustang-framework/mustang,2023,PHP,Organization,18,3,2023-03-02T16:19:20Z,"Layered Architecture"
esentri/domainlifecycles,https://github.com/esentri/domainlifecycles,2024,Java,Organization,18,2,2024-03-20T14:32:16Z,"Event-Driven Architecture"
phillippelevidad/phillcode-nestjs-folder-structure,https://github.com/phillippelevidad/phillcode-nestjs-folder-structure,2024,TypeScript,User,18,0,2024-09-19T12:31:25Z,"Clean Architecture"
c5ms/modern-ddd-cargotracker,https://github.com/c5ms/modern-ddd-cargotracker,2024,Java,User,18,0,2024-11-23T16:14:06Z,"Onion Architecture"
francemazzi/auth-boiler-plate,https://github.com/francemazzi/auth-boiler-plate,2025,TypeScript,User,18,0,2025-01-08T09:43:01Z,"Layered Architecture"
kriegcloud/beep-effect,https://github.com/kriegcloud/beep-effect,2025,TypeScript,User,18,1,2025-08-09T21:07:08Z,"Hexagonal Architecture"
QuinntyneBrown/Endpoint,https://github.com/QuinntyneBrown/Endpoint,2021,C#,User,18,2,2021-03-07T21:50:55Z,"Clean Architecture"
helpwave/services,https://github.com/helpwave/services,2022,Go,Organization,18,1,2022-12-15T10:33:22Z,"Event-Driven Architecture"
phpmentors-jp/phpmentors-example-campaign,https://github.com/phpmentors-jp/phpmentors-example-campaign,2013,PHP,Organization,17,5,2013-06-04T15:00:22Z,"Layered Architecture"
mvcds/hubi,https://github.com/mvcds/hubi,2018,JavaScript,User,17,0,2018-03-23T01:48:11Z,"Onion Architecture"
profjordanov/sports-system,https://github.com/profjordanov/sports-system,2019,C#,User,17,14,2019-07-08T16:06:20Z,CQRS
phodal/powermd,https://github.com/phodal/powermd,2020,JavaScript,User,17,1,2020-03-04T05:32:39Z,"Layered Architecture"
mrp130/psd,https://github.com/mrp130/psd,2020,C#,User,17,14,2020-03-23T19:36:13Z,"Layered Architecture"
jpardobl/jpardobl-trastobrain,https://github.com/jpardobl/jpardobl-trastobrain,2020,Python,User,17,7,2020-03-31T16:23:13Z,"Onion Architecture"
diegofox2/jobofferbackend,https://github.com/diegofox2/jobofferbackend,2020,C#,User,17,7,2020-05-13T16:55:24Z,"Onion Architecture"
GermainSIGETY/golang-ddd-kata,https://github.com/GermainSIGETY/golang-ddd-kata,2020,Go,User,17,5,2020-07-29T10:03:15Z,"Hexagonal Architecture"
gbih/ddd-in-go,https://github.com/gbih/ddd-in-go,2020,Go,User,17,1,2020-11-09T03:22:21Z,"Layered Architecture"
PabloChristian/dotnet-real-time-chat,https://github.com/PabloChristian/dotnet-real-time-chat,2022,C#,User,17,5,2022-07-28T23:37:21Z,"Layered Architecture"
Bryan-Herrera-DEV/node-ts-ddd-prisma-backend,https://github.com/Bryan-Herrera-DEV/node-ts-ddd-prisma-backend,2023,TypeScript,User,17,1,2023-06-30T17:40:41Z,"Clean Architecture"
DEVids-VT/Insightify,https://github.com/DEVids-VT/Insightify,2023,C#,Organization,17,2,2023-06-19T18:04:30Z,"Onion Architecture"
metalglove/Kwetter,https://github.com/metalglove/Kwetter,2021,C#,User,17,4,2021-03-07T19:59:33Z,Microservices
crissanclick/shopify-symfony-php-skeleton,https://github.com/crissanclick/shopify-symfony-php-skeleton,2023,PHP,User,17,3,2023-10-11T17:19:24Z,"Hexagonal Architecture"
sentemon/MessagingPlatform,https://github.com/sentemon/MessagingPlatform,2024,C#,User,17,0,2024-07-29T18:57:12Z,"Clean Architecture"
entropy-flux/TorchSystem,https://github.com/entropy-flux/TorchSystem,2024,Python,User,17,1,2024-11-06T02:12:46Z,"Event-Driven Architecture"
Adaptech/nota,https://github.com/Adaptech/nota,2017,JavaScript,Organization,16,17,2017-01-27T21:51:05Z,CQRS
envato/event_sourcery_todo_app,https://github.com/envato/event_sourcery_todo_app,2017,Ruby,Organization,16,9,2017-06-13T01:27:10Z,"Event-Driven Architecture"
jfellien/SeekYouRS,https://github.com/jfellien/SeekYouRS,2013,C#,User,16,3,2013-05-22T06:35:59Z,CQRS
michael-simons/simple-meetup,https://github.com/michael-simons/simple-meetup,2017,Java,User,16,7,2017-10-27T14:30:19Z,"Layered Architecture"
lucabriguglia/Memoria,https://github.com/lucabriguglia/Memoria,2017,C#,User,16,118,2017-11-04T08:21:53Z,CQRS
streakphp/streak,https://github.com/streakphp/streak,2017,PHP,Organization,16,2,2017-11-16T10:24:19Z,CQRS
pkyurkchiev/web-programming-biel,https://github.com/pkyurkchiev/web-programming-biel,2018,C#,User,16,10,2018-11-16T10:30:50Z,"Onion Architecture"
soa-php/code-review-app,https://github.com/soa-php/code-review-app,2018,PHP,Organization,16,1,2018-12-05T20:21:18Z,"Hexagonal Architecture"
pristupa/ddd,https://github.com/pristupa/ddd,2019,Python,User,16,4,2019-01-24T11:44:05Z,"Layered Architecture"
jchapuis/akka-persistent-entity,https://github.com/jchapuis/akka-persistent-entity,2019,Scala,User,16,2,2019-08-15T09:09:21Z,"Onion Architecture"
michalzeman/reactor-ddd,https://github.com/michalzeman/reactor-ddd,2019,Java,User,16,6,2019-09-07T16:49:37Z,CQRS
idugalic/axon-contract-testing-demo,https://github.com/idugalic/axon-contract-testing-demo,2019,Java,User,16,7,2019-11-29T16:12:28Z,"Event-Driven Architecture"
andreas-hellmann/ts-generic-builder,https://github.com/andreas-hellmann/ts-generic-builder,2020,TypeScript,User,16,1,2020-03-22T12:07:54Z,"Layered Architecture"
kberbic/ddd,https://github.com/kberbic/ddd,2020,TypeScript,User,16,1,2020-04-21T14:27:58Z,"Layered Architecture"
VasilisGaitanidis/master-containerized-microservices,https://github.com/VasilisGaitanidis/master-containerized-microservices,2020,C#,User,16,3,2020-07-08T16:07:49Z,"Clean Architecture"
r-koubou/KeySwitchManager,https://github.com/r-koubou/KeySwitchManager,2020,C#,User,16,3,2020-08-26T21:20:41Z,"Clean Architecture"
dnd-side-project/dnd-mentee-4th-5-backend,https://github.com/dnd-side-project/dnd-mentee-4th-5-backend,2021,Python,Organization,16,3,2021-01-24T13:45:20Z,"Layered Architecture"
pfazzi/book-shop,https://github.com/pfazzi/book-shop,2021,PHP,User,16,8,2021-04-17T17:37:44Z,"Hexagonal Architecture"
nestjs-architects/nx-ddd-plugin,https://github.com/nestjs-architects/nx-ddd-plugin,2021,TypeScript,Organization,16,0,2021-10-22T19:45:35Z,"Onion Architecture"
Nikoo-Asadnejad/GenericRepository,https://github.com/Nikoo-Asadnejad/GenericRepository,2022,C#,User,16,1,2022-06-04T06:42:49Z,"Layered Architecture"
brunotacca/poc_cleanarch_spring_multimodule,https://github.com/brunotacca/poc_cleanarch_spring_multimodule,2022,Java,User,16,6,2022-07-17T22:51:33Z,"Clean Architecture"
koei-kaji/ddd-clean-architecture-python,https://github.com/koei-kaji/ddd-clean-architecture-python,2022,Python,User,16,1,2022-08-11T05:48:20Z,"Clean Architecture"
bwaidelich/dcb-example-courses,https://github.com/bwaidelich/dcb-example-courses,2023,PHP,User,16,0,2023-06-05T10:11:21Z,"Event-Driven Architecture"
j5ik2o/event-store-adapter-rs,https://github.com/j5ik2o/event-store-adapter-rs,2023,Rust,User,16,0,2023-08-31T11:17:43Z,"Event-Driven Architecture"
DJWOMS/sup,https://github.com/DJWOMS/sup,2023,Python,User,16,6,2023-11-02T10:49:29Z,"Layered Architecture"
MehrdadShirvani/AlibabaClone-Backend,https://github.com/MehrdadShirvani/AlibabaClone-Backend,2025,C#,User,16,1,2025-03-07T12:19:51Z,"Clean Architecture"
Bentanik/CleanArchDotNetTemplate,https://github.com/Bentanik/CleanArchDotNetTemplate,2025,C#,User,16,2,2025-09-21T06:06:55Z,"Clean Architecture"
LeeCampbell/CoD,https://github.com/LeeCampbell/CoD,2017,Java,User,15,3,2017-04-27T00:05:03Z,"Onion Architecture"
feijie999/JieDDDFramework,https://github.com/feijie999/JieDDDFramework,2018,C#,User,15,3,2018-11-26T07:35:36Z,"Onion Architecture"
finesoft/corantce,https://github.com/finesoft/corantce,2018,Java,User,15,8,2018-12-24T10:13:54Z,"Layered Architecture"
trophyleagues/forum-backend,https://github.com/trophyleagues/forum-backend,2019,PHP,Organization,15,3,2019-03-21T08:33:26Z,"Hexagonal Architecture"
tomferon/eventsourcing,https://github.com/tomferon/eventsourcing,2019,Haskell,User,15,2,2019-11-12T20:15:04Z,CQRS
HouseHold/HouseHold,https://github.com/HouseHold/HouseHold,2019,PHP,Organization,15,1,2019-12-15T15:44:04Z,CQRS
roadtoagility/dflow,https://github.com/roadtoagility/dflow,2020,C#,Organization,15,6,2020-06-27T11:56:38Z,"Event-Driven Architecture"
andriwandres/ChatClient,https://github.com/andriwandres/ChatClient,2020,C#,User,15,4,2020-01-21T19:22:49Z,"Layered Architecture"
First-Steps-in-DDD-Community/first-steps-in-ddd-solutions-dotnet,https://github.com/First-Steps-in-DDD-Community/first-steps-in-ddd-solutions-dotnet,2020,C#,Organization,15,35,2020-08-19T08:22:40Z,"Layered Architecture"
carlosvillu/pajarito,https://github.com/carlosvillu/pajarito,2020,JavaScript,User,15,3,2020-10-04T18:25:32Z,"Onion Architecture"
Oberonus/planningpoker,https://github.com/Oberonus/planningpoker,2021,Go,User,15,2,2021-01-31T12:45:27Z,"Hexagonal Architecture"
lucas-ifsp/CTruco,https://github.com/lucas-ifsp/CTruco,2021,Java,User,15,101,2021-05-28T21:43:48Z,"Clean Architecture"
jultabary/4dk,https://github.com/jultabary/4dk,2021,Rust,User,15,1,2021-10-23T13:23:33Z,"Hexagonal Architecture"
yceruto/ddd-maker-bundle,https://github.com/yceruto/ddd-maker-bundle,2022,PHP,User,15,4,2022-01-11T01:07:38Z,"Layered Architecture"
gushakov/trip-flow,https://github.com/gushakov/trip-flow,2022,Java,User,15,10,2022-09-09T09:24:19Z,"Hexagonal Architecture"
4lessandrodev/ddd-app,https://github.com/4lessandrodev/ddd-app,2022,TypeScript,User,15,2,2022-08-10T05:15:14Z,"Onion Architecture"
GUILHERMEPSANTOS/NerdStoreEnterprise,https://github.com/GUILHERMEPSANTOS/NerdStoreEnterprise,2022,C#,User,15,0,2022-12-18T14:17:50Z,Microservices
Hakona-Matata/identity-provider,https://github.com/Hakona-Matata/identity-provider,2023,JavaScript,Organization,15,0,2023-02-23T04:23:32Z,"Layered Architecture"
j5ik2o/event-store-adapter-go,https://github.com/j5ik2o/event-store-adapter-go,2023,Go,User,15,1,2023-08-31T06:43:12Z,"Event-Driven Architecture"
ddjerqq/klean,https://github.com/ddjerqq/klean,2024,C#,User,15,1,2024-01-01T10:19:16Z,"Clean Architecture"
zeng-alt/zero-ddd,https://github.com/zeng-alt/zero-ddd,2024,Java,User,15,1,2024-06-15T11:09:42Z,CQRS
DominikBB/signal,https://github.com/DominikBB/signal,2024,Gleam,User,15,0,2024-07-17T14:48:22Z,"Event-Driven Architecture"
robzhu/Library.WebApi,https://github.com/robzhu/Library.WebApi,2015,C#,User,14,1,2015-08-04T20:04:44Z,"Layered Architecture"
gpslab/domain-event-bundle,https://github.com/gpslab/domain-event-bundle,2016,PHP,Organization,14,2,2016-09-29T16:07:00Z,"Event-Driven Architecture"
appkr/db-lock-poc,https://github.com/appkr/db-lock-poc,2017,PHP,User,14,3,2017-05-06T15:07:13Z,"Layered Architecture"
mnavarrocarter/chilean-rut,https://github.com/mnavarrocarter/chilean-rut,2018,PHP,User,14,3,2018-08-08T06:51:01Z,"Layered Architecture"
retro-framework/go-retro,https://github.com/retro-framework/go-retro,2017,Go,Organization,14,1,2017-12-11T13:37:37Z,CQRS
fuinorg/cqrs-4-java,https://github.com/fuinorg/cqrs-4-java,2014,Java,Organization,14,3,2014-04-26T09:52:04Z,CQRS
jbpionnier/ts-ddd,https://github.com/jbpionnier/ts-ddd,2019,TypeScript,User,14,0,2019-08-20T07:32:39Z,CQRS
TreeOfAKind/TreeOfAKind,https://github.com/TreeOfAKind/TreeOfAKind,2020,C#,Organization,14,6,2020-10-03T10:44:41Z,"Clean Architecture"
brbarmex/dotnet-craftsman,https://github.com/brbarmex/dotnet-craftsman,2021,C#,User,14,1,2021-02-13T21:16:31Z,"Clean Architecture"
gabriellopes00/buzzl,https://github.com/gabriellopes00/buzzl,2021,TypeScript,User,14,1,2021-04-03T14:48:16Z,"Clean Architecture"
pstrsr/hexagonal-example,https://github.com/pstrsr/hexagonal-example,2021,Java,User,14,5,2021-04-10T21:20:44Z,"Hexagonal Architecture"
christophdebaene/PragmaticArchitecture,https://github.com/christophdebaene/PragmaticArchitecture,2015,C#,User,14,2,2015-06-15T20:44:15Z,"Onion Architecture"
garcia-tech/garcia,https://github.com/garcia-tech/garcia,2022,C#,Organization,14,3,2022-12-08T10:59:40Z,"Onion Architecture"
DeGraciaMathieu/php-wording-detector,https://github.com/DeGraciaMathieu/php-wording-detector,2023,PHP,User,14,0,2023-03-04T16:13:04Z,"Layered Architecture"
ed-pilots-network/backend,https://github.com/ed-pilots-network/backend,2023,Java,Organization,14,5,2023-04-05T15:35:26Z,"Hexagonal Architecture"
bwaidelich/dcb-eventstore,https://github.com/bwaidelich/dcb-eventstore,2023,PHP,User,14,1,2023-06-05T09:52:57Z,"Event-Driven Architecture"
MyPill2023/MyPill_V1,https://github.com/MyPill2023/MyPill_V1,2023,Java,Organization,14,2,2023-06-21T06:45:01Z,"Layered Architecture"
rekalogika/domain-event-src,https://github.com/rekalogika/domain-event-src,2023,PHP,Organization,14,0,2023-09-01T12:26:38Z,"Event-Driven Architecture"
CocaineCong/todolist-ddd,https://github.com/CocaineCong/todolist-ddd,2025,Go,User,14,7,2025-07-28T03:23:29Z,"Layered Architecture"
simnova/sharethrift,https://github.com/simnova/sharethrift,2025,TypeScript,Organization,14,0,2025-07-31T20:23:39Z,"Onion Architecture"
jkonowitch/hex-effect,https://github.com/jkonowitch/hex-effect,2024,TypeScript,User,14,0,2024-07-06T15:34:39Z,"Hexagonal Architecture"
Shamar/Epic.NET,https://github.com/Shamar/Epic.NET,2010,C#,User,14,13,2010-06-08T14:57:35Z,"Layered Architecture"
xtoon/xtoon-cloud-ddd,https://github.com/xtoon/xtoon-cloud-ddd,2021,Java,User,14,14,2021-07-05T15:01:15Z,"Layered Architecture"
2020IP/TwentyTwenty.DomainDriven,https://github.com/2020IP/TwentyTwenty.DomainDriven,2016,C#,Organization,13,5,2016-06-29T18:38:48Z,CQRS
BullOak/BullOak,https://github.com/BullOak/BullOak,2016,C#,Organization,13,11,2016-11-10T10:00:32Z,"Event-Driven Architecture"
phpmentors-jp/phpmentors-training-example-symfony,https://github.com/phpmentors-jp/phpmentors-training-example-symfony,2013,PHP,Organization,13,11,2013-01-08T07:47:33Z,"Layered Architecture"
ivans-innovation-lab/my-company-monolith,https://github.com/ivans-innovation-lab/my-company-monolith,2017,Java,Organization,13,2,2017-01-30T20:17:51Z,CQRS
envato/event_sourcery-postgres,https://github.com/envato/event_sourcery-postgres,2017,Ruby,Organization,13,7,2017-05-15T23:39:40Z,"Event-Driven Architecture"
XerProjects/Xer.DomainDriven,https://github.com/XerProjects/Xer.DomainDriven,2017,C#,Organization,13,5,2017-12-27T16:33:25Z,"Layered Architecture"
lucascourot/PHPKataTrainReservation,https://github.com/lucascourot/PHPKataTrainReservation,2018,PHP,User,13,1,2018-01-30T23:17:12Z,"Hexagonal Architecture"
aulasoftwarelibre/iam,https://github.com/aulasoftwarelibre/iam,2018,PHP,Organization,13,0,2018-07-11T16:15:03Z,CQRS
eyazici90/Galaxy,https://github.com/eyazici90/Galaxy,2018,C#,User,13,7,2018-10-13T08:45:42Z,"Onion Architecture"
apache/causeway-app-simpleapp,https://github.com/apache/causeway-app-simpleapp,2019,Java,Organization,13,13,2019-07-08T10:43:43Z,"Layered Architecture"
hernaski/Domain-Driven-Design-Solution,https://github.com/hernaski/Domain-Driven-Design-Solution,2021,C#,User,13,6,2021-01-21T01:13:00Z,"Layered Architecture"
Fredkiss3/thullo,https://github.com/Fredkiss3/thullo,2021,TypeScript,User,13,2,2021-11-11T19:32:51Z,"Clean Architecture"
ShadyNagy/ShadyNagy.ApiTemplate,https://github.com/ShadyNagy/ShadyNagy.ApiTemplate,2022,C#,User,13,2,2022-01-29T13:00:06Z,"Clean Architecture"
jayy-lmao/domain-modelling-made-functional-rust,https://github.com/jayy-lmao/domain-modelling-made-functional-rust,2022,Rust,User,13,1,2022-05-09T11:15:13Z,"Functional DDD"
EventoFramework/evento-framework,https://github.com/EventoFramework/evento-framework,2022,Java,Organization,13,0,2022-05-31T13:12:47Z,CQRS
Nexters/myply,https://github.com/Nexters/myply,2022,Go,Organization,13,0,2022-07-05T04:14:13Z,"Hexagonal Architecture"
kp-nagar/MicroserviceArchitectureDemo,https://github.com/kp-nagar/MicroserviceArchitectureDemo,2023,Python,User,13,3,2023-01-25T10:07:48Z,Microservices
iliasHamdaoui/SolenLms,https://github.com/iliasHamdaoui/SolenLms,2023,C#,User,13,5,2023-01-12T15:34:04Z,"Clean Architecture"
gushakov/library-clean,https://github.com/gushakov/library-clean,2023,Java,User,13,5,2023-04-22T15:37:12Z,"Clean Architecture"
wayofdev/laravel-starter-tpl,https://github.com/wayofdev/laravel-starter-tpl,2023,PHP,Organization,13,3,2023-05-03T12:17:27Z,"Layered Architecture"
PacktPublishing/Enterprise-Architecture-with-.NET,https://github.com/PacktPublishing/Enterprise-Architecture-with-.NET,2023,C#,Organization,13,3,2023-06-05T08:32:46Z,"Layered Architecture"
feiniaojin/ddd-aigc,https://github.com/feiniaojin/ddd-aigc,2023,Java,User,13,5,2023-10-14T09:59:05Z,"Layered Architecture"
felipepassion/lazy-crud-builder,https://github.com/felipepassion/lazy-crud-builder,2023,C#,User,13,3,2023-11-07T14:14:25Z,"Layered Architecture"
3thinkthendoit/think-oms-ddd,https://github.com/3thinkthendoit/think-oms-ddd,2024,Java,User,13,1,2024-07-12T05:53:23Z,"Layered Architecture"
builam66/asp-net-ms-shop,https://github.com/builam66/asp-net-ms-shop,2024,C#,User,13,3,2024-11-23T14:10:50Z,Microservices
luismr/flight-tracker-event-app,https://github.com/luismr/flight-tracker-event-app,2025,TypeScript,User,13,1,2025-04-10T17:16:29Z,"Layered Architecture"
ganeshpodishetti/Dotnet9-WebAPI-Portfolio,https://github.com/ganeshpodishetti/Dotnet9-WebAPI-Portfolio,2025,C#,User,13,3,2025-03-09T01:35:54Z,"Clean Architecture"
duranserkan/DRN-Project,https://github.com/duranserkan/DRN-Project,2023,JavaScript,User,13,0,2023-08-13T11:19:24Z,"Layered Architecture"
prooph/annotations,https://github.com/prooph/annotations,2017,PHP,Organization,12,1,2017-02-14T15:14:14Z,"Event-Driven Architecture"
dnikolovv/bar-event-sourcing,https://github.com/dnikolovv/bar-event-sourcing,2018,C#,User,12,3,2018-12-14T14:26:58Z,CQRS
cherifGsoul/decouple-framwork-workshop,https://github.com/cherifGsoul/decouple-framwork-workshop,2019,PHP,User,12,5,2019-12-15T23:41:18Z,"Layered Architecture"
jexxa-projects/Jexxa,https://github.com/jexxa-projects/Jexxa,2020,Java,Organization,12,4,2020-03-10T18:14:01Z,"Hexagonal Architecture"
MDRCS/architecture-patterns,https://github.com/MDRCS/architecture-patterns,2020,Python,User,12,7,2020-06-23T21:22:25Z,"Layered Architecture"
BenGorUser/UserBundle,https://github.com/BenGorUser/UserBundle,2015,PHP,Organization,12,0,2015-10-27T15:25:11Z,"Layered Architecture"
casefabric/bounded-framework,https://github.com/casefabric/bounded-framework,2018,Scala,Organization,12,3,2018-01-23T11:56:20Z,"Event-Driven Architecture"
eaba/Hostel,https://github.com/eaba/Hostel,2019,C#,User,12,3,2019-05-05T15:59:50Z,"Event-Driven Architecture"
gcg-guille/seekNseat,https://github.com/gcg-guille/seekNseat,2021,TypeScript,User,12,0,2021-04-21T10:05:19Z,"Hexagonal Architecture"
AxonFramework/extension-multitenancy,https://github.com/AxonFramework/extension-multitenancy,2021,Java,Organization,12,2,2021-07-16T11:48:56Z,"Event-Driven Architecture"
akhunovaa/customer-service,https://github.com/akhunovaa/customer-service,2022,Java,User,12,1,2022-03-04T15:35:02Z,"Hexagonal Architecture"
dudiq/arched-hive,https://github.com/dudiq/arched-hive,2022,TypeScript,User,12,0,2022-07-09T19:32:08Z,"Hexagonal Architecture"
beincom/typeddd,https://github.com/beincom/typeddd,2022,TypeScript,Organization,12,2,2022-10-04T11:39:06Z,"Layered Architecture"
geekcell/ddd-symfony-bundle,https://github.com/geekcell/ddd-symfony-bundle,2023,PHP,Organization,12,1,2023-01-05T11:44:16Z,"Layered Architecture"
AMS-Co/AMS_Store,https://github.com/AMS-Co/AMS_Store,2023,C#,Organization,12,4,2023-01-06T10:30:42Z,"Layered Architecture"
jovicon/nestjs-clean-architecture-event-driven-template,https://github.com/jovicon/nestjs-clean-architecture-event-driven-template,2023,TypeScript,User,12,1,2023-06-28T20:03:21Z,"Clean Architecture"
eduardoconti/api-pix,https://github.com/eduardoconti/api-pix,2023,TypeScript,User,12,0,2023-03-04T03:25:22Z,"Clean Architecture"
zsmartex/zsmartex,https://github.com/zsmartex/zsmartex,2023,Go,Organization,12,3,2023-03-08T05:08:26Z,"Clean Architecture"
gaetanBloch/meal-order,https://github.com/gaetanBloch/meal-order,2023,Java,User,12,1,2023-05-12T15:58:31Z,"Event-Driven Architecture"
mt89vein/BookLibrary,https://github.com/mt89vein/BookLibrary,2024,C#,User,12,2,2024-03-24T09:27:07Z,"Clean Architecture"
fraktalio/fmodel-deno-demo,https://github.com/fraktalio/fmodel-deno-demo,2024,TypeScript,Organization,12,3,2024-04-01T15:44:49Z,"Event-Driven Architecture"
LucasGarcez/digital-nomad-app,https://github.com/LucasGarcez/digital-nomad-app,2025,TypeScript,User,12,1,2025-05-17T03:09:03Z,"Hexagonal Architecture"
BeameryHQ/ddd-ts,https://github.com/BeameryHQ/ddd-ts,2021,TypeScript,Organization,12,1,2021-11-12T19:00:18Z,"Layered Architecture"
khalifa005/KnightArchitecture,https://github.com/khalifa005/KnightArchitecture,2024,TypeScript,User,12,2,2024-07-18T10:41:41Z,"Layered Architecture"
jgoerner/corona-hackathon,https://github.com/jgoerner/corona-hackathon,2020,JavaScript,User,12,0,2020-03-18T20:37:18Z,"Hexagonal Architecture"
raedbh/spring-outbox,https://github.com/raedbh/spring-outbox,2024,Java,User,12,0,2024-09-15T10:21:37Z,"Event-Driven Architecture"
4lessandrodev/simple-ddd-app-example,https://github.com/4lessandrodev/simple-ddd-app-example,2021,TypeScript,User,11,1,2021-08-31T15:27:46Z,"Clean Architecture"
brianium/php-classic-blog,https://github.com/brianium/php-classic-blog,2012,PHP,User,11,8,2012-08-03T19:53:40Z,"Layered Architecture"
marcossegovia/ddd-cqrs-eventsourcing,https://github.com/marcossegovia/ddd-cqrs-eventsourcing,2016,PHP,User,11,1,2016-08-19T20:26:48Z,CQRS
TiagoSoczek/contoso-shop,https://github.com/TiagoSoczek/contoso-shop,2017,C#,User,11,2,2017-02-15T22:42:26Z,CQRS
tswiackiewicz/ddd-workshops,https://github.com/tswiackiewicz/ddd-workshops,2017,PHP,User,11,6,2017-04-21T21:30:44Z,CQRS
rbuckland/akka-escqrs,https://github.com/rbuckland/akka-escqrs,2013,Scala,User,11,3,2013-04-28T22:01:39Z,CQRS
tokilabs/plow,https://github.com/tokilabs/plow,2017,TypeScript,Organization,11,3,2017-07-19T23:46:27Z,"Event-Driven Architecture"
andrei-l/reactive-roulette,https://github.com/andrei-l/reactive-roulette,2017,Scala,User,11,2,2017-08-08T01:23:27Z,CQRS
reneviering/wolkenkit-geocaching,https://github.com/reneviering/wolkenkit-geocaching,2017,JavaScript,User,11,2,2017-11-27T16:57:42Z,"Event-Driven Architecture"
mariusklocke/liga-manager-api,https://github.com/mariusklocke/liga-manager-api,2018,PHP,User,11,1,2018-01-17T20:37:24Z,"Hexagonal Architecture"
phduarte/Tetris,https://github.com/phduarte/Tetris,2018,C#,User,11,1,2018-01-20T00:33:46Z,"Layered Architecture"
echelon-solutions/aws-event-sourcing,https://github.com/echelon-solutions/aws-event-sourcing,2018,TypeScript,Organization,11,4,2018-06-27T03:32:42Z,"Event-Driven Architecture"
dibley1973/OpenRMS,https://github.com/dibley1973/OpenRMS,2016,C#,User,11,5,2016-08-30T19:15:40Z,"Layered Architecture"
fyndiq/eventsourcing_helpers,https://github.com/fyndiq/eventsourcing_helpers,2017,Python,Organization,11,1,2017-08-21T14:05:10Z,"Event-Driven Architecture"
Anapher/AwesomeAspNetCore,https://github.com/Anapher/AwesomeAspNetCore,2019,C#,User,11,4,2019-06-17T19:13:22Z,"Onion Architecture"
rtang03/fabric-es,https://github.com/rtang03/fabric-es,2019,TypeScript,User,11,2,2019-09-11T03:03:58Z,CQRS
herbsjs/gotu,https://github.com/herbsjs/gotu,2019,JavaScript,Organization,11,19,2019-09-25T16:05:55Z,"Clean Architecture"
jagoPG/py-ddd,https://github.com/jagoPG/py-ddd,2020,Python,User,11,2,2020-02-28T10:34:43Z,"Hexagonal Architecture"
ldiego73/node-microservices-template,https://github.com/ldiego73/node-microservices-template,2020,TypeScript,User,11,2,2020-05-03T22:06:22Z,"Onion Architecture"
Zulbukharov/golang-ddd-hex,https://github.com/Zulbukharov/golang-ddd-hex,2020,Go,User,11,2,2020-08-02T14:14:38Z,"Hexagonal Architecture"
lucassus/python-ddd-sandbox,https://github.com/lucassus/python-ddd-sandbox,2021,Python,User,11,0,2021-01-08T11:49:49Z,"Clean Architecture"
RomainVernoux/ddd-examples,https://github.com/RomainVernoux/ddd-examples,2021,Java,User,11,5,2021-01-16T18:30:43Z,"Hexagonal Architecture"
ken-xue/ddd-framework,https://github.com/ken-xue/ddd-framework,2021,Java,Organization,11,12,2021-12-11T03:01:14Z,"Layered Architecture"
RIPE-NCC/rpki-core,https://github.com/RIPE-NCC/rpki-core,2022,Java,Organization,11,7,2022-01-11T15:08:39Z,"Layered Architecture"
YeonwooSung/FastAPI_Templates,https://github.com/YeonwooSung/FastAPI_Templates,2023,Python,User,11,4,2023-02-04T06:52:10Z,"Hexagonal Architecture"
e-potashkin/BuberDinner,https://github.com/e-potashkin/BuberDinner,2022,C#,User,11,3,2022-10-31T18:52:32Z,"Clean Architecture"
tofu-soya/effect-ddd,https://github.com/tofu-soya/effect-ddd,2023,TypeScript,Organization,11,0,2023-07-04T16:07:36Z,"Clean Architecture"
danielmackay/dotnet-domain-driven-design,https://github.com/danielmackay/dotnet-domain-driven-design,2023,C#,User,11,1,2023-04-07T06:49:05Z,"Clean Architecture"
hadiuzzaman524/flutter-clean-architecture,https://github.com/hadiuzzaman524/flutter-clean-architecture,2023,Dart,User,11,0,2023-05-26T04:36:58Z,"Clean Architecture"
feiniaojin/ddd-cms,https://github.com/feiniaojin/ddd-cms,2022,Java,User,11,3,2022-07-15T10:32:44Z,"Layered Architecture"
j5ik2o/event-store-adapter-java,https://github.com/j5ik2o/event-store-adapter-java,2023,Java,User,11,0,2023-09-08T11:54:11Z,CQRS
Hamza-Darouzi/Football-API,https://github.com/Hamza-Darouzi/Football-API,2023,C#,User,11,1,2023-09-17T10:49:08Z,"Clean Architecture"
Genocs/microservice-template,https://github.com/Genocs/microservice-template,2023,C#,Organization,11,4,2023-09-21T18:13:31Z,"Clean Architecture"
mattes3/ddd-video-club,https://github.com/mattes3/ddd-video-club,2023,TypeScript,User,11,7,2023-10-12T11:32:29Z,"Hexagonal Architecture"
ezequielcsilva/SalesCore,https://github.com/ezequielcsilva/SalesCore,2024,C#,User,11,7,2024-09-19T21:27:30Z,"Clean Architecture"
CellixJs/cellixjs,https://github.com/CellixJs/cellixjs,2025,TypeScript,Organization,11,0,2025-01-06T05:17:26Z,"Onion Architecture"
Opselon/ForexTradingBot,https://github.com/Opselon/ForexTradingBot,2025,C#,User,11,6,2025-05-15T23:16:21Z,"Clean Architecture"
lapidix/nextjs-fsd-ddd-example,https://github.com/lapidix/nextjs-fsd-ddd-example,2025,TypeScript,User,11,0,2025-06-25T03:39:08Z,"Clean Architecture"
barryosull/valueobjects,https://github.com/barryosull/valueobjects,2016,PHP,User,10,4,2016-02-05T18:02:37Z,"Onion Architecture"
paralect/cqrs-cluser,https://github.com/paralect/cqrs-cluser,2017,C#,Organization,10,1,2017-03-27T11:30:20Z,CQRS
viadeo/kasper-framework,https://github.com/viadeo/kasper-framework,2013,Java,Organization,10,6,2013-04-11T12:23:25Z,CQRS
zawiszaty/tutorials_tank,https://github.com/zawiszaty/tutorials_tank,2018,PHP,User,10,1,2018-07-20T06:34:01Z,CQRS
jkazama/sample-php7-laravel,https://github.com/jkazama/sample-php7-laravel,2016,PHP,User,10,2,2016-03-30T06:17:34Z,"Layered Architecture"
micheleangioni/node-ts-ai-starter,https://github.com/micheleangioni/node-ts-ai-starter,2018,TypeScript,User,10,1,2018-09-07T08:31:58Z,"Onion Architecture"
sekky0905/clean-architecture-with-go,https://github.com/sekky0905/clean-architecture-with-go,2018,Go,User,10,1,2018-09-17T09:50:36Z,"Clean Architecture"
matemagyari/reference-ddd-blackjack,https://github.com/matemagyari/reference-ddd-blackjack,2014,Java,User,10,7,2014-02-16T16:30:06Z,"Hexagonal Architecture"
markglibres/dotnetcore-service-template,https://github.com/markglibres/dotnetcore-service-template,2019,C#,User,10,3,2019-07-13T13:19:15Z,"Clean Architecture"
fyzact/Basic-Clean-Architecture,https://github.com/fyzact/Basic-Clean-Architecture,2019,C#,User,10,0,2019-09-12T09:35:19Z,"Clean Architecture"
pekalam/auctionhouse,https://github.com/pekalam/auctionhouse,2019,C#,User,10,5,2019-10-20T21:22:45Z,"Hexagonal Architecture"
idugalic/axon-statemachine-demo,https://github.com/idugalic/axon-statemachine-demo,2020,Java,User,10,2,2020-03-22T13:34:19Z,"Event-Driven Architecture"
Dionid/dddl,https://github.com/Dionid/dddl,2020,TypeScript,User,10,0,2020-06-25T11:26:11Z,"Event-Driven Architecture"
2pai/codebase-2pai,https://github.com/2pai/codebase-2pai,2018,JavaScript,User,10,4,2018-12-19T15:15:20Z,CQRS
dmitrykologrivko/nestjs-boilerplate,https://github.com/dmitrykologrivko/nestjs-boilerplate,2020,TypeScript,User,10,2,2020-09-28T17:06:11Z,"Onion Architecture"
dominik-najberg/symfony-api-example,https://github.com/dominik-najberg/symfony-api-example,2020,PHP,User,10,0,2020-10-04T07:53:56Z,"Hexagonal Architecture"
warguns/wp-reviews-hexagonal-architecture-example,https://github.com/warguns/wp-reviews-hexagonal-architecture-example,2020,PHP,User,10,1,2020-12-17T19:07:32Z,"Hexagonal Architecture"
emergingcode/as-cqrs-emergingbooking,https://github.com/emergingcode/as-cqrs-emergingbooking,2020,C#,Organization,10,3,2020-12-29T21:33:55Z,CQRS
xiajingren/summer,https://github.com/xiajingren/summer,2021,C#,User,10,1,2021-04-12T08:22:22Z,"Clean Architecture"
gabriellopes00/Morpheus,https://github.com/gabriellopes00/Morpheus,2021,Go,User,10,2,2021-08-25T15:08:57Z,Microservices
cjuega/typescript-fullstack-skeleton,https://github.com/cjuega/typescript-fullstack-skeleton,2022,TypeScript,User,10,4,2022-02-26T11:03:37Z,"Hexagonal Architecture"
JuanOrbegoso/wish-list-api,https://github.com/JuanOrbegoso/wish-list-api,2021,TypeScript,User,10,1,2021-10-25T21:39:59Z,"Clean Architecture"
dotarj/Giddup,https://github.com/dotarj/Giddup,2022,C#,User,10,1,2022-03-13T06:58:49Z,"Hexagonal Architecture"
minericefield/trying-nestjs-ddd,https://github.com/minericefield/trying-nestjs-ddd,2022,TypeScript,User,10,1,2022-02-05T15:59:21Z,"Layered Architecture"
s4nt14go/white-label,https://github.com/s4nt14go/white-label,2022,TypeScript,User,10,1,2022-03-17T13:42:19Z,"Event-Driven Architecture"
xialugui/implementing-domain-driven-design,https://github.com/xialugui/implementing-domain-driven-design,2021,Java,User,10,8,2021-08-12T10:20:42Z,"Layered Architecture"
BenjaminAbt/AspNetCoreEnterprisePlatform,https://github.com/BenjaminAbt/AspNetCoreEnterprisePlatform,2022,C#,User,10,1,2022-07-02T11:52:11Z,"Layered Architecture"
erikshafer/eventstoredb-event-sourcing-ecommerce,https://github.com/erikshafer/eventstoredb-event-sourcing-ecommerce,2023,C#,User,10,1,2023-02-06T19:31:28Z,"Event-Driven Architecture"
revue-org/revue,https://github.com/revue-org/revue,2023,TypeScript,Organization,10,4,2023-02-14T11:11:01Z,Microservices
viniciusanchieta/viniciusanchieta.dev,https://github.com/viniciusanchieta/viniciusanchieta.dev,2023,TypeScript,User,10,2,2023-03-03T11:58:01Z,"Layered Architecture"
GauravScripts/Dispatch-Dynamo,https://github.com/GauravScripts/Dispatch-Dynamo,2023,Java,User,10,1,2023-03-06T10:07:28Z,Microservices
tonyfromundefined/ventyd,https://github.com/tonyfromundefined/ventyd,2023,TypeScript,User,10,1,2023-04-11T06:20:08Z,"Event-Driven Architecture"
abdallahalseddek/Javeats-Lites,https://github.com/abdallahalseddek/Javeats-Lites,2023,Java,User,10,10,2023-12-13T21:41:24Z,"Layered Architecture"
zhuravlevma/typeorm-unit-of-work,https://github.com/zhuravlevma/typeorm-unit-of-work,2024,TypeScript,User,10,1,2024-01-04T17:55:04Z,"Clean Architecture"
fmelihh/recommendation-engine,https://github.com/fmelihh/recommendation-engine,2024,Python,User,10,0,2024-03-19T16:44:20Z,"Onion Architecture"
mploed/ddd-training,https://github.com/mploed/ddd-training,2024,Java,User,10,1,2024-09-27T16:54:45Z,"Onion Architecture"
mrprotocoll/api-boilerplate-laravel,https://github.com/mrprotocoll/api-boilerplate-laravel,2024,PHP,User,10,2,2024-07-05T20:13:59Z,"Layered Architecture"
XiHanFun/XiHan.Framework,https://github.com/XiHanFun/XiHan.Framework,2024,C#,Organization,10,3,2024-08-13T21:28:20Z,"Layered Architecture"
regismarteau/tic-tac-toe,https://github.com/regismarteau/tic-tac-toe,2024,C#,User,10,1,2024-09-05T14:44:44Z,"Clean Architecture"
MateuszNaKodach/HeroesOfDomainDrivenDesign.EventSourcing.Java.Axon.Spring,https://github.com/MateuszNaKodach/HeroesOfDomainDrivenDesign.EventSourcing.Java.Axon.Spring,2025,Java,User,10,1,2025-02-05T21:33:15Z,"Event-Driven Architecture"
c5ms/eleven,https://github.com/c5ms/eleven,2025,Java,User,10,0,2025-04-16T04:13:11Z,"Layered Architecture"
erencoskun11/BankManagement,https://github.com/erencoskun11/BankManagement,2025,C#,User,10,0,2025-07-24T08:20:33Z,"Layered Architecture"
twalkerb/ASP.NET-Shopping-cart-Ecommerce,https://github.com/twalkerb/ASP.NET-Shopping-cart-Ecommerce,2021,C#,User,10,1,2021-09-08T13:38:20Z,"Layered Architecture"
deimors/UnityDependencyInjection,https://github.com/deimors/UnityDependencyInjection,2019,C#,User,10,2,2019-01-15T02:19:58Z,"Event-Driven Architecture"
larsmichael/DomainServices,https://github.com/larsmichael/DomainServices,2021,C#,User,9,1,2021-09-10T14:31:22Z,"Clean Architecture"
mpazik/State-synchronisation-protocol,https://github.com/mpazik/State-synchronisation-protocol,2016,Java,User,9,1,2016-03-29T21:23:36Z,"Hexagonal Architecture"
walterpinson/reference-architecture-api,https://github.com/walterpinson/reference-architecture-api,2017,C#,User,9,14,2017-11-20T17:40:30Z,"Onion Architecture"
erlonfs/gestao-escolar,https://github.com/erlonfs/gestao-escolar,2018,C#,User,9,5,2018-08-05T16:30:12Z,"Onion Architecture"
AlephTav/ddd-php,https://github.com/AlephTav/ddd-php,2018,PHP,User,9,10,2018-11-12T14:45:57Z,"Layered Architecture"
busfactor/busfactor,https://github.com/busfactor/busfactor,2019,PHP,Organization,9,1,2019-07-22T11:56:15Z,CQRS
ForrestTech/Exemplum,https://github.com/ForrestTech/Exemplum,2019,C#,Organization,9,0,2019-08-07T08:10:59Z,"Clean Architecture"
atsuyokota/laravel-ddd-api,https://github.com/atsuyokota/laravel-ddd-api,2020,PHP,User,9,1,2020-01-28T04:24:06Z,"Layered Architecture"
rabochyee-nazvanye/quest-backend,https://github.com/rabochyee-nazvanye/quest-backend,2020,C#,Organization,9,0,2020-02-17T14:07:05Z,"Layered Architecture"
nbarnwell/Inforigami.Regalo,https://github.com/nbarnwell/Inforigami.Regalo,2015,C#,User,9,4,2015-01-29T16:09:44Z,"Event-Driven Architecture"
eventicle/eventiclejs,https://github.com/eventicle/eventiclejs,2020,TypeScript,Organization,9,5,2020-10-19T10:54:38Z,"Event-Driven Architecture"
giodelabarrera/star-wars-crud,https://github.com/giodelabarrera/star-wars-crud,2021,TypeScript,User,9,3,2021-01-15T22:58:30Z,"Hexagonal Architecture"
mguinea/lumen-ddd-realworld-example,https://github.com/mguinea/lumen-ddd-realworld-example,2021,PHP,User,9,1,2021-05-04T19:41:29Z,"Hexagonal Architecture"
guilhermedjr/peep,https://github.com/guilhermedjr/peep,2021,TypeScript,User,9,1,2021-05-17T02:52:53Z,"Clean Architecture"
DomingoAlvarez99/ddd-example,https://github.com/DomingoAlvarez99/ddd-example,2021,Java,User,9,3,2021-06-06T10:59:02Z,"Hexagonal Architecture"
dalikewara/ayapingping-go,https://github.com/dalikewara/ayapingping-go,2021,Go,User,9,1,2021-07-11T17:29:11Z,"Clean Architecture"
thanhxuanhd/AspnetMicroservices,https://github.com/thanhxuanhd/AspnetMicroservices,2021,C#,User,9,2,2021-07-30T09:53:48Z,"Clean Architecture"
eddmann/our-wedding-website,https://github.com/eddmann/our-wedding-website,2021,PHP,User,9,2,2021-11-16T08:16:25Z,"Hexagonal Architecture"
HappYness-Project/Happy-EventSourcing,https://github.com/HappYness-Project/Happy-EventSourcing,2022,C#,Organization,9,1,2022-03-19T23:14:47Z,CQRS
gustavohenriquess/DDD,https://github.com/gustavohenriquess/DDD,2022,TypeScript,User,9,1,2022-04-13T12:11:38Z,"Onion Architecture"
medineceylan/shoppingcart-with-kotlin-es-cqrs,https://github.com/medineceylan/shoppingcart-with-kotlin-es-cqrs,2019,Kotlin,User,9,1,2019-09-16T11:29:46Z,CQRS
ddd-ts/monorepo,https://github.com/ddd-ts/monorepo,2022,TypeScript,Organization,9,2,2022-04-28T18:24:19Z,"Event-Driven Architecture"
osteel/dime,https://github.com/osteel/dime,2022,PHP,User,9,0,2022-07-13T12:38:56Z,"Event-Driven Architecture"
ademclk/ceyehat-api,https://github.com/ademclk/ceyehat-api,2022,C#,User,9,1,2022-12-23T11:12:06Z,"Clean Architecture"
andreapavoni/mini_cqrs_es,https://github.com/andreapavoni/mini_cqrs_es,2023,Rust,User,9,1,2023-03-18T00:15:00Z,CQRS
bottledcode/durable-php,https://github.com/bottledcode/durable-php,2023,PHP,Organization,9,0,2023-05-07T23:46:50Z,"Event-Driven Architecture"
Furkan-Gulsen/Checkout-System,https://github.com/Furkan-Gulsen/Checkout-System,2024,Go,User,9,1,2024-01-03T17:29:20Z,"Layered Architecture"
DylanSnel/DDDToolkit,https://github.com/DylanSnel/DDDToolkit,2024,C#,User,9,0,2024-01-14T14:50:18Z,"Layered Architecture"
OnurBaha/RentACar,https://github.com/OnurBaha/RentACar,2024,C#,User,9,0,2024-08-25T00:15:12Z,"Clean Architecture"
dotnetliverpool/CareerBoostAI,https://github.com/dotnetliverpool/CareerBoostAI,2024,C#,Organization,9,1,2024-12-12T16:18:33Z,"Onion Architecture"
jdrhyne/claude-code-github,https://github.com/jdrhyne/claude-code-github,2025,TypeScript,User,9,0,2025-06-10T00:52:42Z,"Onion Architecture"
erfanul007/go-clean-template,https://github.com/erfanul007/go-clean-template,2025,Go,User,9,2,2025-07-06T08:08:29Z,"Clean Architecture"
brunodantas/cosmic-django,https://github.com/brunodantas/cosmic-django,2025,Python,User,9,1,2025-09-10T00:57:48Z,"Layered Architecture"
jgimeno/taskreporter,https://github.com/jgimeno/taskreporter,2015,PHP,User,8,0,2015-12-01T17:42:36Z,"Layered Architecture"
danludwig/eventsourced.net,https://github.com/danludwig/eventsourced.net,2015,JavaScript,User,8,2,2015-12-19T15:24:12Z,CQRS
tjaskula/bedbrebo,https://github.com/tjaskula/bedbrebo,2016,C#,User,8,5,2016-02-10T10:49:08Z,"Event-Driven Architecture"
riccardone/Evento,https://github.com/riccardone/Evento,2016,C#,User,8,6,2016-07-26T08:07:01Z,"Event-Driven Architecture"
robertlemke/RobertLemke.Example.Bookshop,https://github.com/robertlemke/RobertLemke.Example.Bookshop,2013,PHP,User,8,3,2013-03-01T00:11:17Z,"Layered Architecture"
tedbouskill/m-r-core-of,https://github.com/tedbouskill/m-r-core-of,2017,C#,User,8,2,2017-08-24T06:38:46Z,"Onion Architecture"
bilus/akasha,https://github.com/bilus/akasha,2018,Ruby,User,8,2,2018-06-03T19:59:26Z,CQRS
wintoncode/Winton.DomainModelling.Abstractions,https://github.com/wintoncode/Winton.DomainModelling.Abstractions,2018,C#,Organization,8,3,2018-07-05T12:58:23Z,"Layered Architecture"
nathan815/LostCities,https://github.com/nathan815/LostCities,2018,Java,User,8,1,2018-08-20T21:15:28Z,"Layered Architecture"
CooBeeDior/DDD_E12306,https://github.com/CooBeeDior/DDD_E12306,2019,C#,User,8,3,2019-01-28T03:01:56Z,"Layered Architecture"
sudarshan89/bootstrap,https://github.com/sudarshan89/bootstrap,2014,Java,User,8,10,2014-03-10T12:12:52Z,"Layered Architecture"
jurczewski/Find-A-Tutor,https://github.com/jurczewski/Find-A-Tutor,2019,C#,User,8,2,2019-07-02T11:54:05Z,"Onion Architecture"
ginsen/user-admin,https://github.com/ginsen/user-admin,2019,PHP,User,8,1,2019-07-24T11:02:07Z,CQRS
gotoco/spring-rest-no-xml,https://github.com/gotoco/spring-rest-no-xml,2014,Java,User,8,3,2014-06-02T18:28:10Z,"Hexagonal Architecture"
thehecksteam/hecks,https://github.com/thehecksteam/hecks,2019,Ruby,Organization,8,0,2019-09-19T13:58:38Z,"Hexagonal Architecture"
TheFellow/modular-monolith,https://github.com/TheFellow/modular-monolith,2020,C#,User,8,0,2020-01-03T04:42:41Z,"Layered Architecture"
felixle236/node-core,https://github.com/felixle236/node-core,2020,TypeScript,User,8,0,2020-02-26T15:30:14Z,"Clean Architecture"
vlingo/xoom-turbo,https://github.com/vlingo/xoom-turbo,2020,Java,Organization,8,9,2020-02-26T20:36:05Z,CQRS
typeheim/fire-legion,https://github.com/typeheim/fire-legion,2020,TypeScript,Organization,8,1,2020-04-18T06:57:07Z,"Layered Architecture"
innoave/eventmill,https://github.com/innoave/eventmill,2020,Rust,Organization,8,2,2020-05-02T02:57:29Z,CQRS
mikesuffield/SpecificationPattern,https://github.com/mikesuffield/SpecificationPattern,2020,C#,User,8,1,2020-05-26T10:45:54Z,"Layered Architecture"
simplify9/SW-PrimitiveTypes,https://github.com/simplify9/SW-PrimitiveTypes,2020,C#,Organization,8,1,2020-05-30T09:32:59Z,"Layered Architecture"
mgonzalezbaile/laravel-ddd,https://github.com/mgonzalezbaile/laravel-ddd,2020,PHP,User,8,0,2020-07-14T17:14:39Z,"Onion Architecture"
jdomenechb/php-ddd-repository-filter-example,https://github.com/jdomenechb/php-ddd-repository-filter-example,2020,PHP,User,8,0,2020-07-12T15:19:14Z,"Layered Architecture"
ccamel/playground-protoactor.go,https://github.com/ccamel/playground-protoactor.go,2020,Go,User,8,1,2020-06-11T15:52:17Z,"Event-Driven Architecture"
panosru/CleanDDDArchitecture,https://github.com/panosru/CleanDDDArchitecture,2020,C#,User,8,1,2020-08-01T18:13:39Z,"Clean Architecture"
myhealthconnectsociety/project-healthcare,https://github.com/myhealthconnectsociety/project-healthcare,2020,Python,Organization,8,22,2020-11-14T08:57:05Z,"Layered Architecture"
ibm-cloud-architecture/eda-quickstarts,https://github.com/ibm-cloud-architecture/eda-quickstarts,2020,Java,Organization,8,6,2020-12-01T16:46:50Z,"Event-Driven Architecture"
ecotoneframework/pdo-event-sourcing,https://github.com/ecotoneframework/pdo-event-sourcing,2020,PHP,Organization,8,4,2020-12-27T10:48:28Z,"Event-Driven Architecture"
pvgomes/biso,https://github.com/pvgomes/biso,2015,PHP,User,8,3,2015-04-03T11:22:50Z,"Layered Architecture"
wesone/blackrik,https://github.com/wesone/blackrik,2021,JavaScript,User,8,0,2021-03-06T06:32:45Z,CQRS
MarcosCostaDev/TDD-DDD-Eventsourcing-Mediator,https://github.com/MarcosCostaDev/TDD-DDD-Eventsourcing-Mediator,2021,C#,User,8,3,2021-06-02T03:12:07Z,"Onion Architecture"
hireflutter-dev/start-flutter,https://github.com/hireflutter-dev/start-flutter,2021,Dart,Organization,8,5,2021-07-03T11:00:34Z,"Clean Architecture"
jabrena/101-ddd,https://github.com/jabrena/101-ddd,2021,Java,User,8,2,2021-07-02T06:42:15Z,"Onion Architecture"
CamilYed/readable-tests-by-example,https://github.com/CamilYed/readable-tests-by-example,2021,Groovy,User,8,5,2021-07-02T07:30:08Z,"Hexagonal Architecture"
szymon-sawicki/reactive-timesheet-app,https://github.com/szymon-sawicki/reactive-timesheet-app,2022,Java,User,8,3,2022-02-15T06:50:35Z,"Layered Architecture"
NicoJuicy/Airline-Microservices,https://github.com/NicoJuicy/Airline-Microservices,2022,C#,User,8,29,2022-02-26T18:55:43Z,Microservices
ArturWincenciak/confab,https://github.com/ArturWincenciak/confab,2021,C#,User,8,1,2021-12-10T15:32:48Z,"Clean Architecture"
cellularjs/cellularjs,https://github.com/cellularjs/cellularjs,2022,TypeScript,Organization,8,1,2022-01-03T02:29:33Z,Microservices
tbreuss/mithril-slim-skeleton,https://github.com/tbreuss/mithril-slim-skeleton,2022,PHP,User,8,1,2022-01-20T06:32:23Z,"Layered Architecture"
jafar-albadarneh/laravel-ddd,https://github.com/jafar-albadarneh/laravel-ddd,2022,PHP,User,8,1,2022-08-29T16:16:29Z,"Layered Architecture"
jorsang1/clean-microservice-template,https://github.com/jorsang1/clean-microservice-template,2022,C#,User,8,0,2022-04-22T10:57:04Z,"Onion Architecture"
Winches/Fabricdot.Core,https://github.com/Winches/Fabricdot.Core,2020,C#,User,8,3,2020-09-28T13:10:55Z,"Hexagonal Architecture"
buzzdan/TodoApp-Flask-Angular,https://github.com/buzzdan/TodoApp-Flask-Angular,2015,Python,User,8,1,2015-04-09T13:11:11Z,"Onion Architecture"
deepbludev/deepblu,https://github.com/deepbludev/deepblu,2022,TypeScript,User,8,0,2022-09-15T04:34:47Z,"Hexagonal Architecture"
NigelGunawardene/CleanArchitecture-AmichaiMantinband,https://github.com/NigelGunawardene/CleanArchitecture-AmichaiMantinband,2022,C#,User,8,3,2022-06-27T01:50:44Z,"Clean Architecture"
xavierjohn/BuberDinner,https://github.com/xavierjohn/BuberDinner,2022,C#,User,8,5,2022-11-08T01:36:33Z,"Clean Architecture"
MISW4406/tutorial-3-arquitectura-hexagonal,https://github.com/MISW4406/tutorial-3-arquitectura-hexagonal,2022,Python,Organization,8,130,2022-11-20T17:33:06Z,"Hexagonal Architecture"
alexandresmoraes/mercadovila,https://github.com/alexandresmoraes/mercadovila,2023,Dart,User,8,0,2023-04-21T23:46:56Z,"Clean Architecture"
numq/dddating-backend,https://github.com/numq/dddating-backend,2023,Rust,User,8,0,2023-05-17T12:29:10Z,"Clean Architecture"
phamhongphuc1403/dotnet-microservices-boilerplate,https://github.com/phamhongphuc1403/dotnet-microservices-boilerplate,2023,C#,User,8,1,2023-09-16T17:12:12Z,"Clean Architecture"
alan890104/go-clean-architecture,https://github.com/alan890104/go-clean-architecture,2023,Go,User,8,1,2023-09-27T22:14:57Z,"Clean Architecture"
Nikoo-Asadnejad/ProductService,https://github.com/Nikoo-Asadnejad/ProductService,2023,C#,User,8,1,2023-10-23T17:41:32Z,"Clean Architecture"
SaraRasoulian/Tax-Calculator,https://github.com/SaraRasoulian/Tax-Calculator,2024,C#,User,8,0,2024-05-20T13:12:29Z,"Clean Architecture"
OmegaTeamUCAB/gymnastic-center-backend,https://github.com/OmegaTeamUCAB/gymnastic-center-backend,2024,TypeScript,User,8,3,2024-04-30T03:00:38Z,"Hexagonal Architecture"
kaykeeb3/sibi-api-2024,https://github.com/kaykeeb3/sibi-api-2024,2024,TypeScript,User,8,3,2024-02-16T15:10:04Z,"Onion Architecture"
dddmisc/dddmisc,https://github.com/dddmisc/dddmisc,2024,Python,Organization,8,3,2024-02-23T15:08:29Z,"Layered Architecture"
BitzForge/go-food-delivery-microservices,https://github.com/BitzForge/go-food-delivery-microservices,2024,Go,User,8,1,2024-09-27T05:54:52Z,"Event-Driven Architecture"
depromeet/moring-server,https://github.com/depromeet/moring-server,2024,Java,Organization,8,0,2024-06-02T09:12:22Z,"Layered Architecture"
9ssi7/gopre,https://github.com/9ssi7/gopre,2024,Go,User,8,0,2024-07-04T17:51:30Z,"Clean Architecture"
GremaudMatthieu/budget,https://github.com/GremaudMatthieu/budget,2024,PHP,User,8,2,2024-07-14T22:34:17Z,"Event-Driven Architecture"
StrategiCoding/EasyWay,https://github.com/StrategiCoding/EasyWay,2024,C#,Organization,8,0,2024-09-17T19:19:00Z,"Onion Architecture"
alnuaimicoder/Bookify,https://github.com/alnuaimicoder/Bookify,2024,C#,User,8,1,2024-12-04T16:55:25Z,"Clean Architecture"
alex-burm/openhelp-app,https://github.com/alex-burm/openhelp-app,2025,JavaScript,User,8,5,2025-01-25T17:32:43Z,"Onion Architecture"
d4nicoder/ddd-cqrs-typescript,https://github.com/d4nicoder/ddd-cqrs-typescript,2022,TypeScript,User,8,1,2022-11-24T21:06:17Z,"Hexagonal Architecture"
ViniciusCestarii/modular-pets,https://github.com/ViniciusCestarii/modular-pets,2024,TypeScript,User,8,1,2024-11-29T12:52:54Z,"Layered Architecture"
oscarychen/eau-de-go,https://github.com/oscarychen/eau-de-go,2024,Go,User,8,1,2024-01-19T18:31:17Z,"Layered Architecture"
TancelinMazzotti/astigo,https://github.com/TancelinMazzotti/astigo,2025,Go,User,8,0,2025-05-19T05:55:06Z,"Hexagonal Architecture"
ngngminhthai/ASP.NET-Core-Microservices-eCommerce,https://github.com/ngngminhthai/ASP.NET-Core-Microservices-eCommerce,2023,C#,User,8,5,2023-05-12T02:15:06Z,Microservices
ebinase/othello,https://github.com/ebinase/othello,2021,PHP,User,7,16,2021-08-29T14:30:12Z,"Onion Architecture"
Larium/larium_creditcard,https://github.com/Larium/larium_creditcard,2015,PHP,Organization,7,3,2015-09-04T22:22:49Z,"Layered Architecture"
affecto/dotnet-Patterns.Domain,https://github.com/affecto/dotnet-Patterns.Domain,2015,C#,Organization,7,2,2015-11-19T11:12:01Z,"Layered Architecture"
arnolanglade/code-me-hr,https://github.com/arnolanglade/code-me-hr,2015,PHP,User,7,1,2015-11-23T12:32:04Z,CQRS
honeylex/honeylex,https://github.com/honeylex/honeylex,2016,PHP,Organization,7,2,2016-06-01T22:50:29Z,CQRS
tugrulelmas/AbiokaApi,https://github.com/tugrulelmas/AbiokaApi,2016,C#,User,7,2,2016-07-27T08:18:40Z,"Layered Architecture"
dddeastanglia/DDDEastAnglia,https://github.com/dddeastanglia/DDDEastAnglia,2013,C#,Organization,7,10,2013-02-13T19:38:26Z,"Layered Architecture"
andreasBerre/eventSourced,https://github.com/andreasBerre/eventSourced,2013,Java,User,7,2,2013-04-25T16:29:55Z,"Event-Driven Architecture"
piotr-mamenas/performance-app,https://github.com/piotr-mamenas/performance-app,2017,C#,User,7,3,2017-08-11T23:03:21Z,"Onion Architecture"
paucls/runbook-ddd-cqrs-es-microservice,https://github.com/paucls/runbook-ddd-cqrs-es-microservice,2017,Java,User,7,5,2017-09-24T13:52:56Z,CQRS
netcorebcn/meetup,https://github.com/netcorebcn/meetup,2018,C#,Organization,7,3,2018-01-19T18:35:43Z,"Event-Driven Architecture"
damax-solutions/common,https://github.com/damax-solutions/common,2018,PHP,Organization,7,2,2018-05-31T10:28:40Z,"Layered Architecture"
DiegoTavaresF/AspNetCoreDddVueVuexTypeScipt,https://github.com/DiegoTavaresF/AspNetCoreDddVueVuexTypeScipt,2018,C#,User,7,4,2018-08-13T16:46:57Z,"Layered Architecture"
IcaroTorres-zz/guild-api,https://github.com/IcaroTorres-zz/guild-api,2019,C#,User,7,2,2019-02-08T02:16:44Z,"Onion Architecture"
oregor-projects/trinity4j,https://github.com/oregor-projects/trinity4j,2019,Java,Organization,7,1,2019-04-22T13:50:09Z,"Onion Architecture"
ThomasJaeger/HowToBuildAnEventStore,https://github.com/ThomasJaeger/HowToBuildAnEventStore,2019,C#,User,7,4,2019-04-23T13:43:09Z,CQRS
jeyabalajis/serverless-workflow-manager,https://github.com/jeyabalajis/serverless-workflow-manager,2019,Python,User,7,7,2019-05-07T08:37:43Z,"Hexagonal Architecture"
lupuszr/redux-io-example,https://github.com/lupuszr/redux-io-example,2019,TypeScript,User,7,0,2019-11-28T10:22:13Z,"Functional Domain-Driven Design"
atls/serenity,https://github.com/atls/serenity,2019,TypeScript,Organization,7,6,2019-12-11T20:18:09Z,"Layered Architecture"
Provincie-Zuid-Holland/Omgevingsbeleid-API,https://github.com/Provincie-Zuid-Holland/Omgevingsbeleid-API,2020,Python,Organization,7,3,2020-01-20T10:31:49Z,"Layered Architecture"
bahmani00/SnackMachine,https://github.com/bahmani00/SnackMachine,2020,C#,User,7,1,2020-04-03T14:02:33Z,"Onion Architecture"
kalintsenkov/CarRentalSystem,https://github.com/kalintsenkov/CarRentalSystem,2020,C#,User,7,4,2020-05-30T15:50:22Z,"Clean Architecture"
ahmadaghazadeh/Shop,https://github.com/ahmadaghazadeh/Shop,2020,C#,User,7,1,2020-06-30T11:41:11Z,"Onion Architecture"
agilepartner/cqrs-es-workshop-java,https://github.com/agilepartner/cqrs-es-workshop-java,2019,Java,Organization,7,7,2019-03-30T07:23:26Z,CQRS
tatsunori-iwaki/iwaki-onion-architecture-for-vuejs,https://github.com/tatsunori-iwaki/iwaki-onion-architecture-for-vuejs,2020,TypeScript,User,7,4,2020-01-28T13:40:11Z,"Onion Architecture"
fairnesscoop/pictyschool,https://github.com/fairnesscoop/pictyschool,2020,TypeScript,Organization,7,0,2020-09-25T09:32:21Z,"Hexagonal Architecture"
sunnyfounder/boxenn,https://github.com/sunnyfounder/boxenn,2020,Ruby,Organization,7,0,2020-11-11T10:16:25Z,"Layered Architecture"
jarod-chan/pa,https://github.com/jarod-chan/pa,2012,Java,User,7,8,2012-02-07T01:47:03Z,"Layered Architecture"
MateuszNaKodach/CodersCamp2020.Project.FullStack-Node-React.TableSoccerTournaments,https://github.com/MateuszNaKodach/CodersCamp2020.Project.FullStack-Node-React.TableSoccerTournaments,2021,TypeScript,User,7,6,2021-02-15T20:16:09Z,"Onion Architecture"
Vahid031/Lipar,https://github.com/Vahid031/Lipar,2021,C#,User,7,0,2021-05-09T18:46:42Z,"Onion Architecture"
artshishkin/art-kargopolov-cqrs-saga-axon-microservices,https://github.com/artshishkin/art-kargopolov-cqrs-saga-axon-microservices,2021,Java,User,7,12,2021-05-16T13:31:32Z,CQRS
ContextMapper/context-mapper-archunit-extension,https://github.com/ContextMapper/context-mapper-archunit-extension,2021,Java,Organization,7,1,2021-05-18T07:01:10Z,"Layered Architecture"
ExchangeDiary/exchange-diary,https://github.com/ExchangeDiary/exchange-diary,2022,Go,Organization,7,2,2022-02-11T07:45:27Z,"Hexagonal Architecture"
elliotxx/go-web-template,https://github.com/elliotxx/go-web-template,2021,Go,User,7,1,2021-10-05T02:55:40Z,"Layered Architecture"
brhvucn/Boilerplate_cleanarchitecture_cqrs,https://github.com/brhvucn/Boilerplate_cleanarchitecture_cqrs,2022,C#,User,7,4,2022-03-14T08:08:35Z,"Clean Architecture"
roman-bilyak/Microservice.Architecture,https://github.com/roman-bilyak/Microservice.Architecture,2021,C#,User,7,4,2021-11-25T09:42:55Z,Microservices
fluxera/Fluxera.Entity,https://github.com/fluxera/Fluxera.Entity,2021,C#,Organization,7,1,2021-12-09T22:27:14Z,"Layered Architecture"
alnmaurofranco/nlw-esports,https://github.com/alnmaurofranco/nlw-esports,2022,TypeScript,User,7,0,2022-09-12T18:59:38Z,"Onion Architecture"
tattersoftware/codeigniter4-repositories,https://github.com/tattersoftware/codeigniter4-repositories,2022,PHP,Organization,7,1,2022-08-21T19:36:22Z,"Layered Architecture"
wuzguo/ddd-demo,https://github.com/wuzguo/ddd-demo,2022,Java,User,7,2,2022-04-12T09:23:35Z,"Layered Architecture"
4lessandrodev/e-commerce,https://github.com/4lessandrodev/e-commerce,2020,TypeScript,User,7,6,2020-11-24T02:14:28Z,"Clean Architecture"
mattupstate/acme,https://github.com/mattupstate/acme,2022,Kotlin,User,7,1,2022-05-27T02:23:24Z,CQRS
numq/Stash,https://github.com/numq/Stash,2022,Kotlin,User,7,0,2022-07-14T19:48:37Z,"Clean Architecture"
luizcalaca/ddd-bdd-mongodb-impl,https://github.com/luizcalaca/ddd-bdd-mongodb-impl,2022,TypeScript,User,7,9,2022-09-21T14:12:02Z,"Clean Architecture"
TamDev2022/EComHappy,https://github.com/TamDev2022/EComHappy,2022,C#,User,7,2,2022-12-21T16:39:19Z,"Clean Architecture"
sennentech/dcb-event-sourced,https://github.com/sennentech/dcb-event-sourced,2023,TypeScript,Organization,7,2,2023-06-21T15:44:19Z,"Event-Driven Architecture"
RezaMashayekhi/DomainDrivenVerticalSlices.Template,https://github.com/RezaMashayekhi/DomainDrivenVerticalSlices.Template,2023,C#,User,7,1,2023-12-21T09:43:38Z,"Layered Architecture"
Rezakazemi890/SM-POST-EventSourcing-kafka,https://github.com/Rezakazemi890/SM-POST-EventSourcing-kafka,2023,C#,User,7,2,2023-01-07T09:32:30Z,CQRS
ddjerqq/Crypton,https://github.com/ddjerqq/Crypton,2023,C#,User,7,1,2023-08-05T21:42:17Z,"Clean Architecture"
EdisonJpp/my-story-time-api,https://github.com/EdisonJpp/my-story-time-api,2023,Go,User,7,2,2023-08-14T00:12:29Z,"Layered Architecture"
Stepasha419a/ducks-tinder-server,https://github.com/Stepasha419a/ducks-tinder-server,2023,TypeScript,User,7,1,2023-09-10T21:07:10Z,CQRS
dherik/ddd-golang-project,https://github.com/dherik/ddd-golang-project,2023,Go,User,7,1,2023-10-07T14:42:52Z,"Layered Architecture"
thinhkhang97/nx-nest-ddd,https://github.com/thinhkhang97/nx-nest-ddd,2023,TypeScript,User,7,3,2023-10-22T08:05:58Z,"Layered Architecture"
nourelnaby4/BigDinner,https://github.com/nourelnaby4/BigDinner,2024,C#,User,7,0,2024-03-11T21:48:45Z,"Clean Architecture"
ifspcbt-devspace/tickets-api,https://github.com/ifspcbt-devspace/tickets-api,2024,Java,Organization,7,0,2024-03-10T13:39:10Z,"Clean Architecture"
matheuspleal/node-js-boilerplate,https://github.com/matheuspleal/node-js-boilerplate,2024,TypeScript,User,7,0,2024-03-29T11:31:54Z,"Clean Architecture"
tomaskasalicky/todo-api-microservice-example,https://github.com/tomaskasalicky/todo-api-microservice-example,2024,Go,User,7,0,2024-04-08T17:53:27Z,"Layered Architecture"
Glysonn/RentEasy,https://github.com/Glysonn/RentEasy,2024,C#,User,7,0,2024-08-25T23:30:54Z,"Clean Architecture"
standleypg/Modular-Clean-Architecture-with-CQRS-Sample,https://github.com/standleypg/Modular-Clean-Architecture-with-CQRS-Sample,2024,C#,User,7,1,2024-11-19T12:56:31Z,"Clean Architecture"
VolunChain/VolunChain-Backend,https://github.com/VolunChain/VolunChain-Backend,2025,TypeScript,Organization,7,72,2025-01-09T18:29:51Z,"Layered Architecture"
iPazooki/CleanArchitecture,https://github.com/iPazooki/CleanArchitecture,2025,C#,User,7,6,2025-01-28T16:37:29Z,"Clean Architecture"
AminGh05/Alibaba-Clone-Backend,https://github.com/AminGh05/Alibaba-Clone-Backend,2025,C#,User,7,0,2025-03-09T14:16:05Z,"Clean Architecture"
geeewhy/intent,https://github.com/geeewhy/intent,2025,TypeScript,User,7,1,2025-05-17T20:54:52Z,CQRS
jdutheil/booking-ddd,https://github.com/jdutheil/booking-ddd,2024,TypeScript,User,7,1,2024-02-17T17:41:02Z,"Hexagonal Architecture"
jonathanperis/cpnucleo,https://github.com/jonathanperis/cpnucleo,2019,C#,User,7,4,2019-01-17T23:37:07Z,"Clean Architecture"
rouffj/timemachine,https://github.com/rouffj/timemachine,2012,PHP,User,6,0,2012-05-18T08:53:13Z,"Layered Architecture"
eventsauce/eventsauce,https://github.com/eventsauce/eventsauce,2015,JavaScript,Organization,6,1,2015-12-11T10:24:17Z,"Event-Driven Architecture"
gpslab/interval,https://github.com/gpslab/interval,2016,PHP,Organization,6,3,2016-11-29T12:21:31Z,"Layered Architecture"
andrzejkupczyk/ddd-building-blocks,https://github.com/andrzejkupczyk/ddd-building-blocks,2017,PHP,User,6,0,2017-06-22T15:32:29Z,"Layered Architecture"
elementh/pokegraf,https://github.com/elementh/pokegraf,2017,C#,User,6,1,2017-09-08T11:46:20Z,"Clean Architecture"
pmilet/domainevents,https://github.com/pmilet/domainevents,2017,C#,User,6,1,2017-09-27T18:04:54Z,"Event-Driven Architecture"
pklejnowski/angular_core,https://github.com/pklejnowski/angular_core,2018,C#,User,6,5,2018-05-27T09:03:43Z,"Clean Architecture"
benwilcock/axon-cqrs-sample,https://github.com/benwilcock/axon-cqrs-sample,2015,Java,User,6,1,2015-08-07T08:17:59Z,CQRS
AdamOlszewskiIT/ddd-order-layers,https://github.com/AdamOlszewskiIT/ddd-order-layers,2018,Java,User,6,4,2018-09-12T06:50:10Z,"Layered Architecture"
ahushh/failchan-api,https://github.com/ahushh/failchan-api,2018,TypeScript,User,6,2,2018-11-02T13:51:46Z,"Onion Architecture"
skuzzle/cmp,https://github.com/skuzzle/cmp,2019,Java,User,6,1,2019-04-15T13:50:36Z,"Layered Architecture"
sfayn2/sfayn_gqlserver,https://github.com/sfayn2/sfayn_gqlserver,2019,Python,Organization,6,2,2019-04-19T01:34:53Z,"Onion Architecture"
caiya/nestjs-ddd,https://github.com/caiya/nestjs-ddd,2019,TypeScript,User,6,1,2019-09-23T15:19:16Z,"Layered Architecture"
ntxinh/azure-serverless-web-application,https://github.com/ntxinh/azure-serverless-web-application,2019,C#,User,6,0,2019-10-24T04:27:54Z,"Layered Architecture"
intojs/two-frameworks-one-application,https://github.com/intojs/two-frameworks-one-application,2019,TypeScript,User,6,1,2019-12-01T02:37:41Z,"Clean Architecture"
dhulke/Pagar.te,https://github.com/dhulke/Pagar.te,2019,JavaScript,User,6,2,2019-12-09T17:51:48Z,"Onion Architecture"
MateuszNaKodach/DDDCQRSESvsAnemicModel.NestJS.StarWars,https://github.com/MateuszNaKodach/DDDCQRSESvsAnemicModel.NestJS.StarWars,2020,TypeScript,User,6,1,2020-01-14T19:28:19Z,CQRS
MatthiasSchupp/ddq,https://github.com/MatthiasSchupp/ddq,2020,Java,User,6,5,2020-04-21T13:33:14Z,"Layered Architecture"
ruiconti/cosmic,https://github.com/ruiconti/cosmic,2020,Python,User,6,0,2020-05-19T14:37:17Z,"Hexagonal Architecture"
guilherme-alves-silve/clean-architecture-quarkus,https://github.com/guilherme-alves-silve/clean-architecture-quarkus,2020,Java,User,6,1,2020-06-20T22:03:48Z,"Clean Architecture"
Dev-Int/glsr,https://github.com/Dev-Int/glsr,2014,PHP,User,6,0,2014-05-06T14:33:14Z,"Onion Architecture"
krzykrucz/e-lesson,https://github.com/krzykrucz/e-lesson,2019,Kotlin,User,6,0,2019-07-27T20:57:16Z,"Hexagonal Architecture"
yasszu/go-jwt-auth,https://github.com/yasszu/go-jwt-auth,2020,Go,User,6,3,2020-08-16T14:51:37Z,"Layered Architecture"
josefrnandezz/melomaniapp,https://github.com/josefrnandezz/melomaniapp,2021,TypeScript,User,6,0,2021-04-07T19:28:51Z,"Hexagonal Architecture"
domenique/tripled-framework,https://github.com/domenique/tripled-framework,2015,Java,User,6,5,2015-05-22T11:27:24Z,CQRS
kdcllc/Bet.BuildingBlocks,https://github.com/kdcllc/Bet.BuildingBlocks,2021,C#,User,6,1,2021-06-15T12:27:46Z,"Clean Architecture"
honeybee/honeybee-agavi-cmf-demo,https://github.com/honeybee/honeybee-agavi-cmf-demo,2015,Ruby,Organization,6,1,2015-06-26T10:11:23Z,CQRS
SteveDunn/StringlyTyped,https://github.com/SteveDunn/StringlyTyped,2021,C#,User,6,0,2021-07-14T06:42:49Z,"Layered Architecture"
ribeirogab/goomer-lista-rango,https://github.com/ribeirogab/goomer-lista-rango,2021,TypeScript,User,6,0,2021-07-17T09:46:04Z,"Layered Architecture"
gs1068/golang-ddd-sample,https://github.com/gs1068/golang-ddd-sample,2022,Go,User,6,0,2022-03-11T02:11:16Z,"Clean Architecture"
gustavofreze/cheap-delivery,https://github.com/gustavofreze/cheap-delivery,2021,PHP,User,6,1,2021-12-10T20:37:27Z,"Hexagonal Architecture"
ddongEee/aws-msa-sample-monolith,https://github.com/ddongEee/aws-msa-sample-monolith,2021,Java,User,6,4,2021-12-09T07:00:46Z,"Layered Architecture"
EduardSchwarzkopf/pecuny,https://github.com/EduardSchwarzkopf/pecuny,2022,Python,User,6,2,2022-01-23T06:51:33Z,"Layered Architecture"
hnvas/symfony-ddd-skeleton,https://github.com/hnvas/symfony-ddd-skeleton,2022,PHP,User,6,2,2022-04-06T23:50:21Z,"Clean Architecture"
christophe-chausseray/camps-graphql-api,https://github.com/christophe-chausseray/camps-graphql-api,2020,TypeScript,User,6,0,2020-11-13T05:42:57Z,"Hexagonal Architecture"
GravetoGeek/smarteconomy,https://github.com/GravetoGeek/smarteconomy,2020,TypeScript,User,6,0,2020-12-29T06:05:55Z,"Hexagonal Architecture"
dangphu2412/s-recruitment-be,https://github.com/dangphu2412/s-recruitment-be,2022,TypeScript,User,6,0,2022-10-26T16:06:41Z,"Onion Architecture"
f-nunez/VeterinaryClinic,https://github.com/f-nunez/VeterinaryClinic,2022,C#,User,6,1,2022-11-15T19:38:02Z,"Clean Architecture"
DigitalCaesar/CleanArchitectureSample,https://github.com/DigitalCaesar/CleanArchitectureSample,2022,C#,Organization,6,2,2022-12-17T16:41:44Z,"Clean Architecture"
valgutu-templates/laravel-hexagonal-architecture-ddd,https://github.com/valgutu-templates/laravel-hexagonal-architecture-ddd,2023,PHP,Organization,6,0,2023-01-02T15:17:56Z,"Hexagonal Architecture"
ngngminhthai/ASP.NET-Core-PMS.Project-Management-System,https://github.com/ngngminhthai/ASP.NET-Core-PMS.Project-Management-System,2023,JavaScript,User,6,2,2023-01-20T03:40:30Z,"Clean Architecture"
KelpGF/Studies-Full-Cycle,https://github.com/KelpGF/Studies-Full-Cycle,2023,TypeScript,User,6,0,2023-06-28T22:15:22Z,"Multiple Architectures"
moruno21/ares,https://github.com/moruno21/ares,2023,TypeScript,User,6,0,2023-03-14T21:40:02Z,"Hexagonal Architecture"
Azure-Samples/cargotracker-liberty-aks,https://github.com/Azure-Samples/cargotracker-liberty-aks,2023,JavaScript,Organization,6,7,2023-04-03T06:31:07Z,"Layered Architecture"
AlanEdward19/CFKA.Health.Train,https://github.com/AlanEdward19/CFKA.Health.Train,2023,C#,User,6,0,2023-05-13T19:05:14Z,"Layered Architecture"
standard-api/core,https://github.com/standard-api/core,2023,Java,Organization,6,0,2023-05-30T21:55:47Z,"Layered Architecture"
behdad088/AspnetCoreMicroservices-Eshop,https://github.com/behdad088/AspnetCoreMicroservices-Eshop,2023,C#,User,6,0,2023-06-03T07:51:27Z,"Clean Architecture"
a-sharifov/Eshop,https://github.com/a-sharifov/Eshop,2023,C#,User,6,0,2023-12-15T03:26:59Z,"Onion Architecture"
EmadAbushofa/demo-event-sourcing-on-azure,https://github.com/EmadAbushofa/demo-event-sourcing-on-azure,2022,C#,User,6,0,2022-05-18T21:39:59Z,CQRS
alefeans/python-clean-architecture,https://github.com/alefeans/python-clean-architecture,2023,Python,User,6,2,2023-03-31T21:16:18Z,"Clean Architecture"
ttpss930141011/yuwen-yorozuya-linebot,https://github.com/ttpss930141011/yuwen-yorozuya-linebot,2023,Python,User,6,1,2023-08-10T08:17:40Z,"Clean Architecture"
j5ik2o/event-store-adapter-php,https://github.com/j5ik2o/event-store-adapter-php,2023,PHP,User,6,1,2023-10-14T14:31:33Z,CQRS
NawarAli1912/EStore.API,https://github.com/NawarAli1912/EStore.API,2023,C#,User,6,0,2023-11-25T16:27:13Z,"Clean Architecture"
asanabrial/.net-api-hexagonal-skeleton,https://github.com/asanabrial/.net-api-hexagonal-skeleton,2024,C#,User,6,1,2024-05-04T20:18:40Z,"Hexagonal Architecture"
SuperDev0514/todo_app,https://github.com/SuperDev0514/todo_app,2024,Go,User,6,0,2024-05-16T22:53:54Z,"Layered Architecture"
ParsaMehdipour/Digital-Cinema,https://github.com/ParsaMehdipour/Digital-Cinema,2024,C#,User,6,0,2024-01-17T18:50:22Z,"Onion Architecture"
rekalogika/api-lite,https://github.com/rekalogika/api-lite,2024,PHP,Organization,6,0,2024-02-28T14:43:04Z,"Onion Architecture"
ddjerqq/veritas,https://github.com/ddjerqq/veritas,2024,C#,User,6,2,2024-03-23T23:47:32Z,"Onion Architecture"
team-dopamine/husk-was,https://github.com/team-dopamine/husk-was,2024,Java,Organization,6,1,2024-09-30T14:14:13Z,"Layered Architecture"
Almouhannad/HIAST-Clinics,https://github.com/Almouhannad/HIAST-Clinics,2024,C#,User,6,0,2024-08-14T08:58:39Z,"Clean Architecture"
DogusTeknoloji/CodeD,https://github.com/DogusTeknoloji/CodeD,2024,C#,Organization,6,1,2024-10-24T10:48:29Z,"Onion Architecture"
rezamasoomin/NodeJS-ExpressJS,https://github.com/rezamasoomin/NodeJS-ExpressJS,2024,TypeScript,User,6,1,2024-11-11T08:34:14Z,"Layered Architecture"
masakifukunishi/ddd-blog-api,https://github.com/masakifukunishi/ddd-blog-api,2024,TypeScript,User,6,0,2024-12-22T02:33:06Z,"Layered Architecture"
vynazevedo/go-modular-monolith,https://github.com/vynazevedo/go-modular-monolith,2025,Go,User,6,0,2025-06-18T20:48:14Z,"Layered Architecture"
blackhorseya/petlog,https://github.com/blackhorseya/petlog,2025,TypeScript,User,6,0,2025-06-19T09:41:49Z,"Clean Architecture"
toheart/functrace,https://github.com/toheart/functrace,2025,Go,User,6,0,2025-03-09T02:26:20Z,"Layered Architecture"
HasanKhadd0ur/SAS.ScrapingManagementService,https://github.com/HasanKhadd0ur/SAS.ScrapingManagementService,2025,C#,User,6,0,2025-05-05T08:23:42Z,"Clean Architecture"
lbds137/tzurot,https://github.com/lbds137/tzurot,2025,JavaScript,User,6,1,2025-05-17T20:38:13Z,"Onion Architecture"
dogstronauts/astrobook,https://github.com/dogstronauts/astrobook,2025,PHP,User,6,5,2025-05-18T17:37:00Z,"Layered Architecture"
yonatankarp/coffee-machine-simulator,https://github.com/yonatankarp/coffee-machine-simulator,2025,Kotlin,User,6,0,2025-08-20T20:51:22Z,"Hexagonal Architecture"
ikedadada/start-ddd-and-clean-architecture,https://github.com/ikedadada/start-ddd-and-clean-architecture,2025,Python,User,6,0,2025-09-13T08:20:05Z,"Clean Architecture"
abejarano/ts-mongo-criteria,https://github.com/abejarano/ts-mongo-criteria,2025,TypeScript,User,6,0,2025-09-26T16:08:39Z,"Clean Architecture"
MateuszNaKodach/bialydunajec-monorepo,https://github.com/MateuszNaKodach/bialydunajec-monorepo,2018,Kotlin,User,6,2,2018-11-13T10:17:29Z,"Layered Architecture"
lazycece/ddla,https://github.com/lazycece/ddla,2022,Java,User,6,1,2022-12-25T09:43:51Z,"Hexagonal Architecture"
bhtz/microscope-boilerplate,https://github.com/bhtz/microscope-boilerplate,2023,C#,User,6,3,2023-07-29T12:21:09Z,"Clean Architecture"
dykyi-roman/service-oriented-architecture,https://github.com/dykyi-roman/service-oriented-architecture,2020,PHP,User,6,0,2020-03-11T14:43:27Z,"Layered Architecture"
DomainBlocks/domain-blocks,https://github.com/DomainBlocks/domain-blocks,2021,C#,Organization,5,1,2021-09-03T03:38:16Z,"Event-Driven Architecture"
arkitik/radix,https://github.com/arkitik/radix,2021,Kotlin,Organization,5,2,2021-09-17T20:15:50Z,"Clean Architecture"
meteor-space/domain,https://github.com/meteor-space/domain,2015,JavaScript,Organization,5,2,2015-11-05T15:54:04Z,"Onion Architecture"
pigroupe/SfynxCoreBundle,https://github.com/pigroupe/SfynxCoreBundle,2016,PHP,Organization,5,4,2016-02-12T17:56:05Z,"Layered Architecture"
wazo-platform/ari-py,https://github.com/wazo-platform/ari-py,2016,Python,Organization,5,4,2016-11-25T18:54:24Z,"Layered Architecture"
pousse-cafe/pousse-cafe,https://github.com/pousse-cafe/pousse-cafe,2017,Java,Organization,5,2,2017-01-25T08:55:21Z,"Event-Driven Architecture"
polutz/ptz-user-repository,https://github.com/polutz/ptz-user-repository,2017,TypeScript,Organization,5,1,2017-03-04T20:24:13Z,"Layered Architecture"
aderbalfarias/ddd-partial-implementation,https://github.com/aderbalfarias/ddd-partial-implementation,2017,C#,User,5,1,2017-09-11T23:42:35Z,"Layered Architecture"
symbios-zi/taxi,https://github.com/symbios-zi/taxi,2017,JavaScript,User,5,2,2017-12-11T10:06:32Z,"Layered Architecture"
superhero/js.core,https://github.com/superhero/js.core,2018,JavaScript,User,5,5,2018-01-17T10:18:48Z,"Layered Architecture"
s10myk4/clean-architecture-implementation-sample,https://github.com/s10myk4/clean-architecture-implementation-sample,2018,Scala,User,5,1,2018-01-11T20:08:54Z,"Clean Architecture"
zengande/together,https://github.com/zengande/together,2018,C#,User,5,1,2018-04-29T04:34:34Z,Microservices
krzykrucz/vod-microservices,https://github.com/krzykrucz/vod-microservices,2018,Java,User,5,2,2018-05-19T10:29:51Z,Microservices
eabait/tywin-api,https://github.com/eabait/tywin-api,2018,JavaScript,User,5,0,2018-05-30T22:14:54Z,"Clean Architecture"
eichstaedtk/haushaltsbuch,https://github.com/eichstaedtk/haushaltsbuch,2018,JavaScript,User,5,1,2018-04-26T19:00:50Z,"Layered Architecture"
screwyprof/payment,https://github.com/screwyprof/payment,2019,Go,User,5,1,2019-02-14T22:11:13Z,"Clean Architecture"
diegodocs/CleanArchitecture.API.Template,https://github.com/diegodocs/CleanArchitecture.API.Template,2019,C#,User,5,4,2019-04-26T13:22:21Z,"Onion Architecture"
lsolano/ProtoPrimitives.NET,https://github.com/lsolano/ProtoPrimitives.NET,2020,C#,User,5,1,2020-01-05T22:01:07Z,"Layered Architecture"
r0mdau/fradoos,https://github.com/r0mdau/fradoos,2020,PHP,User,5,0,2020-01-27T18:09:35Z,"Hexagonal Architecture"
jerp86/iniciando-back-end,https://github.com/jerp86/iniciando-back-end,2020,TypeScript,User,5,2,2020-04-18T01:03:09Z,"Layered Architecture"
708u/laravel-tweet-ddd,https://github.com/708u/laravel-tweet-ddd,2020,PHP,User,5,1,2020-03-08T11:11:10Z,"Onion Architecture"
davideicardi/es4kafka,https://github.com/davideicardi/es4kafka,2020,Scala,User,5,4,2020-08-25T14:20:09Z,"Event-Driven Architecture"
jonfazzaro/ignorance,https://github.com/jonfazzaro/ignorance,2011,C#,User,5,2,2011-12-06T21:46:47Z,"Layered Architecture"
jarri-abidi/todo,https://github.com/jarri-abidi/todo,2020,Go,User,5,1,2020-10-11T06:28:02Z,"Clean Architecture"
Arvinje/meetinger,https://github.com/Arvinje/meetinger,2020,TypeScript,User,5,0,2020-10-23T20:16:33Z,"Clean Architecture"
gemini-projects/gemini-micronaut,https://github.com/gemini-projects/gemini-micronaut,2020,Java,Organization,5,1,2020-11-01T21:52:42Z,"Layered Architecture"
skitoo/hastur,https://github.com/skitoo/hastur,2020,Python,User,5,1,2020-11-08T10:40:22Z,"Clean Architecture"
patrick91/django-ddd-caching,https://github.com/patrick91/django-ddd-caching,2020,Python,User,5,0,2020-11-09T14:00:55Z,"Layered Architecture"
othercodes/ComplexHeart,https://github.com/othercodes/ComplexHeart,2020,PHP,User,5,1,2020-11-25T12:29:15Z,"Hexagonal Architecture"
SherApp/Sher,https://github.com/SherApp/Sher,2021,C#,Organization,5,0,2021-02-04T12:25:26Z,"Clean Architecture"
DiabolusGX/guess-the-number,https://github.com/DiabolusGX/guess-the-number,2021,Go,User,5,6,2021-03-08T11:12:49Z,"Layered Architecture"
Eainde/microservice-ddd-onion,https://github.com/Eainde/microservice-ddd-onion,2021,Java,User,5,0,2021-04-01T09:58:39Z,"Onion Architecture"
nimil-jp/go-gin-ddd,https://github.com/nimil-jp/go-gin-ddd,2021,Go,Organization,5,0,2021-05-29T13:43:44Z,"Layered Architecture"
rcdmk/TestePraticoDDD,https://github.com/rcdmk/TestePraticoDDD,2015,C#,User,5,0,2015-06-25T23:27:46Z,"Layered Architecture"
DTazure3group/rentbook,https://github.com/DTazure3group/rentbook,2021,Java,User,5,5,2021-08-23T12:25:22Z,"Event-Driven Architecture"
anjotadena/laravel-docker-base,https://github.com/anjotadena/laravel-docker-base,2022,JavaScript,User,5,2,2022-02-19T16:20:21Z,"Layered Architecture"
roessland/withoutings,https://github.com/roessland/withoutings,2021,Go,User,5,0,2021-10-16T12:18:28Z,"Clean Architecture"
tacta-io/Tacta.EventStore,https://github.com/tacta-io/Tacta.EventStore,2021,C#,Organization,5,0,2021-10-19T07:56:29Z,"Event-Driven Architecture"
benjamins44/bookingcar,https://github.com/benjamins44/bookingcar,2021,Java,User,5,0,2021-10-20T18:38:07Z,"Hexagonal Architecture"
michaelsoliman1/flutter_quotable,https://github.com/michaelsoliman1/flutter_quotable,2021,Dart,User,5,0,2021-11-11T22:44:21Z,"Clean Architecture"
SepehrNamdar/DDDEU22_Let-Me-Be-Free,https://github.com/SepehrNamdar/DDDEU22_Let-Me-Be-Free,2022,Java,User,5,1,2022-02-01T08:16:26Z,"Layered Architecture"
AxonFramework/extension-spring-aot,https://github.com/AxonFramework/extension-spring-aot,2022,Java,Organization,5,0,2022-04-15T12:55:16Z,"Event-Driven Architecture"
Cantara/xorcery-examples,https://github.com/Cantara/xorcery-examples,2022,Java,Organization,5,4,2022-06-28T07:44:58Z,"Event-Driven Architecture"
trchopan/NearLineConnectUi,https://github.com/trchopan/NearLineConnectUi,2022,TypeScript,User,5,1,2022-07-14T04:39:53Z,"Onion Architecture"
franciscorode/asyncio_ddd,https://github.com/franciscorode/asyncio_ddd,2022,Python,User,5,0,2022-07-30T07:39:30Z,"Layered Architecture"
woowatechcamp-pro-5th-DDD-study/Domain-Driven-Design,https://github.com/woowatechcamp-pro-5th-DDD-study/Domain-Driven-Design,2023,Java,Organization,5,7,2023-02-02T13:31:33Z,"Layered Architecture"
Valbou/vtaskr-backend,https://github.com/Valbou/vtaskr-backend,2023,Python,User,5,1,2023-02-04T07:48:18Z,"Hexagonal Architecture"
jvalduvieco/scuti,https://github.com/jvalduvieco/scuti,2022,Python,User,5,1,2022-10-17T17:12:28Z,CQRS
arolariu/arolariu.ro,https://github.com/arolariu/arolariu.ro,2022,TypeScript,User,5,2,2022-11-02T20:50:11Z,"Onion Architecture"
ugho49/wishlist,https://github.com/ugho49/wishlist,2022,TypeScript,User,5,1,2022-11-20T20:10:06Z,"Onion Architecture"
harunrst/Progressium-Api,https://github.com/harunrst/Progressium-Api,2022,TypeScript,User,5,1,2022-12-21T14:24:29Z,"Clean Architecture"
drevispas/kotlin-spring-hexagonal,https://github.com/drevispas/kotlin-spring-hexagonal,2023,Kotlin,User,5,0,2023-01-05T13:24:39Z,"Hexagonal Architecture"
IgorKordiukiewicz/TaskTracker,https://github.com/IgorKordiukiewicz/TaskTracker,2023,C#,User,5,0,2023-07-25T17:19:41Z,CQRS
agistep/a-es.example,https://github.com/agistep/a-es.example,2023,Java,Organization,5,3,2023-05-30T17:03:14Z,"Event-Driven Architecture"
razondpro/UserService,https://github.com/razondpro/UserService,2023,C#,User,5,0,2023-08-01T12:18:36Z,"Clean Architecture"
haritha99ch/CrimeWatch,https://github.com/haritha99ch/CrimeWatch,2023,C#,User,5,3,2023-08-17T10:47:26Z,"Clean Architecture"
tribofustack/orderly-api,https://github.com/tribofustack/orderly-api,2023,TypeScript,Organization,5,2,2023-09-13T23:22:52Z,"Hexagonal Architecture"
georgeguii/desafio-balta-api-ibge,https://github.com/georgeguii/desafio-balta-api-ibge,2023,C#,User,5,2,2023-10-11T19:14:30Z,"Layered Architecture"
fernandoareias/Notification,https://github.com/fernandoareias/Notification,2024,C#,User,5,1,2024-01-03T21:32:51Z,"Onion Architecture"
conifercone/mumu,https://github.com/conifercone/mumu,2024,Java,User,5,0,2024-01-09T06:18:38Z,"Layered Architecture"
xfrr/go-cqrsify,https://github.com/xfrr/go-cqrsify,2024,Go,User,5,0,2024-02-02T17:27:53Z,"Event-Driven Architecture"
ashtishad/xpay,https://github.com/ashtishad/xpay,2024,Go,User,5,2,2024-10-06T20:30:39Z,"Layered Architecture"
Duccem/helsa,https://github.com/Duccem/helsa,2024,TypeScript,User,5,2,2024-07-02T19:50:17Z,"Onion Architecture"
nourelnaby4/EShopMicroservices,https://github.com/nourelnaby4/EShopMicroservices,2024,C#,User,5,1,2024-07-17T11:29:33Z,Microservices
dbinggo/Ai-HireSphere,https://github.com/dbinggo/Ai-HireSphere,2024,Go,User,5,4,2024-07-20T15:27:08Z,"Layered Architecture"
vicheanath/SearchBugs,https://github.com/vicheanath/SearchBugs,2024,C#,User,5,4,2024-07-24T13:53:00Z,"Onion Architecture"
windy-civi/windy-civi,https://github.com/windy-civi/windy-civi,2024,TypeScript,Organization,5,4,2024-08-07T13:23:04Z,"Layered Architecture"
vitor-galache/EcoManage,https://github.com/vitor-galache/EcoManage,2024,C#,User,5,0,2024-08-15T02:21:10Z,"Onion Architecture"
juaoantonio/clean-arch-ddd-template,https://github.com/juaoantonio/clean-arch-ddd-template,2024,TypeScript,User,5,0,2024-09-06T06:33:16Z,"Clean Architecture"
crafters-cloud/crafters-cloud-reference-architecture,https://github.com/crafters-cloud/crafters-cloud-reference-architecture,2024,C#,Organization,5,0,2024-10-18T08:27:44Z,"Onion Architecture"
bouanani-soufiane/PigeonSkyRace,https://github.com/bouanani-soufiane/PigeonSkyRace,2024,Java,User,5,1,2024-10-28T08:05:04Z,"Layered Architecture"
NathanFouere/president-challenge,https://github.com/NathanFouere/president-challenge,2024,TypeScript,User,5,0,2024-10-26T16:20:37Z,"Onion Architecture"
Makers-Den/makersden-fullstack-template,https://github.com/Makers-Den/makersden-fullstack-template,2025,TypeScript,Organization,5,0,2025-06-17T12:32:34Z,"Layered Architecture"
VaughnVernon/lingvo,https://github.com/VaughnVernon/lingvo,2025,Java,User,5,3,2025-03-09T04:41:32Z,"Layered Architecture"
fatihsen-dev/kanban-backend,https://github.com/fatihsen-dev/kanban-backend,2025,Go,User,5,1,2025-04-03T17:48:03Z,"Hexagonal Architecture"
niqitosiq/gemini-obsidian-helper,https://github.com/niqitosiq/gemini-obsidian-helper,2025,TypeScript,User,5,0,2025-04-21T10:29:33Z,"Layered Architecture"
qutora/qutora-api,https://github.com/qutora/qutora-api,2025,C#,Organization,5,0,2025-06-22T18:51:45Z,"Clean Architecture"
johannhartmann/mcpcodeanalysis,https://github.com/johannhartmann/mcpcodeanalysis,2025,Python,User,5,1,2025-07-08T10:45:06Z,"Layered Architecture"
entitydb-io/EntityDb.NET,https://github.com/entitydb-io/EntityDb.NET,2021,C#,Organization,5,3,2021-05-24T01:58:51Z,"Event-Driven Architecture"
cossteam/cossim-server,https://github.com/cossteam/cossim-server,2023,Go,Organization,5,4,2023-12-29T07:07:13Z,"Layered Architecture"
fizzbuds/ddd-toolkit,https://github.com/fizzbuds/ddd-toolkit,2023,TypeScript,Organization,5,5,2023-11-08T17:00:19Z,"Clean Architecture"
caioslopes/backend-apollo,https://github.com/caioslopes/backend-apollo,2024,Java,User,5,1,2024-06-12T22:48:18Z,"Layered Architecture"
beheshty/quiz-engine-microservices,https://github.com/beheshty/quiz-engine-microservices,2025,C#,User,5,0,2025-04-29T06:26:52Z,"Clean Architecture"
posaunehm/Codersation,https://github.com/posaunehm/Codersation,2012,C#,User,5,10,2012-09-12T23:39:12Z,"Layered Architecture"
lexwu2012/DDD.Template,https://github.com/lexwu2012/DDD.Template,2018,C#,User,5,1,2018-06-28T08:23:09Z,"Layered Architecture"
modelingevolution/plumberd,https://github.com/modelingevolution/plumberd,2020,C#,Organization,5,0,2020-10-30T09:03:29Z,"Event-Driven Architecture"
GreyJunZi/WindVane,https://github.com/GreyJunZi/WindVane,2019,JavaScript,User,5,0,2019-10-01T15:27:16Z,"Clean Architecture"
SuiteLHY/DingDing,https://github.com/SuiteLHY/DingDing,2019,Java,User,5,1,2019-12-21T12:13:58Z,"Layered Architecture"
p3-d2/clean-ts-api,https://github.com/p3-d2/clean-ts-api,2021,TypeScript,User,4,0,2021-08-28T22:16:57Z,"Clean Architecture"
fischermatte/bookstore,https://github.com/fischermatte/bookstore,2015,Java,User,4,1,2015-10-14T13:35:26Z,Microservices
paulrayner/ddd_code_samples_java,https://github.com/paulrayner/ddd_code_samples_java,2016,Java,User,4,12,2016-01-25T21:26:41Z,"Layered Architecture"
niwrA/Software-Management-Core,https://github.com/niwrA/Software-Management-Core,2017,C#,User,4,0,2017-01-16T23:01:33Z,CQRS
wingsofovnia/ddd-support,https://github.com/wingsofovnia/ddd-support,2017,Java,User,4,3,2017-02-03T18:47:37Z,"Layered Architecture"
polutz/ptz-user-app,https://github.com/polutz/ptz-user-app,2017,TypeScript,Organization,4,2,2017-03-08T19:12:36Z,"Layered Architecture"
asufana/my-first-kotlin,https://github.com/asufana/my-first-kotlin,2017,Kotlin,User,4,1,2017-04-05T12:28:31Z,"Layered Architecture"
sachatrauwaen/OpenApp,https://github.com/sachatrauwaen/OpenApp,2017,JavaScript,User,4,6,2017-10-08T13:26:32Z,"Layered Architecture"
dgonzo/eventsourcing-kanban,https://github.com/dgonzo/eventsourcing-kanban,2017,Python,User,4,1,2017-10-17T09:21:26Z,"Event-Driven Architecture"
CuiKeng/Lumen-ddd,https://github.com/CuiKeng/Lumen-ddd,2017,PHP,User,4,2,2017-11-03T02:27:00Z,"Layered Architecture"
jasonarg/saassycloud,https://github.com/jasonarg/saassycloud,2017,PHP,User,4,2,2017-12-04T05:29:23Z,"Layered Architecture"
WhatIsHeDoing/WhatIsHeDoing.DomainModels,https://github.com/WhatIsHeDoing/WhatIsHeDoing.DomainModels,2017,C#,User,4,1,2017-12-07T21:06:40Z,"Layered Architecture"
codepb/DDDToolkit,https://github.com/codepb/DDDToolkit,2018,C#,User,4,1,2018-01-13T21:20:06Z,"Onion Architecture"
dev-cheese/cheese,https://github.com/dev-cheese/cheese,2018,Java,Organization,4,2,2018-01-19T18:14:51Z,"Layered Architecture"
codefinity/micro-continuum,https://github.com/codefinity/micro-continuum,2018,Java,User,4,1,2018-03-12T16:59:30Z,Microservices
JFouts/clearly,https://github.com/JFouts/clearly,2018,C#,User,4,0,2018-03-06T02:59:59Z,"Event-Driven Architecture"
ThembisileNGQ/Entropy,https://github.com/ThembisileNGQ/Entropy,2018,C#,User,4,3,2018-03-07T20:31:13Z,CQRS
NebulaEngineering/nebulae,https://github.com/NebulaEngineering/nebulae,2018,JavaScript,Organization,4,2,2018-03-15T12:16:43Z,Microservices
pkormoczi/beer-store,https://github.com/pkormoczi/beer-store,2018,Java,User,4,1,2018-08-01T13:21:08Z,"Layered Architecture"
limoxi/rust,https://github.com/limoxi/rust,2017,Python,User,4,1,2017-10-15T15:08:22Z,"Layered Architecture"
jkazama/sample-micronaut-jpa,https://github.com/jkazama/sample-micronaut-jpa,2018,Java,User,4,3,2018-12-14T09:26:01Z,"Layered Architecture"
Fazzani/Synker,https://github.com/Fazzani/Synker,2019,C#,User,4,0,2019-05-05T13:34:51Z,"Clean Architecture"
praticis/Framework,https://github.com/praticis/Framework,2019,C#,Organization,4,1,2019-10-15T20:55:18Z,CQRS
Gatoke/offers,https://github.com/Gatoke/offers,2019,Java,User,4,2,2019-11-10T12:43:38Z,"Hexagonal Architecture"
anaelChardan/TodoApp,https://github.com/anaelChardan/TodoApp,2019,PHP,User,4,0,2019-12-13T16:48:47Z,"Onion Architecture"
swpuzhang/CleanGameArchitecture,https://github.com/swpuzhang/CleanGameArchitecture,2020,C#,User,4,0,2020-01-12T16:44:17Z,"Clean Architecture"
digitaldias/PuppyTracker,https://github.com/digitaldias/PuppyTracker,2020,C#,User,4,0,2020-02-03T09:13:53Z,"Layered Architecture"
jahanbinali1988/Sofa,https://github.com/jahanbinali1988/Sofa,2020,C#,User,4,0,2020-02-09T22:38:48Z,"Onion Architecture"
HassanHashemi/infra,https://github.com/HassanHashemi/infra,2020,C#,User,4,7,2020-02-25T13:47:38Z,"Event-Driven Architecture"
Crix4lis/Shop,https://github.com/Crix4lis/Shop,2020,PHP,User,4,0,2020-03-30T12:28:11Z,"Hexagonal Architecture"
pablocom/PersonalSite.Backend,https://github.com/pablocom/PersonalSite.Backend,2020,C#,User,4,0,2020-04-23T18:02:38Z,"Onion Architecture"
I-Reven/Hexagonal,https://github.com/I-Reven/Hexagonal,2020,Go,Organization,4,1,2020-05-16T16:53:09Z,"Hexagonal Architecture"
JeffMangan/go-ddd-cart,https://github.com/JeffMangan/go-ddd-cart,2020,Go,User,4,1,2020-05-25T21:27:47Z,"Layered Architecture"
spruce-bruce/hapi-functional-ddd,https://github.com/spruce-bruce/hapi-functional-ddd,2020,JavaScript,User,4,0,2020-05-29T16:59:50Z,"Layered Architecture"
rafaeldias97/MicroServiceExample,https://github.com/rafaeldias97/MicroServiceExample,2020,C#,User,4,2,2020-06-22T14:22:56Z,CQRS
jrollin/node-ts-express-port-adapter,https://github.com/jrollin/node-ts-express-port-adapter,2020,TypeScript,User,4,0,2020-06-28T19:25:17Z,"Hexagonal Architecture"
Dionid/tiamo,https://github.com/Dionid/tiamo,2020,TypeScript,User,4,0,2020-07-05T17:05:49Z,"Onion Architecture"
christensena/DDDIntro,https://github.com/christensena/DDDIntro,2011,JavaScript,User,4,1,2011-11-21T08:56:11Z,"Layered Architecture"
JungleMinds/JM_API-Boilerplate,https://github.com/JungleMinds/JM_API-Boilerplate,2018,JavaScript,Organization,4,1,2018-10-03T08:20:22Z,"Clean Architecture"
sinzlab/datajoint-link,https://github.com/sinzlab/datajoint-link,2020,Python,Organization,4,2,2020-08-07T14:43:56Z,"Clean Architecture"
ehmpathy/domain-objects,https://github.com/ehmpathy/domain-objects,2020,TypeScript,Organization,4,0,2020-08-26T13:40:47Z,"Layered Architecture"
yoldascevik/eCareer,https://github.com/yoldascevik/eCareer,2020,C#,User,4,2,2020-10-16T16:05:43Z,"Clean Architecture"
cleberspirlandeli/base-ddd-web-core,https://github.com/cleberspirlandeli/base-ddd-web-core,2020,C#,User,4,0,2020-10-31T23:00:00Z,"Layered Architecture"
mirkorap/angular-todo-list,https://github.com/mirkorap/angular-todo-list,2021,TypeScript,User,4,0,2021-01-07T07:41:16Z,"Layered Architecture"
gonzaloplaza/myphp-ddd-demo,https://github.com/gonzaloplaza/myphp-ddd-demo,2021,PHP,User,4,0,2021-01-14T19:08:04Z,"Hexagonal Architecture"
vinicamposdev/clean-ts-api,https://github.com/vinicamposdev/clean-ts-api,2021,TypeScript,User,4,0,2021-01-22T14:52:05Z,"Clean Architecture"
xLibMS/LibMS-backend,https://github.com/xLibMS/LibMS-backend,2021,TypeScript,Organization,4,4,2021-04-05T17:20:40Z,"Hexagonal Architecture"
brunograna/spring-webflux-demo,https://github.com/brunograna/spring-webflux-demo,2021,Java,User,4,0,2021-04-21T16:26:54Z,"Hexagonal Architecture"
omid-ahmadpour/Microservices-Template,https://github.com/omid-ahmadpour/Microservices-Template,2021,C#,User,4,0,2021-06-10T12:14:14Z,"Clean Architecture"
AdrienFelipe/localingo,https://github.com/AdrienFelipe/localingo,2021,PHP,User,4,0,2021-06-21T11:03:49Z,"Hexagonal Architecture"
ClaudiuBrandusa/Item-Trading-App-REST-API,https://github.com/ClaudiuBrandusa/Item-Trading-App-REST-API,2021,C#,User,4,0,2021-08-22T12:03:28Z,"Clean Architecture"
sfinnie/event_sourced_bank,https://github.com/sfinnie/event_sourced_bank,2022,Python,User,4,2,2022-02-16T18:03:44Z,"Event-Driven Architecture"
dominioncfg/order-service,https://github.com/dominioncfg/order-service,2022,C#,User,4,0,2022-03-04T18:41:29Z,"Clean Architecture"
t10d/kingdom-python-sdk,https://github.com/t10d/kingdom-python-sdk,2021,Python,Organization,4,1,2021-10-14T19:56:11Z,"Layered Architecture"
dokt/dokt,https://github.com/dokt/dokt,2022,Kotlin,Organization,4,0,2022-01-04T13:35:23Z,CQRS
Jason-Witzemann-FHV/Systemarchitecture,https://github.com/Jason-Witzemann-FHV/Systemarchitecture,2022,Java,User,4,0,2022-03-25T16:57:38Z,CQRS
vab2048/axon-exhibition,https://github.com/vab2048/axon-exhibition,2022,Java,User,4,0,2022-05-04T13:08:01Z,CQRS
rgfaber/m5x-sdk,https://github.com/rgfaber/m5x-sdk,2021,C#,User,4,0,2021-10-16T14:01:09Z,"Clean Architecture"
liuxd6825/dapr-go-ddd-example,https://github.com/liuxd6825/dapr-go-ddd-example,2022,Go,User,4,1,2022-05-13T14:20:20Z,"Hexagonal Architecture"
taterer/rx-jsx,https://github.com/taterer/rx-jsx,2022,TypeScript,Organization,4,0,2022-05-23T19:23:33Z,CQRS
rghermosa/shoppinglistapp,https://github.com/rghermosa/shoppinglistapp,2022,TypeScript,User,4,0,2022-06-04T16:28:20Z,"Hexagonal Architecture"
my-research/ddd,https://github.com/my-research/ddd,2022,Java,Organization,4,1,2022-07-05T23:21:50Z,"Event-Driven Architecture"
NerosoftDev/Euonia,https://github.com/NerosoftDev/Euonia,2023,C#,Organization,4,0,2023-02-01T03:04:46Z,"Layered Architecture"
rmolinamir/ddd-framework,https://github.com/rmolinamir/ddd-framework,2022,TypeScript,User,4,1,2022-11-16T22:54:34Z,"Onion Architecture"
WarriorsSami/talkaddict,https://github.com/WarriorsSami/talkaddict,2022,Java,User,4,0,2022-11-27T12:13:12Z,CQRS
qfmx/ddd-springboot-leave-example,https://github.com/qfmx/ddd-springboot-leave-example,2022,Java,User,4,0,2022-11-29T13:02:35Z,"Layered Architecture"
Stijn-Rutten/Kwetter,https://github.com/Stijn-Rutten/Kwetter,2022,C#,User,4,1,2022-12-09T19:47:04Z,"Onion Architecture"
PanKunik/smuget,https://github.com/PanKunik/smuget,2023,C#,User,4,0,2023-02-25T20:44:26Z,"Clean Architecture"
marcrdez/gpseries,https://github.com/marcrdez/gpseries,2023,TypeScript,User,4,0,2023-03-18T14:10:04Z,"Clean Architecture"
Syaw0/ArtWave,https://github.com/Syaw0/ArtWave,2023,TypeScript,User,4,0,2023-03-19T09:04:03Z,"Onion Architecture"
lazyskulptor/express-template,https://github.com/lazyskulptor/express-template,2023,TypeScript,User,4,0,2023-03-31T09:37:08Z,"Layered Architecture"
MrHDOLEK/slim4-boirlerplate,https://github.com/MrHDOLEK/slim4-boirlerplate,2023,PHP,User,4,0,2023-05-26T14:08:20Z,"Onion Architecture"
MontyPythonM/InvestTracker,https://github.com/MontyPythonM/InvestTracker,2023,C#,User,4,0,2023-06-18T15:27:23Z,"Modular Monolith"
BridgingIT-GmbH/bITdevKit,https://github.com/BridgingIT-GmbH/bITdevKit,2023,C#,Organization,4,2,2023-12-12T13:46:51Z,"Onion Architecture"
carlosvillu/cervantes,https://github.com/carlosvillu/cervantes,2023,TypeScript,User,4,0,2023-12-18T09:10:50Z,"Onion Architecture"
whsv26/mediator,https://github.com/whsv26/mediator,2021,PHP,User,4,0,2021-12-18T20:55:11Z,CQRS
alijbarghouth/LibraryManagementSystem,https://github.com/alijbarghouth/LibraryManagementSystem,2023,C#,User,4,0,2023-05-22T12:12:34Z,"Clean Architecture"
SSWConsulting/dotnet-modular-monolith,https://github.com/SSWConsulting/dotnet-modular-monolith,2024,C#,Organization,4,0,2024-01-01T03:22:51Z,"Modular Monolith"
KostayShutko/Manufacturing,https://github.com/KostayShutko/Manufacturing,2023,C#,User,4,0,2023-10-13T18:40:58Z,"Event-Driven Architecture"
gushakov/atm-subcase,https://github.com/gushakov/atm-subcase,2023,Java,User,4,1,2023-10-15T16:25:37Z,"Clean Architecture"
superbadteam/superbad-store_backend,https://github.com/superbadteam/superbad-store_backend,2023,C#,Organization,4,1,2023-11-15T01:34:58Z,"Clean Architecture"
nico-i/psi-svg,https://github.com/nico-i/psi-svg,2023,TypeScript,User,4,1,2023-11-17T00:41:36Z,"Layered Architecture"
cloudcreativity/ddd-modules,https://github.com/cloudcreativity/ddd-modules,2023,PHP,Organization,4,0,2023-11-17T11:08:30Z,"Layered Architecture"
w00lfer/LeagueOfStats,https://github.com/w00lfer/LeagueOfStats,2023,C#,User,4,0,2023-11-20T23:06:08Z,"Clean Architecture"
emptybutton/Aqua,https://github.com/emptybutton/Aqua,2024,Python,User,4,0,2024-05-18T15:41:46Z,"Clean Architecture"
interactiv4/shopify-node-app-template,https://github.com/interactiv4/shopify-node-app-template,2024,TypeScript,Organization,4,0,2024-01-29T13:05:11Z,"Layered Architecture"
GabrieleTronchin/EventSourceSample,https://github.com/GabrieleTronchin/EventSourceSample,2024,C#,User,4,0,2024-02-15T19:52:14Z,"Event-Driven Architecture"
j5ik2o/cqrs-es-example-java,https://github.com/j5ik2o/cqrs-es-example-java,2024,Java,User,4,1,2024-03-01T03:13:20Z,CQRS
yoyoboot/Yoyo.Abp,https://github.com/yoyoboot/Yoyo.Abp,2024,C#,Organization,4,0,2024-03-05T13:26:15Z,"Layered Architecture"
GabrieleTronchin/Sample.DDD.GraphQL.API,https://github.com/GabrieleTronchin/Sample.DDD.GraphQL.API,2024,C#,User,4,2,2024-03-22T11:04:32Z,"Layered Architecture"
Gi-jutsu/nestjs-clean-boilerplate,https://github.com/Gi-jutsu/nestjs-clean-boilerplate,2024,TypeScript,User,4,0,2024-04-04T21:17:31Z,"Clean Architecture"
edsonmartins/archbase-app-framework,https://github.com/edsonmartins/archbase-app-framework,2024,Java,User,4,2,2024-04-09T17:19:40Z,"Hexagonal Architecture"
HasanKhadd0ur/CASolution.SharedKernel,https://github.com/HasanKhadd0ur/CASolution.SharedKernel,2024,C#,User,4,1,2024-09-24T12:12:14Z,"Clean Architecture"
GemberPHP/event-sourcing,https://github.com/GemberPHP/event-sourcing,2024,PHP,Organization,4,0,2024-09-26T12:25:43Z,"Event-Driven Architecture"
AugustGrane/Order-Status-Tracker,https://github.com/AugustGrane/Order-Status-Tracker,2024,Java,User,4,0,2024-10-09T07:42:33Z,"Onion Architecture"
blackhorseya/godine,https://github.com/blackhorseya/godine,2024,Go,User,4,1,2024-06-10T04:58:21Z,"Layered Architecture"
Hopin-inc/civicship-api,https://github.com/Hopin-inc/civicship-api,2024,TypeScript,Organization,4,1,2024-06-25T09:16:17Z,"Clean Architecture"
fraktalio/fmodel-rust-postgres,https://github.com/fraktalio/fmodel-rust-postgres,2024,Rust,Organization,4,1,2024-06-25T17:39:27Z,"Event-Driven Architecture"
beka-birhanu/finance-go,https://github.com/beka-birhanu/finance-go,2024,Go,User,4,0,2024-07-18T19:14:46Z,"Clean Architecture"
osmanaliyardim/eCommerceMicroservicesV2,https://github.com/osmanaliyardim/eCommerceMicroservicesV2,2024,C#,User,4,0,2024-07-31T12:32:52Z,"Clean Architecture"
jdaniel1987/GameShop.CQRS,https://github.com/jdaniel1987/GameShop.CQRS,2024,C#,User,4,0,2024-08-14T16:11:37Z,"Clean Architecture"
KivaBall/WiseReminder,https://github.com/KivaBall/WiseReminder,2024,C#,User,4,0,2024-11-06T22:56:28Z,"Clean Architecture"
bouanani-soufiane/Citronix,https://github.com/bouanani-soufiane/Citronix,2024,Java,User,4,0,2024-11-15T19:58:20Z,"Layered Architecture"
TeseySTD/asp-web-api-ecommerce-app,https://github.com/TeseySTD/asp-web-api-ecommerce-app,2024,C#,User,4,0,2024-11-19T13:21:36Z,"Clean Architecture"
Said-Aabilla/food-ordering-system,https://github.com/Said-Aabilla/food-ordering-system,2024,Java,User,4,1,2024-12-18T10:33:48Z,"Hexagonal Architecture"
Learnathon-By-Geeky-Solutions/earendel,https://github.com/Learnathon-By-Geeky-Solutions/earendel,2024,C#,Organization,4,2,2024-12-24T13:11:27Z,"Onion Architecture"
semantiva/semantiva,https://github.com/semantiva/semantiva,2025,Python,Organization,4,2,2025-01-11T09:51:11Z,"Onion Architecture"
guarilha/go-ddd-starter,https://github.com/guarilha/go-ddd-starter,2025,Go,User,4,0,2025-03-01T14:32:37Z,"Layered Architecture"
lprevidente/ddd-example,https://github.com/lprevidente/ddd-example,2025,Java,User,4,1,2025-03-13T15:03:17Z,"Onion Architecture"
beheshty/TodoList,https://github.com/beheshty/TodoList,2025,C#,User,4,1,2025-04-21T09:25:22Z,"Clean Architecture"
ES2-UFPI/plaseg,https://github.com/ES2-UFPI/plaseg,2025,TypeScript,Organization,4,0,2025-04-25T15:22:30Z,"Clean Architecture"
Dance-reservation-system/Reservation-system,https://github.com/Dance-reservation-system/Reservation-system,2025,Java,Organization,4,2,2025-05-23T20:54:50Z,"Clean Architecture"
IFM-Tech-Connect-Bootcamp/Expense-Tracker-Project,https://github.com/IFM-Tech-Connect-Bootcamp/Expense-Tracker-Project,2025,Python,Organization,4,0,2025-09-23T11:37:15Z,"Layered Architecture"
nahtanpng/node-api-terraform,https://github.com/nahtanpng/node-api-terraform,2025,TypeScript,User,4,0,2025-06-29T19:26:37Z,"Clean Architecture"
sergioalmela/symfony-ddd-ecommerce-microservices,https://github.com/sergioalmela/symfony-ddd-ecommerce-microservices,2025,PHP,User,4,0,2025-07-04T19:42:17Z,"Hexagonal Architecture"
awslabs/open-hostfactory-plugin,https://github.com/awslabs/open-hostfactory-plugin,2025,Python,Organization,4,0,2025-07-10T10:25:15Z,"Clean Architecture"
MahdiHoseinpoor/EasyPay,https://github.com/MahdiHoseinpoor/EasyPay,2025,C#,User,4,0,2025-07-10T11:23:15Z,"Clean Architecture"
devrandom-labs/nexus,https://github.com/devrandom-labs/nexus,2024,Rust,Organization,4,0,2024-12-14T19:12:26Z,"Hexagonal Architecture"
sriramdasbalaji/SmartStore.net,https://github.com/sriramdasbalaji/SmartStore.net,2015,C#,User,4,6,2015-08-10T12:29:02Z,"Layered Architecture"
socialsoftware/microservices-simulator,https://github.com/socialsoftware/microservices-simulator,2023,Java,Organization,4,1,2023-06-28T17:05:13Z,"Event-Driven Architecture"
xooooooooox/radp,https://github.com/xooooooooox/radp,2024,Java,User,4,1,2024-12-16T14:56:09Z,"Layered Architecture"
bartvanhoey/DomainDrivenDesignWorkshop,https://github.com/bartvanhoey/DomainDrivenDesignWorkshop,2021,C#,User,4,2,2021-01-07T11:16:58Z,"Onion Architecture"
LiteFx/LiteFx,https://github.com/LiteFx/LiteFx,2015,C#,Organization,3,2,2015-07-31T11:16:59Z,"Layered Architecture"
montreal91/deadly-duck,https://github.com/montreal91/deadly-duck,2015,Python,User,3,0,2015-12-18T15:25:20Z,"Layered Architecture"
drioemgaoin/WPFRubbikCubeSolver,https://github.com/drioemgaoin/WPFRubbikCubeSolver,2016,C#,User,3,1,2016-02-22T23:26:50Z,"Onion Architecture"
paulrayner/dddsample,https://github.com/paulrayner/dddsample,2012,C#,User,3,0,2012-10-30T22:26:16Z,"Layered Architecture"
petrjanda/rddd,https://github.com/petrjanda/rddd,2012,Ruby,User,3,1,2012-11-01T18:04:15Z,"Layered Architecture"
wimvangool/Kingo,https://github.com/wimvangool/Kingo,2013,C#,User,3,0,2013-05-03T09:20:28Z,"Event-Driven Architecture"
aisensiy/realworld-spring-boot,https://github.com/aisensiy/realworld-spring-boot,2017,Java,User,3,1,2017-08-08T02:16:21Z,"Layered Architecture"
nidup/architool,https://github.com/nidup/architool,2017,PHP,User,3,0,2017-08-13T07:59:49Z,"Hexagonal Architecture"
timReynolds/js-domain,https://github.com/timReynolds/js-domain,2017,TypeScript,User,3,2,2017-08-26T16:09:04Z,"Layered Architecture"
stevewgh/TinyAggregate,https://github.com/stevewgh/TinyAggregate,2017,C#,User,3,0,2017-10-16T14:53:49Z,"Event-Driven Architecture"
matiux/ddd-starter-pack,https://github.com/matiux/ddd-starter-pack,2017,PHP,User,3,3,2017-10-28T13:06:05Z,"Layered Architecture"
avegaraju/CodeCatalog.DDD.Samples,https://github.com/avegaraju/CodeCatalog.DDD.Samples,2017,C#,User,3,0,2017-11-07T22:26:09Z,"Event-Driven Architecture"
lennonalvesdias/BigBang,https://github.com/lennonalvesdias/BigBang,2018,C#,User,3,1,2018-01-07T22:21:11Z,"Layered Architecture"
mendezgabriel/realestate-demo-solid-principles,https://github.com/mendezgabriel/realestate-demo-solid-principles,2018,C#,User,3,2,2018-05-07T05:35:15Z,"Onion Architecture"
zawiszaty/cqrs-blog,https://github.com/zawiszaty/cqrs-blog,2018,PHP,User,3,2,2018-06-27T17:43:49Z,CQRS
JohanVillegas/BaseSolution-Microservices,https://github.com/JohanVillegas/BaseSolution-Microservices,2018,C#,User,3,2,2018-07-12T14:26:52Z,"Layered Architecture"
daniloteodoro/car-reservation-microservices,https://github.com/daniloteodoro/car-reservation-microservices,2018,Java,User,3,2,2018-07-08T08:52:27Z,"Layered Architecture"
kaiquegarcia/coding.events-api,https://github.com/kaiquegarcia/coding.events-api,2021,PHP,User,3,1,2021-09-13T00:49:39Z,"Layered Architecture"
msiegenthaler/free-event-sourcing,https://github.com/msiegenthaler/free-event-sourcing,2015,Scala,User,3,0,2015-12-28T18:27:01Z,"Event-Driven Architecture"
ckagiri/asianlines,https://github.com/ckagiri/asianlines,2013,JavaScript,User,3,0,2013-12-19T16:20:58Z,CQRS
futugyou/DDDExample,https://github.com/futugyou/DDDExample,2018,C#,User,3,1,2018-12-14T04:01:19Z,"Onion Architecture"
albertodall/InstaLike,https://github.com/albertodall/InstaLike,2019,C#,User,3,1,2019-02-02T16:10:01Z,"Layered Architecture"
screwyprof/cqrs,https://github.com/screwyprof/cqrs,2019,Go,User,3,2,2019-02-26T21:20:49Z,CQRS
fairyhunter13/tax-calculator,https://github.com/fairyhunter13/tax-calculator,2019,JavaScript,User,3,0,2019-02-28T10:49:37Z,"Layered Architecture"
limoxi/ghost,https://github.com/limoxi/ghost,2019,Go,User,3,1,2019-03-06T15:40:55Z,"Layered Architecture"
cosphere-org/lily,https://github.com/cosphere-org/lily,2019,Python,Organization,3,0,2019-03-15T09:28:05Z,"Event-Driven Architecture"
telcirion/odin,https://github.com/telcirion/odin,2019,Java,User,3,0,2019-03-19T21:07:47Z,"Event-Driven Architecture"
indualagarsamy/saga-pattern,https://github.com/indualagarsamy/saga-pattern,2019,C#,User,3,1,2019-05-16T22:09:21Z,"Event-Driven Architecture"
DieAntonie/eventstore-python,https://github.com/DieAntonie/eventstore-python,2019,Python,User,3,0,2019-08-20T05:59:49Z,CQRS
eacevedof/prj_ddd,https://github.com/eacevedof/prj_ddd,2019,PHP,User,3,2,2019-09-22T09:35:27Z,"Hexagonal Architecture"
juanluelguerre/Microservices,https://github.com/juanluelguerre/Microservices,2019,C#,User,3,0,2019-10-05T19:10:17Z,"Onion Architecture"
makinacorpus/php-goat,https://github.com/makinacorpus/php-goat,2019,PHP,Organization,3,1,2019-12-02T13:26:37Z,"Event-Driven Architecture"
ekosalemba/ddd-go,https://github.com/ekosalemba/ddd-go,2019,Go,User,3,0,2019-12-05T05:12:58Z,"Layered Architecture"
sdaves/microthings,https://github.com/sdaves/microthings,2019,Python,User,3,0,2019-12-21T00:49:13Z,"Layered Architecture"
ecattez/shahmat,https://github.com/ecattez/shahmat,2020,Java,User,3,0,2020-01-06T15:11:34Z,"Layered Architecture"
akhmelevtsov/DemoRentalRepairsWebAPI,https://github.com/akhmelevtsov/DemoRentalRepairsWebAPI,2020,C#,User,3,1,2020-01-15T14:42:02Z,"Clean Architecture"
pocky/user,https://github.com/pocky/user,2014,PHP,User,3,4,2014-09-03T09:42:05Z,CQRS
am1ter/flash_decision,https://github.com/am1ter/flash_decision,2020,Python,User,3,0,2020-03-10T20:58:40Z,"Clean Architecture"
mikelpmc/react-hexagonal-architecture,https://github.com/mikelpmc/react-hexagonal-architecture,2020,JavaScript,User,3,2,2020-04-06T09:12:00Z,"Hexagonal Architecture"
mgdagpin/Arcturus,https://github.com/mgdagpin/Arcturus,2020,JavaScript,User,3,1,2020-04-06T04:02:00Z,"Clean Architecture"
everest-engineering/lhotse-storage,https://github.com/everest-engineering/lhotse-storage,2020,Java,Organization,3,2,2020-04-14T00:04:21Z,"Layered Architecture"
kt3kstudio/pairs,https://github.com/kt3kstudio/pairs,2014,JavaScript,Organization,3,0,2014-10-22T21:44:14Z,"Layered Architecture"
baruica/gym-java,https://github.com/baruica/gym-java,2020,Java,User,3,0,2020-04-19T13:49:13Z,"Layered Architecture"
jmserrano-dev/poc-ddd.architecture.plus.react,https://github.com/jmserrano-dev/poc-ddd.architecture.plus.react,2020,TypeScript,User,3,0,2020-04-19T15:44:21Z,"Layered Architecture"
mariobot/Microservices,https://github.com/mariobot/Microservices,2020,C#,User,3,0,2020-05-03T22:16:56Z,Microservices
Genocs/genocs-library,https://github.com/Genocs/genocs-library,2020,C#,Organization,3,3,2020-05-11T17:08:09Z,Microservices
I-Reven/Hexagonal-Symfony,https://github.com/I-Reven/Hexagonal-Symfony,2020,PHP,Organization,3,1,2020-05-20T11:26:03Z,"Hexagonal Architecture"
marcosDLCS/urjc-mca-ci-delivery,https://github.com/marcosDLCS/urjc-mca-ci-delivery,2020,Java,User,3,0,2020-05-27T18:10:37Z,"Layered Architecture"
beer-and-code/sample-mongo,https://github.com/beer-and-code/sample-mongo,2020,C#,Organization,3,1,2020-06-18T16:59:16Z,"Clean Architecture"
Dionid/headless-faq,https://github.com/Dionid/headless-faq,2020,TypeScript,User,3,0,2020-06-27T09:43:26Z,"Onion Architecture"
gradzio/make-frontend-great-again,https://github.com/gradzio/make-frontend-great-again,2020,TypeScript,User,3,0,2020-07-12T08:19:42Z,"Layered Architecture"
johnowl/Joomiz.Blog,https://github.com/johnowl/Joomiz.Blog,2014,C#,User,3,5,2014-12-15T17:36:56Z,"Layered Architecture"
WhimTech/SimplifyDDD,https://github.com/WhimTech/SimplifyDDD,2014,C#,Organization,3,2,2014-12-18T16:49:34Z,"Layered Architecture"
Eveble/eveble,https://github.com/Eveble/eveble,2020,TypeScript,Organization,3,0,2020-03-01T04:16:26Z,"Event-Driven Architecture"
christiandbf/roulette,https://github.com/christiandbf/roulette,2020,TypeScript,User,3,0,2020-06-03T04:22:51Z,"Clean Architecture"
szawaski/Zerra,https://github.com/szawaski/Zerra,2020,C#,User,3,1,2020-09-30T03:01:49Z,CQRS
yanbu0/nostify,https://github.com/yanbu0/nostify,2020,C#,User,3,2,2020-10-29T20:57:58Z,CQRS
biplovkc/PaymentGateway,https://github.com/biplovkc/PaymentGateway,2020,C#,User,3,1,2020-12-08T14:14:00Z,CQRS
casahugo/php-domain-marketplace,https://github.com/casahugo/php-domain-marketplace,2020,PHP,User,3,0,2020-12-18T16:45:32Z,"Layered Architecture"
roadtoagility/appfabric,https://github.com/roadtoagility/appfabric,2020,C#,Organization,3,0,2020-12-23T15:28:32Z,CQRS
yqbrad/CleanArchitectureTemplate,https://github.com/yqbrad/CleanArchitectureTemplate,2021,C#,User,3,1,2021-01-23T06:51:45Z,"Clean Architecture"
dogukanozturkan/Hexagonal-Hotel-Demo-Project,https://github.com/dogukanozturkan/Hexagonal-Hotel-Demo-Project,2021,Java,User,3,1,2021-02-19T09:30:32Z,"Hexagonal Architecture"
akbarpambudi/go-point-of-sales,https://github.com/akbarpambudi/go-point-of-sales,2021,Go,User,3,0,2021-03-08T04:57:28Z,"Clean Architecture"
rodolphocastro/patterns-with-bdd,https://github.com/rodolphocastro/patterns-with-bdd,2021,C#,User,3,0,2021-03-21T01:58:58Z,"Layered Architecture"
berkayyerdelen/ParkBee,https://github.com/berkayyerdelen/ParkBee,2021,C#,User,3,0,2021-04-12T16:01:02Z,"Onion Architecture"
jdomainapp/jda,https://github.com/jdomainapp/jda,2021,Java,Organization,3,1,2021-05-29T16:55:22Z,"Layered Architecture"
burus86/api-ddd-template,https://github.com/burus86/api-ddd-template,2021,PHP,User,3,1,2021-06-13T19:16:47Z,"Hexagonal Architecture"
ComplexHeart/php-domain-model,https://github.com/ComplexHeart/php-domain-model,2021,PHP,Organization,3,0,2021-06-14T18:17:07Z,"Layered Architecture"
anyulled/Java-ddd,https://github.com/anyulled/Java-ddd,2021,Java,User,3,0,2021-07-01T20:42:21Z,"Hexagonal Architecture"
przemyslawhaptas/node-app-template,https://github.com/przemyslawhaptas/node-app-template,2021,JavaScript,User,3,0,2021-07-10T14:02:40Z,"Layered Architecture"
jybbang/go-core-architecture,https://github.com/jybbang/go-core-architecture,2021,Go,User,3,0,2021-08-13T18:39:53Z,"Hexagonal Architecture"
gbs149/TCC_project,https://github.com/gbs149/TCC_project,2021,TypeScript,User,3,0,2021-08-18T01:52:28Z,"Onion Architecture"
soroushkavousi/fireplace-api,https://github.com/soroushkavousi/fireplace-api,2021,C#,User,3,2,2021-08-21T14:32:37Z,"Onion Architecture"
nimil-jp/go-chi-ddd,https://github.com/nimil-jp/go-chi-ddd,2021,Go,Organization,3,0,2021-08-19T16:20:42Z,"Layered Architecture"
TheMagnificent11/lewee,https://github.com/TheMagnificent11/lewee,2022,C#,User,3,2,2022-03-08T20:59:52Z,"Onion Architecture"
etartar/UdemyMicroservices,https://github.com/etartar/UdemyMicroservices,2022,C#,User,3,0,2022-02-26T09:04:40Z,CQRS
steffenskov/DDD-CQRS-EventSourcing-Template,https://github.com/steffenskov/DDD-CQRS-EventSourcing-Template,2022,C#,User,3,0,2022-03-01T19:42:23Z,CQRS
Jeronimo-MZ/services-api,https://github.com/Jeronimo-MZ/services-api,2021,TypeScript,User,3,1,2021-09-29T20:49:38Z,"Clean Architecture"
kmhalvin/forum-api,https://github.com/kmhalvin/forum-api,2021,JavaScript,User,3,0,2021-10-15T03:46:02Z,"Clean Architecture"
brpapa/lazarus,https://github.com/brpapa/lazarus,2021,TypeScript,User,3,1,2021-11-22T23:59:26Z,"Onion Architecture"
goldenfingers98/spring-boot-hexagonal-architecture-quickstart,https://github.com/goldenfingers98/spring-boot-hexagonal-architecture-quickstart,2021,Java,User,3,1,2021-12-14T00:05:03Z,"Hexagonal Architecture"
jjeanjacques10/clean-architecture-guide,https://github.com/jjeanjacques10/clean-architecture-guide,2021,Java,User,3,0,2021-12-27T23:30:42Z,"Clean Architecture"
lazyskulptor/ddd-ts-ecommerce-backend,https://github.com/lazyskulptor/ddd-ts-ecommerce-backend,2021,TypeScript,User,3,0,2021-12-30T15:47:52Z,"Layered Architecture"
vasildakov/postcode,https://github.com/vasildakov/postcode,2022,PHP,User,3,4,2022-01-05T14:23:57Z,"Layered Architecture"
KlestovAlexej/Wattle.Examples,https://github.com/KlestovAlexej/Wattle.Examples,2022,C#,User,3,0,2022-01-30T10:12:39Z,"Layered Architecture"
swiggy-2022-bootcamp/cdp-team1,https://github.com/swiggy-2022-bootcamp/cdp-team1,2022,Go,Organization,3,7,2022-04-06T06:34:15Z,Microservices
CosmicMind/domainjs,https://github.com/CosmicMind/domainjs,2022,TypeScript,Organization,3,0,2022-04-26T15:51:25Z,"Layered Architecture"
minghsu0107/saga-purchase,https://github.com/minghsu0107/saga-purchase,2021,Go,User,3,0,2021-03-07T09:06:20Z,"Event-Driven Architecture"
KubaTworek/Restaurant-Management-System,https://github.com/KubaTworek/Restaurant-Management-System,2022,Java,User,3,0,2022-08-25T18:45:15Z,"Hexagonal Architecture"
LuizFelipeA/Rich-Domains,https://github.com/LuizFelipeA/Rich-Domains,2022,C#,User,3,0,2022-05-12T13:25:03Z,"Clean Architecture"
tuan3w/python-rest-template,https://github.com/tuan3w/python-rest-template,2022,Python,User,3,0,2022-05-14T02:10:35Z,"Layered Architecture"
adbayb/clean-architecture,https://github.com/adbayb/clean-architecture,2022,TypeScript,User,3,0,2022-06-03T07:28:03Z,"Clean Architecture"
dmamulashvili/webapi-msa-template,https://github.com/dmamulashvili/webapi-msa-template,2022,C#,User,3,0,2022-06-11T15:29:45Z,"Clean Architecture"
ehmad-kamal-99/MiG-28,https://github.com/ehmad-kamal-99/MiG-28,2022,Go,User,3,0,2022-06-18T17:28:51Z,"Hexagonal Architecture"
develmood/nestjs-ddd-skeleton,https://github.com/develmood/nestjs-ddd-skeleton,2022,TypeScript,User,3,1,2022-07-09T23:02:29Z,"Layered Architecture"
OrhunSozer/Microservices,https://github.com/OrhunSozer/Microservices,2022,C#,User,3,1,2022-07-16T11:12:48Z,Microservices
Adeilton-Ro/OnlyMessage,https://github.com/Adeilton-Ro/OnlyMessage,2022,C#,User,3,1,2022-07-25T12:49:04Z,"Layered Architecture"
oyamo/kplc-outage-microservice,https://github.com/oyamo/kplc-outage-microservice,2023,Go,User,3,0,2023-02-02T08:08:58Z,"Hexagonal Architecture"
ParserMouths/localgenie.us,https://github.com/ParserMouths/localgenie.us,2023,JavaScript,Organization,3,1,2023-02-03T14:53:58Z,"Layered Architecture"
Weol/seatpicker,https://github.com/Weol/seatpicker,2022,C#,User,3,1,2022-09-26T20:52:12Z,"Event-Driven Architecture"
locod-io/locod.io,https://github.com/locod-io/locod.io,2022,PHP,Organization,3,1,2022-10-20T12:03:11Z,CQRS
make-software/casper-dao-middleware,https://github.com/make-software/casper-dao-middleware,2022,Go,Organization,3,1,2022-11-02T13:04:42Z,"Layered Architecture"
olokorre/CentralDeLinksAPI,https://github.com/olokorre/CentralDeLinksAPI,2022,TypeScript,User,3,2,2022-12-07T02:19:53Z,"Clean Architecture"
Clement-Muth/deazl,https://github.com/Clement-Muth/deazl,2023,TypeScript,User,3,0,2023-07-10T10:58:58Z,"Onion Architecture"
rutkowski-tomasz/ExpenseSplitter,https://github.com/rutkowski-tomasz/ExpenseSplitter,2023,C#,User,3,0,2023-07-12T13:26:56Z,"Clean Architecture"
mateuszbabski/marketplace,https://github.com/mateuszbabski/marketplace,2023,C#,User,3,0,2023-03-11T22:46:40Z,"Clean Architecture"
cogivn/ddd,https://github.com/cogivn/ddd,2023,Dart,User,3,4,2023-03-15T13:57:55Z,"Clean Architecture"
hsn-soft/base-framework,https://github.com/hsn-soft/base-framework,2023,C#,Organization,3,0,2023-05-02T14:29:46Z,"Layered Architecture"
diorgeneseugenio/fiap-tech-challenge-soat,https://github.com/diorgeneseugenio/fiap-tech-challenge-soat,2023,TypeScript,User,3,3,2023-05-09T02:19:13Z,"Onion Architecture"
jordiaragonzaragoza/JordiAragonZaragoza.SharedKernel,https://github.com/jordiaragonzaragoza/JordiAragonZaragoza.SharedKernel,2023,C#,User,3,0,2023-06-02T17:41:50Z,"Clean Architecture"
mardiros/messagebus,https://github.com/mardiros/messagebus,2023,Python,User,3,0,2023-06-24T06:49:25Z,"Event-Driven Architecture"
brittonhayes/staffing,https://github.com/brittonhayes/staffing,2023,Go,User,3,0,2023-02-10T03:53:30Z,"Clean Architecture"
magomzr/AzureFunctions-Nodejs-DependencyInjection,https://github.com/magomzr/AzureFunctions-Nodejs-DependencyInjection,2022,TypeScript,User,3,2,2022-10-12T00:50:36Z,"Clean Architecture"
Game-as-a-Service/minesweeper,https://github.com/Game-as-a-Service/minesweeper,2022,TypeScript,Organization,3,1,2022-12-31T15:55:50Z,"Clean Architecture"
evgenii-petukhov/LetsTalk.Server,https://github.com/evgenii-petukhov/LetsTalk.Server,2023,C#,User,3,0,2023-02-22T13:58:52Z,"Layered Architecture"
xavierjohn/FunctionalDddAspTemplate,https://github.com/xavierjohn/FunctionalDddAspTemplate,2023,C#,User,3,2,2023-06-05T22:04:15Z,"Onion Architecture"
Borislavv/go-streaming,https://github.com/Borislavv/go-streaming,2023,Go,User,3,0,2023-07-29T06:04:24Z,"Clean Architecture"
IbrahimSabriOrene/GymMembershipWebApi,https://github.com/IbrahimSabriOrene/GymMembershipWebApi,2023,C#,User,3,0,2023-08-21T22:08:31Z,"Clean Architecture"
kerimamansaryyev/library_ms,https://github.com/kerimamansaryyev/library_ms,2023,Java,User,3,0,2023-10-11T05:17:59Z,"Layered Architecture"
yigittanyel/AdCommunity,https://github.com/yigittanyel/AdCommunity,2023,C#,User,3,1,2023-10-30T13:07:53Z,"Onion Architecture"
fabianfalon/flask-ddd-template,https://github.com/fabianfalon/flask-ddd-template,2023,Python,User,3,1,2023-11-20T14:54:42Z,"Hexagonal Architecture"
gm50x/nestjs-cqrs-ddd,https://github.com/gm50x/nestjs-cqrs-ddd,2023,TypeScript,User,3,0,2023-11-22T01:00:14Z,"Clean Architecture"
NTD-Driven-Development/lobby,https://github.com/NTD-Driven-Development/lobby,2024,JavaScript,Organization,3,0,2024-04-27T22:50:17Z,"Clean Architecture"
guilhermeais/ecommerce-api,https://github.com/guilhermeais/ecommerce-api,2024,TypeScript,User,3,2,2024-05-08T00:07:24Z,"Clean Architecture"
go-kod/kod-mono,https://github.com/go-kod/kod-mono,2024,Go,Organization,3,0,2024-01-08T11:48:53Z,"Clean Architecture"
zabila/Wallet,https://github.com/zabila/Wallet,2024,C#,User,3,0,2024-01-28T14:49:00Z,"Clean Architecture"
zhuravlevma/golang-ddd-architecture,https://github.com/zhuravlevma/golang-ddd-architecture,2024,Go,User,3,1,2024-01-31T16:20:09Z,"Clean Architecture"
muhammadzadeh/nester,https://github.com/muhammadzadeh/nester,2024,TypeScript,User,3,0,2024-02-10T06:17:39Z,"Layered Architecture"
LEsperanca/northstar,https://github.com/LEsperanca/northstar,2024,C#,User,3,0,2024-02-20T10:32:15Z,"Clean Architecture"
tuanbui0509/BlogWebApplication,https://github.com/tuanbui0509/BlogWebApplication,2024,C#,User,3,0,2024-02-28T16:58:23Z,"Layered Architecture"
qminhnhata/se121.badcourt,https://github.com/qminhnhata/se121.badcourt,2024,Dart,User,3,0,2024-03-08T08:38:58Z,Microservices
RahimLotfiGH/AUAFramework.Net8_CQRS,https://github.com/RahimLotfiGH/AUAFramework.Net8_CQRS,2024,C#,User,3,4,2024-03-21T19:55:31Z,CQRS
str4n/Rapido,https://github.com/str4n/Rapido,2024,C#,User,3,0,2024-04-01T17:18:55Z,"Clean Architecture"
sunderhus/GithubExplorerVue,https://github.com/sunderhus/GithubExplorerVue,2024,TypeScript,User,3,0,2024-04-16T22:55:26Z,"Clean Architecture"
Red-Team-Software/Red-backend,https://github.com/Red-Team-Software/Red-backend,2024,TypeScript,Organization,3,1,2024-09-21T17:00:48Z,"Clean Architecture"
pickple-ecommerce/backend,https://github.com/pickple-ecommerce/backend,2024,Java,Organization,3,4,2024-09-26T02:20:02Z,Microservices
SirCypkowskyy/MoodCat-App,https://github.com/SirCypkowskyy/MoodCat-App,2024,C#,User,3,0,2024-09-28T10:25:24Z,CQRS
NTD-Driven-Development/PullJoker,https://github.com/NTD-Driven-Development/PullJoker,2024,TypeScript,Organization,3,0,2024-05-31T02:09:21Z,"Clean Architecture"
web2solutions/aaa-typescript-boilerplate,https://github.com/web2solutions/aaa-typescript-boilerplate,2024,TypeScript,User,3,0,2024-05-29T22:37:33Z,"Hexagonal Architecture"
dataquail/react-ddd-todo-app,https://github.com/dataquail/react-ddd-todo-app,2024,TypeScript,Organization,3,1,2024-05-30T02:43:28Z,"Layered Architecture"
lgcmotta/conways-game-of-life,https://github.com/lgcmotta/conways-game-of-life,2024,C#,User,3,0,2024-06-29T01:09:11Z,"Vertical Slice Architecture"
mtpontes/sistema-estetica-abrantes,https://github.com/mtpontes/sistema-estetica-abrantes,2024,Java,User,3,0,2024-07-03T21:10:14Z,"Clean Architecture"
luqques/Estacionamento,https://github.com/luqques/Estacionamento,2024,C#,User,3,0,2024-07-25T00:04:54Z,"Layered Architecture"
aboutcircles/circles-explorer,https://github.com/aboutcircles/circles-explorer,2024,TypeScript,Organization,3,1,2024-09-12T12:51:00Z,"Layered Architecture"
Guidev123/SalesSystem-DDD,https://github.com/Guidev123/SalesSystem-DDD,2025,C#,User,3,0,2025-02-24T03:23:24Z,"Clean Architecture"
Pavan8374/event-aggregator-platform,https://github.com/Pavan8374/event-aggregator-platform,2025,C#,User,3,1,2025-02-10T07:44:26Z,CQRS
maruki00/DeliGo,https://github.com/maruki00/DeliGo,2025,Go,User,3,0,2025-02-23T00:01:27Z,"Hexagonal Architecture"
estartandodevs-course/Nibbler-Backend-TCC-2024,https://github.com/estartandodevs-course/Nibbler-Backend-TCC-2024,2024,C#,Organization,3,3,2024-10-23T01:08:32Z,"Clean Architecture"
DaGangstaCoder/rico-value-objects,https://github.com/DaGangstaCoder/rico-value-objects,2024,C#,Organization,3,0,2024-11-03T18:59:08Z,"Layered Architecture"
AymaneTech/waiting-room-management-in-spring-boot,https://github.com/AymaneTech/waiting-room-management-in-spring-boot,2024,Java,User,3,0,2024-11-11T13:37:08Z,"Layered Architecture"
adarSonmez/CleanArchitectureTemplate,https://github.com/adarSonmez/CleanArchitectureTemplate,2024,C#,User,3,2,2024-11-12T20:27:56Z,"Clean Architecture"
Holeekey/electronics_store_fastapi,https://github.com/Holeekey/electronics_store_fastapi,2024,Python,User,3,1,2024-11-17T06:29:31Z,"Hexagonal Architecture"
jonesrussell/godo,https://github.com/jonesrussell/godo,2024,Go,User,3,0,2024-12-03T06:26:32Z,"Layered Architecture"
Kheang1409/job-tracker-api,https://github.com/Kheang1409/job-tracker-api,2024,C#,User,3,0,2024-12-13T22:08:15Z,Microservices
JoaquinFreire/Software-de-Cotizacion,https://github.com/JoaquinFreire/Software-de-Cotizacion,2025,JavaScript,User,3,0,2025-01-09T02:42:06Z,"Layered Architecture"
Marethy/E-commerce_Microservice_AspNetCore,https://github.com/Marethy/E-commerce_Microservice_AspNetCore,2025,C#,User,3,0,2025-01-13T23:54:27Z,"Clean Architecture"
mxuriciocm/fleet-management-microservices,https://github.com/mxuriciocm/fleet-management-microservices,2025,Java,User,3,1,2025-06-11T06:12:44Z,Microservices
hmrguez/Apiand,https://github.com/hmrguez/Apiand,2025,C#,User,3,0,2025-03-05T01:28:47Z,"Clean Architecture"
erikshafer/CritterCommerce,https://github.com/erikshafer/CritterCommerce,2025,C#,User,3,0,2025-03-27T22:28:23Z,"Event-Driven Architecture"
qwertyboy0325/echlub-front,https://github.com/qwertyboy0325/echlub-front,2025,TypeScript,User,3,0,2025-03-29T02:09:05Z,"Clean Architecture"
nikolayk812/sqlcpp,https://github.com/nikolayk812/sqlcpp,2025,Go,User,3,0,2025-04-01T20:16:14Z,"Layered Architecture"
fiap-nett-2025/fcg-api,https://github.com/fiap-nett-2025/fcg-api,2025,C#,Organization,3,0,2025-04-04T18:03:42Z,"Clean Architecture"
phuquocchamp/ddd-linkedhub-application,https://github.com/phuquocchamp/ddd-linkedhub-application,2025,Java,User,3,2,2025-04-21T22:42:06Z,Microservices
sg-milad/stupid-nestjs,https://github.com/sg-milad/stupid-nestjs,2025,TypeScript,User,3,0,2025-05-01T09:51:19Z,"Clean Architecture"
girlsTechChallenges/fortaleza-de-sabor-fiap,https://github.com/girlsTechChallenges/fortaleza-de-sabor-fiap,2025,Java,Organization,3,1,2025-05-07T01:24:27Z,"Clean Architecture"
NguyenTungSk2004/CleanArchitecture,https://github.com/NguyenTungSk2004/CleanArchitecture,2025,C#,User,3,0,2025-05-28T16:58:23Z,"Clean Architecture"
gragra33/Blazing.Mediator,https://github.com/gragra33/Blazing.Mediator,2025,C#,User,3,1,2025-06-28T13:02:43Z,CQRS
alfredorueda/HexaStock,https://github.com/alfredorueda/HexaStock,2025,Java,User,3,3,2025-07-11T13:58:45Z,"Hexagonal Architecture"
Piro-recruit/piro-recruit-BE,https://github.com/Piro-recruit/piro-recruit-BE,2025,Java,Organization,3,0,2025-07-18T13:04:42Z,"Layered Architecture"
michaelokolo/eEventWeb,https://github.com/michaelokolo/eEventWeb,2025,C#,User,3,0,2025-08-13T00:08:20Z,"Clean Architecture"
marcin-rakowski/evolving-clinic,https://github.com/marcin-rakowski/evolving-clinic,2025,C#,User,3,0,2025-08-28T19:17:39Z,"Onion Architecture"
LaraCraftHub/DDD-Template,https://github.com/LaraCraftHub/DDD-Template,2023,PHP,Organization,3,1,2023-11-22T21:22:46Z,"Layered Architecture"
EckertEduardo/SignSafe-Backend,https://github.com/EckertEduardo/SignSafe-Backend,2025,C#,User,3,0,2025-01-08T00:11:13Z,"Onion Architecture"
joeyda3rd/MarketPipe,https://github.com/joeyda3rd/MarketPipe,2025,Python,User,3,1,2025-06-05T18:01:01Z,"Onion Architecture"
Food-Coop/foodcoops-backend,https://github.com/Food-Coop/foodcoops-backend,2021,Java,Organization,3,3,2021-03-17T15:12:33Z,"Hexagonal Architecture"
Nouuu/AL-TradeMe,https://github.com/Nouuu/AL-TradeMe,2021,Java,User,3,1,2021-12-03T16:07:03Z,"Layered Architecture"
alanrezendeee/boxapp-api,https://github.com/alanrezendeee/boxapp-api,2022,C#,User,3,1,2022-08-04T18:21:15Z,"Layered Architecture"
tomasmanueltm/apypayment,https://github.com/tomasmanueltm/apypayment,2025,PHP,User,3,0,2025-07-12T20:43:11Z,"Layered Architecture"
Daviswww/flutter_ddd_architecture,https://github.com/Daviswww/flutter_ddd_architecture,2021,Dart,User,2,1,2021-08-29T07:05:34Z,"Layered Architecture"
griffan113/maza-system-backend,https://github.com/griffan113/maza-system-backend,2021,TypeScript,User,2,0,2021-08-26T17:58:41Z,"Layered Architecture"
savannahghi/mycarehub,https://github.com/savannahghi/mycarehub,2021,Go,Organization,2,0,2021-09-01T06:21:53Z,"Clean Architecture"
gabrielsimas/SistemasExemplo,https://github.com/gabrielsimas/SistemasExemplo,2015,JavaScript,User,2,0,2015-09-26T19:09:48Z,"Layered Architecture"
LeonardoLimaDaSilva/Abstractor,https://github.com/LeonardoLimaDaSilva/Abstractor,2015,C#,User,2,1,2015-09-29T03:56:39Z,"Hexagonal Architecture"
pigroupe/SfynxSpecificationBundle,https://github.com/pigroupe/SfynxSpecificationBundle,2015,PHP,Organization,2,3,2015-12-31T12:58:01Z,"Layered Architecture"
BenGorFile/File,https://github.com/BenGorFile/File,2016,PHP,Organization,2,1,2016-02-13T10:52:55Z,"Onion Architecture"
nicdex/salesfarce,https://github.com/nicdex/salesfarce,2016,JavaScript,User,2,3,2016-09-22T23:48:43Z,CQRS
uialberto/asm,https://github.com/uialberto/asm,2017,C#,User,2,0,2017-01-05T01:36:02Z,"Layered Architecture"
dvberkel/address_book,https://github.com/dvberkel/address_book,2013,JavaScript,User,2,0,2013-03-05T12:32:41Z,"Event-Driven Architecture"
thecodemonkey/DDDOnlineStore.Net,https://github.com/thecodemonkey/DDDOnlineStore.Net,2013,JavaScript,User,2,2,2013-03-15T09:16:56Z,"Layered Architecture"
netor27/OrdersSystem,https://github.com/netor27/OrdersSystem,2017,C#,User,2,2,2017-04-25T19:23:56Z,"Onion Architecture"
rei-m/web_hyakuninisshu,https://github.com/rei-m/web_hyakuninisshu,2017,TypeScript,User,2,1,2017-07-09T16:30:54Z,"Layered Architecture"
Leko/hunters-textbook,https://github.com/Leko/hunters-textbook,2017,JavaScript,User,2,0,2017-08-22T07:10:47Z,"Layered Architecture"
streakphp/streak-bundle,https://github.com/streakphp/streak-bundle,2017,PHP,Organization,2,0,2017-11-20T08:00:58Z,CQRS
marcelorl/e-commerce,https://github.com/marcelorl/e-commerce,2017,JavaScript,User,2,1,2017-12-29T07:31:46Z,"Layered Architecture"
veyga/event-driven-airline,https://github.com/veyga/event-driven-airline,2017,Java,User,2,0,2017-12-29T20:54:04Z,"Event-Driven Architecture"
cassell/2018-php-benelux-ddd-workshop,https://github.com/cassell/2018-php-benelux-ddd-workshop,2018,PHP,User,2,3,2018-01-14T21:21:39Z,"Event-Driven Architecture"
rentacarPDF/Proyecto,https://github.com/rentacarPDF/Proyecto,2013,Java,Organization,2,0,2013-09-20T20:59:50Z,"Layered Architecture"
velrino/cyberpunk,https://github.com/velrino/cyberpunk,2018,JavaScript,User,2,1,2018-07-19T19:07:40Z,"Layered Architecture"
ArturRibeiro/Gateway-Pagamento,https://github.com/ArturRibeiro/Gateway-Pagamento,2017,C#,User,2,1,2017-11-18T10:42:02Z,"Onion Architecture"
ivans-innovation-lab-monorepos/my-company-backend,https://github.com/ivans-innovation-lab-monorepos/my-company-backend,2018,Java,Organization,2,2,2018-03-16T12:57:47Z,CQRS
1ambda/playground-java,https://github.com/1ambda/playground-java,2018,Java,User,2,1,2018-09-06T05:04:36Z,"Layered Architecture"
CristianFerreira/SocialHeroes,https://github.com/CristianFerreira/SocialHeroes,2018,C#,User,2,0,2018-10-08T22:11:43Z,"Clean Architecture"
nivinjoseph/n-domain,https://github.com/nivinjoseph/n-domain,2018,TypeScript,User,2,2,2018-10-26T13:56:37Z,"Clean Architecture"
IceShirok/dnd-infinity,https://github.com/IceShirok/dnd-infinity,2018,Python,User,2,0,2018-11-09T21:56:36Z,"Layered Architecture"
rungwiroon/GpsTracking.API,https://github.com/rungwiroon/GpsTracking.API,2018,C#,User,2,1,2018-11-29T15:46:16Z,CQRS
lachezar-dimitrov/subscription-service,https://github.com/lachezar-dimitrov/subscription-service,2018,TypeScript,User,2,0,2018-12-09T07:41:26Z,"Onion Architecture"
Benix22/pitstop,https://github.com/Benix22/pitstop,2019,C#,User,2,1,2019-01-08T09:37:23Z,CQRS
KiwiArch/OpenDomainEngine,https://github.com/KiwiArch/OpenDomainEngine,2019,C#,User,2,1,2019-01-10T00:00:24Z,CQRS
javierpardollama/SANDWITCH,https://github.com/javierpardollama/SANDWITCH,2019,C#,User,2,0,2019-03-06T13:57:24Z,"Layered Architecture"
publicissapient-france/workshop-ddd,https://github.com/publicissapient-france/workshop-ddd,2014,Java,Organization,2,2,2014-03-19T08:30:34Z,"Layered Architecture"
dibley1973/Dibware.Template.Presentation.Web,https://github.com/dibley1973/Dibware.Template.Presentation.Web,2014,C#,User,2,1,2014-03-23T05:21:48Z,"Layered Architecture"
kemalakoglu/Core.Infrastructure,https://github.com/kemalakoglu/Core.Infrastructure,2019,C#,User,2,3,2019-05-09T10:19:52Z,"Layered Architecture"
mnsami/content-api,https://github.com/mnsami/content-api,2019,PHP,User,2,1,2019-06-19T18:22:39Z,"Layered Architecture"
World-Architects/event-sourcing,https://github.com/World-Architects/event-sourcing,2019,PHP,Organization,2,1,2019-07-01T13:51:34Z,"Event-Driven Architecture"
ericksonreyes/cqrs-order-fulfillment-api,https://github.com/ericksonreyes/cqrs-order-fulfillment-api,2019,PHP,User,2,1,2019-07-16T15:09:42Z,"Hexagonal Architecture"
mchekin/IDDD_Samples_PHP,https://github.com/mchekin/IDDD_Samples_PHP,2019,PHP,User,2,0,2019-09-12T05:58:24Z,"Layered Architecture"
BenVanZyl/SnowStorm,https://github.com/BenVanZyl/SnowStorm,2019,C#,User,2,0,2019-10-15T05:31:28Z,CQRS
thiagocruzrj/DShop-POC,https://github.com/thiagocruzrj/DShop-POC,2019,C#,User,2,1,2019-12-04T01:09:20Z,Microservices
otigges/ddd-ticket-system-example,https://github.com/otigges/ddd-ticket-system-example,2019,Java,User,2,2,2019-12-04T06:37:10Z,"Layered Architecture"
Morebec/Orkestra,https://github.com/Morebec/Orkestra,2019,PHP,Organization,2,0,2019-12-08T21:49:10Z,CQRS
moppletop/Domain-Driven-Design-Prototype,https://github.com/moppletop/Domain-Driven-Design-Prototype,2020,Java,User,2,1,2020-01-19T22:45:04Z,"Event-Driven Architecture"
apollonfq/designing-cloud-native-microservices-on-aws,https://github.com/apollonfq/designing-cloud-native-microservices-on-aws,2020,Java,User,2,0,2020-02-13T16:28:19Z,"Onion Architecture"
Yousif-FJ/ChatyChaty,https://github.com/Yousif-FJ/ChatyChaty,2020,C#,User,2,0,2020-02-27T10:58:09Z,"Onion Architecture"
armory/spring-boot-realworld-example-app,https://github.com/armory/spring-boot-realworld-example-app,2020,Java,Organization,2,1,2020-03-03T12:42:24Z,"Layered Architecture"
jexxa-projects/Addend,https://github.com/jexxa-projects/Addend,2020,Java,Organization,2,0,2020-03-01T07:50:25Z,"Hexagonal Architecture"
IamGianluca/cosmic,https://github.com/IamGianluca/cosmic,2020,Python,User,2,0,2020-03-02T02:00:49Z,"Layered Architecture"
CarlosEduard0/NerdStore,https://github.com/CarlosEduard0/NerdStore,2020,C#,User,2,3,2020-03-07T14:03:42Z,"Onion Architecture"
DForshner/MESPrototype,https://github.com/DForshner/MESPrototype,2014,C#,User,2,0,2014-10-19T18:44:46Z,CQRS
smzerehpoush/domain_driven_design_learning,https://github.com/smzerehpoush/domain_driven_design_learning,2020,Java,User,2,0,2020-04-19T21:13:22Z,"Layered Architecture"
buba71/breengrow-backend,https://github.com/buba71/breengrow-backend,2020,PHP,User,2,1,2020-05-03T15:06:59Z,"Onion Architecture"
koushamad/enuygun,https://github.com/koushamad/enuygun,2020,PHP,User,2,0,2020-05-10T22:21:38Z,"Hexagonal Architecture"
markglibres/job-app-hipages,https://github.com/markglibres/job-app-hipages,2020,C#,User,2,2,2020-05-14T14:49:18Z,"Clean Architecture"
GDGVIT/iris-web-backend,https://github.com/GDGVIT/iris-web-backend,2020,Python,Organization,2,2,2020-05-25T12:37:14Z,"Layered Architecture"
yavaka/CarRentalSystem,https://github.com/yavaka/CarRentalSystem,2020,C#,User,2,3,2020-06-03T13:16:15Z,"Clean Architecture"
Strategic-Software-Delivery/xp2020-ddd-outside-in-tdd,https://github.com/Strategic-Software-Delivery/xp2020-ddd-outside-in-tdd,2020,C#,Organization,2,0,2020-06-04T11:12:27Z,"Hexagonal Architecture"
yvoyer/domain-event,https://github.com/yvoyer/domain-event,2014,PHP,User,2,1,2014-11-24T03:43:52Z,"Event-Driven Architecture"
sandromendes/dddhexagonal,https://github.com/sandromendes/dddhexagonal,2020,Java,User,2,1,2020-06-11T12:28:01Z,"Hexagonal Architecture"
mauroviniciussilva/sample-net-core-ddd,https://github.com/mauroviniciussilva/sample-net-core-ddd,2020,C#,User,2,1,2020-06-17T11:17:29Z,"Layered Architecture"
Jeckel-Lab/contract,https://github.com/Jeckel-Lab/contract,2020,PHP,Organization,2,0,2020-06-15T06:56:18Z,"Layered Architecture"
flaviogf/zp_product_management,https://github.com/flaviogf/zp_product_management,2020,C#,User,2,0,2020-06-27T15:28:14Z,"Clean Architecture"
kokiebisu/4irbnb,https://github.com/kokiebisu/4irbnb,2020,TypeScript,User,2,1,2020-06-26T08:19:42Z,"Layered Architecture"
rmorehig/scumm-bar-twitter,https://github.com/rmorehig/scumm-bar-twitter,2020,JavaScript,User,2,1,2020-07-05T10:39:27Z,"Clean Architecture"
francfbs/SpecificationExpress,https://github.com/francfbs/SpecificationExpress,2020,C#,User,2,0,2020-07-09T13:25:25Z,"Layered Architecture"
Beltzac/Arquiteto,https://github.com/Beltzac/Arquiteto,2020,C#,User,2,0,2020-07-16T22:29:29Z,"Layered Architecture"
felipefzdz/hefesto,https://github.com/felipefzdz/hefesto,2014,Java,User,2,1,2014-12-17T15:42:18Z,Microservices
naxhh/PlayCool,https://github.com/naxhh/PlayCool,2014,PHP,User,2,1,2014-12-19T18:59:48Z,"Onion Architecture"
colinccook/AspNetCoreEventSourcing,https://github.com/colinccook/AspNetCoreEventSourcing,2019,C#,User,2,1,2019-01-27T18:19:22Z,"Event-Driven Architecture"
mr-luke/framekit,https://github.com/mr-luke/framekit,2019,PHP,User,2,1,2019-03-13T16:50:46Z,"Event-Driven Architecture"
NunoLopesPT/DomainContacts,https://github.com/NunoLopesPT/DomainContacts,2019,PHP,User,2,0,2019-08-18T15:30:33Z,"Layered Architecture"
benjaminabbitt/evented,https://github.com/benjaminabbitt/evented,2020,Go,User,2,0,2020-01-20T00:07:28Z,CQRS
douglasramos/plannoy,https://github.com/douglasramos/plannoy,2020,C#,User,2,0,2020-02-16T17:10:01Z,"Hexagonal Architecture"
matheus-neves/gobarber-api,https://github.com/matheus-neves/gobarber-api,2020,TypeScript,User,2,0,2020-04-13T19:36:41Z,"Layered Architecture"
crvouga/pickflix-v1,https://github.com/crvouga/pickflix-v1,2020,TypeScript,User,2,2,2020-07-04T22:44:28Z,"Clean Architecture"
KaneCohen/laravel-enterprise,https://github.com/KaneCohen/laravel-enterprise,2020,PHP,User,2,1,2020-07-24T12:15:56Z,"Layered Architecture"
TypedUseCase/tuc-console,https://github.com/TypedUseCase/tuc-console,2020,F#,Organization,2,1,2020-07-24T13:28:45Z,Microservices
renatocosta/Domain-driven-Design,https://github.com/renatocosta/Domain-driven-Design,2020,PHP,User,2,0,2020-08-02T14:11:59Z,"Onion Architecture"
StefanSchade/ports-and-adapters,https://github.com/StefanSchade/ports-and-adapters,2020,Java,User,2,1,2020-08-13T12:19:18Z,"Hexagonal Architecture"
panosru/Aviant,https://github.com/panosru/Aviant,2020,C#,User,2,1,2020-08-19T09:39:28Z,"Clean Architecture"
ericsoria/time-tracker,https://github.com/ericsoria/time-tracker,2020,PHP,User,2,1,2020-08-19T13:06:13Z,"Hexagonal Architecture"
ezequielcristeche/challenge-cristeche-ezequiel,https://github.com/ezequielcristeche/challenge-cristeche-ezequiel,2020,Java,User,2,1,2020-09-06T15:49:47Z,"Hexagonal Architecture"
facilitysolutionsgroup/cosmic-toolkit,https://github.com/facilitysolutionsgroup/cosmic-toolkit,2020,Python,Organization,2,1,2020-10-30T19:44:36Z,"Layered Architecture"
d3ta-go/ddd-mod-account,https://github.com/d3ta-go/ddd-mod-account,2020,Go,Organization,2,1,2020-11-07T11:08:52Z,"Layered Architecture"
Natanaelvich/chatpi-backend,https://github.com/Natanaelvich/chatpi-backend,2020,TypeScript,User,2,0,2020-11-22T12:07:04Z,"Layered Architecture"
Aciole/ddd-hexagonal-port-adapter,https://github.com/Aciole/ddd-hexagonal-port-adapter,2020,TypeScript,User,2,0,2020-11-26T23:10:04Z,"Hexagonal Architecture"
TwoMaKing/Eagle,https://github.com/TwoMaKing/Eagle,2015,C#,User,2,5,2015-03-09T04:59:32Z,CQRS
pgrau/quotes,https://github.com/pgrau/quotes,2021,PHP,User,2,0,2021-01-04T09:37:05Z,"Hexagonal Architecture"
pabloleonalcaide/quiz4devs-backend,https://github.com/pabloleonalcaide/quiz4devs-backend,2021,TypeScript,User,2,0,2021-01-01T19:37:01Z,"Hexagonal Architecture"
lachatak/ddd-consoleroulette,https://github.com/lachatak/ddd-consoleroulette,2015,Java,User,2,0,2015-04-05T11:59:51Z,"Hexagonal Architecture"
mascam97/laravel-inertia-notes,https://github.com/mascam97/laravel-inertia-notes,2021,PHP,User,2,0,2021-02-03T16:27:07Z,"Layered Architecture"
hiroki-it/notify-slack-of-amplify-events,https://github.com/hiroki-it/notify-slack-of-amplify-events,2021,Go,User,2,0,2021-03-05T07:43:28Z,"Clean Architecture"
Mathew-Estafanous/Open-Stage,https://github.com/Mathew-Estafanous/Open-Stage,2021,Go,User,2,0,2021-03-30T22:31:50Z,"Layered Architecture"
lokic/dracula,https://github.com/lokic/dracula,2021,Java,User,2,3,2021-04-03T16:09:34Z,"Event-Driven Architecture"
Morebec/OrkestraMono,https://github.com/Morebec/OrkestraMono,2021,PHP,Organization,2,0,2021-04-16T21:11:13Z,CQRS
Batisska/library,https://github.com/Batisska/library,2021,PHP,User,2,0,2021-04-15T15:33:03Z,"Layered Architecture"
eventual-dev/eventual,https://github.com/eventual-dev/eventual,2021,Python,Organization,2,0,2021-05-01T14:26:23Z,"Event-Driven Architecture"
svetstoykov/Reactivities,https://github.com/svetstoykov/Reactivities,2021,C#,User,2,0,2021-05-26T18:31:35Z,"Onion Architecture"
CarlosPavajeau/Armory.Api,https://github.com/CarlosPavajeau/Armory.Api,2021,C#,User,2,0,2021-06-04T21:32:49Z,"Hexagonal Architecture"
OrangeSoft-Team/officium-nestjs,https://github.com/OrangeSoft-Team/officium-nestjs,2021,TypeScript,Organization,2,0,2021-06-22T04:41:18Z,"Hexagonal Architecture"
zercle/gofiber-skeleton,https://github.com/zercle/gofiber-skeleton,2021,Go,Organization,2,1,2021-08-06T15:26:54Z,"Clean Architecture"
Dmitry-Ship/go-chat,https://github.com/Dmitry-Ship/go-chat,2021,Go,User,2,0,2021-08-10T20:52:23Z,"Hexagonal Architecture"
d-fal/simcart,https://github.com/d-fal/simcart,2021,Go,User,2,0,2021-08-13T07:45:14Z,"Layered Architecture"
maciejgz/blog,https://github.com/maciejgz/blog,2021,Java,User,2,0,2021-08-12T07:19:06Z,"Hexagonal Architecture"
dtakkiy/try_ddd,https://github.com/dtakkiy/try_ddd,2022,TypeScript,User,2,0,2022-03-11T06:33:25Z,"Onion Architecture"
tsmoreland/issue-tracker-net,https://github.com/tsmoreland/issue-tracker-net,2022,C#,User,2,0,2022-02-18T23:08:45Z,"Onion Architecture"
t10d/kingdom-node-sdk-core,https://github.com/t10d/kingdom-node-sdk-core,2022,TypeScript,Organization,2,0,2022-02-24T11:45:40Z,"Onion Architecture"
JaeWangL/blabla-api-posts,https://github.com/JaeWangL/blabla-api-posts,2022,Java,User,2,0,2022-02-28T10:40:23Z,CQRS
peimanpahleh/SampleEshop,https://github.com/peimanpahleh/SampleEshop,2022,C#,User,2,0,2022-02-26T07:42:45Z,"Clean Architecture"
tmorin/faggregate,https://github.com/tmorin/faggregate,2022,Java,User,2,0,2022-03-02T13:47:47Z,"Event-Driven Architecture"
eneas-almeida/series-tv-backend,https://github.com/eneas-almeida/series-tv-backend,2021,Java,User,2,0,2021-10-08T15:38:19Z,"Feature Package"
footedr/easyddd,https://github.com/footedr/easyddd,2021,C#,User,2,0,2021-10-15T13:05:39Z,"Onion Architecture"
harpyd/thestis,https://github.com/harpyd/thestis,2021,Go,Organization,2,1,2021-10-31T08:42:59Z,"Clean Architecture"
gonzalogcontacto/ddd-crud-express-typescript,https://github.com/gonzalogcontacto/ddd-crud-express-typescript,2022,TypeScript,User,2,0,2022-03-11T22:17:59Z,"Hexagonal Architecture"
Arkiant/hexagonal-golang-api,https://github.com/Arkiant/hexagonal-golang-api,2021,Go,User,2,0,2021-11-22T22:33:21Z,"Hexagonal Architecture"
Tr00d/CleanEventSourcing,https://github.com/Tr00d/CleanEventSourcing,2021,C#,User,2,0,2021-11-30T09:07:35Z,"Event-Driven Architecture"
krzykrucz/fast-and-furious-cinema,https://github.com/krzykrucz/fast-and-furious-cinema,2021,Kotlin,User,2,0,2021-12-04T23:43:18Z,"Event-Driven Architecture"
TeamNeo2021/gigandjob-backend,https://github.com/TeamNeo2021/gigandjob-backend,2021,TypeScript,Organization,2,0,2021-12-06T12:40:47Z,"Hexagonal Architecture"
hoebbelsB/architect-poc,https://github.com/hoebbelsB/architect-poc,2021,JavaScript,User,2,3,2021-12-16T14:21:53Z,"Hexagonal Architecture"
MartsTech/D-Wallet,https://github.com/MartsTech/D-Wallet,2022,C#,User,2,1,2022-01-30T10:31:59Z,"Onion Architecture"
ZubriQ/CodeLearn,https://github.com/ZubriQ/CodeLearn,2022,C#,User,2,2,2022-02-08T14:00:11Z,"Clean Architecture"
bcbrito/spring-cloud-microservices,https://github.com/bcbrito/spring-cloud-microservices,2022,Java,User,2,0,2022-09-11T23:22:24Z,Microservices
Pettor/template-web-api-dotnet,https://github.com/Pettor/template-web-api-dotnet,2022,C#,User,2,0,2022-08-28T17:28:33Z,"Clean Architecture"
Rades98/AlzaCaseStudy,https://github.com/Rades98/AlzaCaseStudy,2022,C#,User,2,0,2022-04-12T12:49:52Z,"Clean Architecture"
gabrieladrianofx/theraPrescription,https://github.com/gabrieladrianofx/theraPrescription,2022,TypeScript,User,2,0,2022-04-13T03:29:11Z,"Clean Architecture"
albuquerque53/bookstore-api,https://github.com/albuquerque53/bookstore-api,2022,Go,User,2,0,2022-04-23T16:49:06Z,"Layered Architecture"
mpgxc/order-domain,https://github.com/mpgxc/order-domain,2022,TypeScript,User,2,0,2022-04-26T03:13:16Z,"Clean Architecture"
moby-it/boochat-server,https://github.com/moby-it/boochat-server,2022,TypeScript,Organization,2,0,2022-04-29T12:54:16Z,CQRS
fghbittencourt/node-clean-arch,https://github.com/fghbittencourt/node-clean-arch,2022,TypeScript,User,2,0,2022-05-05T20:24:41Z,"Clean Architecture"
ruzanowski/Ubiquitous,https://github.com/ruzanowski/Ubiquitous,2020,C#,User,2,0,2020-04-13T07:55:27Z,Microservices
bakery-blueprint/different-dimension-derby,https://github.com/bakery-blueprint/different-dimension-derby,2021,Java,Organization,2,4,2021-12-06T14:41:16Z,"Layered Architecture"
Aroldo-Jales/Clean-.NET-API,https://github.com/Aroldo-Jales/Clean-.NET-API,2022,C#,User,2,0,2022-09-01T21:20:58Z,"Clean Architecture"
geekbim/Go-Rest-DDD-V2,https://github.com/geekbim/Go-Rest-DDD-V2,2022,Go,User,2,1,2022-05-29T08:05:48Z,"Layered Architecture"
mohrmz/Farjad,https://github.com/mohrmz/Farjad,2022,C#,User,2,0,2022-06-06T22:30:41Z,CQRS
dogaanismail/food-ordering-system,https://github.com/dogaanismail/food-ordering-system,2022,Java,User,2,1,2022-06-07T21:32:21Z,"Hexagonal Architecture"
linearizability/digital-second-brain,https://github.com/linearizability/digital-second-brain,2022,Java,User,2,1,2022-06-09T14:47:38Z,"Hexagonal Architecture"
kasbuunk/microservice,https://github.com/kasbuunk/microservice,2022,Go,User,2,0,2022-06-15T18:05:43Z,"Hexagonal Architecture"
knands42/Python-DDD-Clean-Architecture,https://github.com/knands42/Python-DDD-Clean-Architecture,2022,Python,User,2,0,2022-06-23T17:38:50Z,"Clean Architecture"
viniciusamelio/surpraise_core,https://github.com/viniciusamelio/surpraise_core,2022,Dart,User,2,0,2022-08-05T18:07:29Z,"Clean Architecture"
haris-begluk/ecommerce-poseidon,https://github.com/haris-begluk/ecommerce-poseidon,2023,C#,User,2,0,2023-01-20T18:51:58Z,"Clean Architecture"
step-beyond/spring-boot-examples,https://github.com/step-beyond/spring-boot-examples,2023,Java,Organization,2,0,2023-01-26T13:25:16Z,"Layered Architecture"
RodrigoTopan/appointify-api,https://github.com/RodrigoTopan/appointify-api,2023,Java,User,2,0,2023-01-27T21:30:01Z,"Hexagonal Architecture"
traeper/ddd-practice,https://github.com/traeper/ddd-practice,2023,Kotlin,User,2,0,2023-02-01T14:27:10Z,"Layered Architecture"
ea-ae/humeum,https://github.com/ea-ae/humeum,2023,C#,User,2,0,2023-02-01T20:51:40Z,"Clean Architecture"
Anderweys/CargoTransportation,https://github.com/Anderweys/CargoTransportation,2023,C#,User,2,0,2023-02-02T18:48:00Z,"Clean Architecture"
strd1337/GarmentShop,https://github.com/strd1337/GarmentShop,2023,C#,User,2,0,2023-02-03T20:16:08Z,"Clean Architecture"
isaacdecoded/arpeggio-ts,https://github.com/isaacdecoded/arpeggio-ts,2022,TypeScript,User,2,0,2022-09-16T07:08:27Z,"Clean Architecture"
Nexus-Flow/nexus-flow,https://github.com/Nexus-Flow/nexus-flow,2022,Java,Organization,2,0,2022-09-22T18:38:30Z,CQRS
crazycrank/Cranks.SeedWork,https://github.com/crazycrank/Cranks.SeedWork,2022,C#,User,2,0,2022-09-24T07:13:26Z,"Layered Architecture"
rojiwon0325/nestddd,https://github.com/rojiwon0325/nestddd,2022,TypeScript,User,2,0,2022-10-25T14:18:15Z,"Layered Architecture"
shellyneira/dish-dash,https://github.com/shellyneira/dish-dash,2022,Java,User,2,0,2022-10-30T02:26:30Z,"Event-Driven Architecture"
gabe-frasz/fr.habits,https://github.com/gabe-frasz/fr.habits,2023,TypeScript,User,2,0,2023-02-18T20:55:42Z,"Onion Architecture"
aligholipour/Ecommerce-DDD,https://github.com/aligholipour/Ecommerce-DDD,2022,C#,User,2,0,2022-12-04T14:19:55Z,"Clean Architecture"
Calabonga/Calabonga.EntityProcessor,https://github.com/Calabonga/Calabonga.EntityProcessor,2022,C#,User,2,1,2022-12-11T01:42:54Z,"Layered Architecture"
EngBett/NET_Core_DDD_Template,https://github.com/EngBett/NET_Core_DDD_Template,2022,C#,User,2,1,2022-12-14T11:03:08Z,"Layered Architecture"
nasrmohammad4804/microservice-pattern,https://github.com/nasrmohammad4804/microservice-pattern,2022,Java,User,2,0,2022-12-25T16:55:59Z,CQRS
brenordv/base-test-api,https://github.com/brenordv/base-test-api,2022,C#,User,2,0,2022-12-27T03:52:12Z,"Layered Architecture"
angelicaflausino/dotnet-core-6-template,https://github.com/angelicaflausino/dotnet-core-6-template,2023,C#,User,2,0,2023-01-10T11:06:38Z,"Layered Architecture"
KMA-Score/kma_score_serverless,https://github.com/KMA-Score/kma_score_serverless,2023,TypeScript,Organization,2,2,2023-07-22T10:15:50Z,"Clean Architecture"
ContextMapper/ddd-cm-tla-sample-application,https://github.com/ContextMapper/ddd-cm-tla-sample-application,2023,Java,Organization,2,1,2023-06-28T14:11:56Z,"Onion Architecture"
VacuumORG/backend_forum,https://github.com/VacuumORG/backend_forum,2023,TypeScript,Organization,2,1,2023-06-30T18:46:51Z,"Layered Architecture"
jaen003/csharp-ddd-api-skeleton,https://github.com/jaen003/csharp-ddd-api-skeleton,2023,C#,User,2,1,2023-02-26T09:47:58Z,"Clean Architecture"
Jadhielv/ACGSS,https://github.com/Jadhielv/ACGSS,2023,C#,User,2,0,2023-02-28T21:14:37Z,"Clean Architecture"
Reef3rm4n/es4j,https://github.com/Reef3rm4n/es4j,2023,Java,User,2,0,2023-03-01T14:01:56Z,"Event-Driven Architecture"
pochopsp/cooking-ideas,https://github.com/pochopsp/cooking-ideas,2023,Java,User,2,0,2023-04-01T14:51:25Z,"Layered Architecture"
JadsonLucena/saas-api-core,https://github.com/JadsonLucena/saas-api-core,2023,TypeScript,User,2,0,2023-04-13T23:23:16Z,"Clean Architecture"
lgzarturo/personal,https://github.com/lgzarturo/personal,2023,Java,User,2,0,2023-04-16T22:10:48Z,"Hexagonal Architecture"
wayofdev/spiral-starter-tpl,https://github.com/wayofdev/spiral-starter-tpl,2023,PHP,Organization,2,1,2023-04-21T11:27:33Z,"Onion Architecture"
alexfariakof/app-despesas-pessoais,https://github.com/alexfariakof/app-despesas-pessoais,2023,C#,User,2,1,2023-04-26T01:36:14Z,CQRS
symeo-io/symeo-python-template,https://github.com/symeo-io/symeo-python-template,2023,Python,Organization,2,2,2023-05-17T14:39:06Z,"Hexagonal Architecture"
Tonybsilva-dev/domain-driven-design,https://github.com/Tonybsilva-dev/domain-driven-design,2023,TypeScript,User,2,0,2023-05-19T11:18:33Z,"Clean Architecture"
KEEMSY/shoes-ordering-system,https://github.com/KEEMSY/shoes-ordering-system,2023,Java,User,2,0,2023-05-21T10:29:55Z,"Hexagonal Architecture"
belloniz/group-7,https://github.com/belloniz/group-7,2023,C#,User,2,1,2023-05-25T22:27:34Z,"Onion Architecture"
eduardoconti/boleto,https://github.com/eduardoconti/boleto,2023,TypeScript,User,2,1,2023-05-26T21:09:20Z,"Clean Architecture"
emileastih1/Intelligent_Content_Management,https://github.com/emileastih1/Intelligent_Content_Management,2023,Java,User,2,1,2023-12-01T15:58:58Z,"Hexagonal Architecture"
Clean-Software-Architecture/CleanSoftware.Domain,https://github.com/Clean-Software-Architecture/CleanSoftware.Domain,2023,C#,Organization,2,0,2023-12-02T02:28:58Z,"Layered Architecture"
FuuKowatty/TaskManager-Backend,https://github.com/FuuKowatty/TaskManager-Backend,2023,Java,User,2,0,2023-12-12T20:48:55Z,"Hexagonal Architecture"
luiz-lgrp/SalesManagement,https://github.com/luiz-lgrp/SalesManagement,2023,C#,User,2,0,2023-04-15T16:06:09Z,"Clean Architecture"
eneas-almeida/customer-clean-architecture,https://github.com/eneas-almeida/customer-clean-architecture,2023,TypeScript,User,2,0,2023-08-09T23:19:49Z,"Clean Architecture"
isaacdecoded/arpeggio-py,https://github.com/isaacdecoded/arpeggio-py,2023,Python,User,2,0,2023-08-29T14:48:45Z,"Clean Architecture"
sooneeatwork/SoonStack.Backend,https://github.com/sooneeatwork/SoonStack.Backend,2023,C#,User,2,0,2023-09-03T13:06:36Z,"Clean Architecture"
jhonatan98rios/blog-users-serverless-ts,https://github.com/jhonatan98rios/blog-users-serverless-ts,2023,TypeScript,User,2,0,2023-09-18T02:37:32Z,"Clean Architecture"
fiap-2nett/tc-fase1,https://github.com/fiap-2nett/tc-fase1,2023,C#,Organization,2,0,2023-09-22T00:31:38Z,"Onion Architecture"
osmanaliyardim/SellingBuddy,https://github.com/osmanaliyardim/SellingBuddy,2024,C#,User,2,1,2024-01-02T09:48:01Z,Microservices
jonasaraldi/fiap-fastfood,https://github.com/jonasaraldi/fiap-fastfood,2023,C#,User,2,2,2023-09-30T15:29:38Z,"Hexagonal Architecture"
fredjkhar/hospital-managment-system,https://github.com/fredjkhar/hospital-managment-system,2023,Java,User,2,1,2023-10-05T17:19:21Z,"Onion Architecture"
adrianmjim/nestjs-api-grpc-example,https://github.com/adrianmjim/nestjs-api-grpc-example,2023,TypeScript,User,2,0,2023-10-09T18:42:43Z,CQRS
cafadev/turbobus,https://github.com/cafadev/turbobus,2023,Python,User,2,0,2023-10-11T03:09:55Z,CQRS
virb30/lml-commerce,https://github.com/virb30/lml-commerce,2023,TypeScript,User,2,0,2023-10-11T23:32:15Z,"Clean Architecture"
deal-machine/orderly-api,https://github.com/deal-machine/orderly-api,2023,TypeScript,User,2,0,2023-10-19T02:40:36Z,"Clean Architecture"
Shimakaze-Kan/Onibi_Pro,https://github.com/Shimakaze-Kan/Onibi_Pro,2023,C#,User,2,0,2023-10-21T19:54:22Z,"Clean Architecture"
Juudini/ecommerce-web-api,https://github.com/Juudini/ecommerce-web-api,2023,TypeScript,User,2,0,2023-10-28T23:10:04Z,"Clean Architecture"
samu9/hermadata,https://github.com/samu9/hermadata,2023,TypeScript,User,2,0,2023-10-29T10:58:52Z,"Layered Architecture"
durajetz/fastapi,https://github.com/durajetz/fastapi,2023,Python,User,2,0,2023-11-05T16:39:29Z,"Clean Architecture"
AndrushkevichMikita/ASP.Net-Api-Template,https://github.com/AndrushkevichMikita/ASP.Net-Api-Template,2023,C#,User,2,0,2023-11-08T09:48:40Z,"Onion Architecture"
javiertelioz/clean-architecture-nodejs,https://github.com/javiertelioz/clean-architecture-nodejs,2023,TypeScript,User,2,0,2023-11-21T04:54:55Z,"Clean Architecture"
MohammadYSF/OctaApi,https://github.com/MohammadYSF/OctaApi,2023,C#,User,2,0,2023-11-25T16:05:29Z,"Clean Architecture"
diegosilveirabr/fiap,https://github.com/diegosilveirabr/fiap,2023,Java,User,2,1,2023-11-26T23:00:07Z,"Clean Architecture"
mesacarlos/frases-miticas,https://github.com/mesacarlos/frases-miticas,2024,C#,User,2,0,2024-05-01T17:59:49Z,"Onion Architecture"
luanmds/projects-to-study,https://github.com/luanmds/projects-to-study,2024,C#,User,2,0,2024-05-01T02:43:42Z,"Onion Architecture"
viniciussantos45/fast-food-tech-challenge,https://github.com/viniciussantos45/fast-food-tech-challenge,2024,TypeScript,User,2,3,2024-05-08T17:39:03Z,"Hexagonal Architecture"
jennyffermorais/fast-food-app,https://github.com/jennyffermorais/fast-food-app,2024,TypeScript,User,2,1,2024-05-12T20:41:22Z,"Hexagonal Architecture"
Abhiram13/budget-tracker-dotnet,https://github.com/Abhiram13/budget-tracker-dotnet,2024,C#,User,2,0,2024-05-17T04:47:17Z,"Layered Architecture"
gimlichael/wish-journey,https://github.com/gimlichael/wish-journey,2024,C#,User,2,1,2024-01-03T18:42:48Z,CQRS
Artur-Poffo/Code-Spark-API,https://github.com/Artur-Poffo/Code-Spark-API,2024,TypeScript,User,2,0,2024-01-18T14:11:46Z,"Clean Architecture"
Grupo-38-Orange-Juice/orange-portfolio-back,https://github.com/Grupo-38-Orange-Juice/orange-portfolio-back,2024,Go,Organization,2,0,2024-01-23T04:02:31Z,"Layered Architecture"
felipe-mlopes/fast-feet-api,https://github.com/felipe-mlopes/fast-feet-api,2024,TypeScript,User,2,0,2024-01-26T16:41:01Z,"Clean Architecture"
ddanielcruz/serverless-clean-architecture,https://github.com/ddanielcruz/serverless-clean-architecture,2024,TypeScript,User,2,0,2024-01-27T20:43:15Z,"Clean Architecture"
iblazhko/eventsourced-processmanager,https://github.com/iblazhko/eventsourced-processmanager,2024,C#,User,2,0,2024-02-04T15:09:48Z,"Event-Driven Architecture"
RomualdoJunior/Heig.VehicleControl,https://github.com/RomualdoJunior/Heig.VehicleControl,2024,C#,User,2,0,2024-02-13T16:24:53Z,"Onion Architecture"
RunyShark/blog-clean-code-full-stack,https://github.com/RunyShark/blog-clean-code-full-stack,2024,TypeScript,User,2,0,2024-02-20T18:30:05Z,"Clean Architecture"
terenzio/URL-Shortening-Service,https://github.com/terenzio/URL-Shortening-Service,2024,Go,User,2,0,2024-03-13T16:31:34Z,"Layered Architecture"
IntroMe-IM/IM_Backend,https://github.com/IntroMe-IM/IM_Backend,2024,Java,Organization,2,2,2024-03-31T09:35:08Z,"Layered Architecture"
karim-daw/carbon-service,https://github.com/karim-daw/carbon-service,2024,Go,User,2,0,2024-03-30T14:00:04Z,"Layered Architecture"
TorHugo/route-metrics,https://github.com/TorHugo/route-metrics,2024,Java,User,2,0,2024-04-01T16:27:14Z,"Onion Architecture"
skrasekmichael/ModularMonolith,https://github.com/skrasekmichael/ModularMonolith,2024,C#,User,2,1,2024-04-05T11:33:20Z,"Modular Monolith"
grupo38-7soat/tech-challenge,https://github.com/grupo38-7soat/tech-challenge,2024,TypeScript,Organization,2,0,2024-04-05T17:33:16Z,"Hexagonal Architecture"
ShinjiMC/Enrollment-Management-System-UNSA,https://github.com/ShinjiMC/Enrollment-Management-System-UNSA,2024,C#,User,2,0,2024-04-18T21:32:27Z,Microservices
Grupo-68-FIAP/Fiap.McTech,https://github.com/Grupo-68-FIAP/Fiap.McTech,2024,C#,Organization,2,0,2024-04-23T02:28:19Z,"Hexagonal Architecture"
greatstrength/tiferet,https://github.com/greatstrength/tiferet,2024,Python,Organization,2,0,2024-04-23T22:53:38Z,"Layered Architecture"
cedrickcuencaalegsao/D-P-and-J,https://github.com/cedrickcuencaalegsao/D-P-and-J,2024,PHP,User,2,0,2024-10-11T05:46:25Z,"Layered Architecture"
jvaguiar05/OwnLightSystem,https://github.com/jvaguiar05/OwnLightSystem,2024,C#,User,2,2,2024-10-04T14:13:01Z,CQRS
hammond01/CleanArchitecture,https://github.com/hammond01/CleanArchitecture,2024,C#,User,2,0,2024-10-09T02:08:31Z,"Clean Architecture"
dataquail/react-todo-app-ddd-service,https://github.com/dataquail/react-todo-app-ddd-service,2024,TypeScript,Organization,2,0,2024-06-05T05:47:10Z,"Onion Architecture"
cloud-burger/self-service,https://github.com/cloud-burger/self-service,2024,TypeScript,Organization,2,0,2024-06-16T22:20:09Z,"Onion Architecture"
renping106/Polaris,https://github.com/renping106/Polaris,2024,C#,User,2,0,2024-06-18T13:38:54Z,"Layered Architecture"
carlosupreme/arena-split-core,https://github.com/carlosupreme/arena-split-core,2024,TypeScript,User,2,0,2024-06-21T04:55:35Z,"Layered Architecture"
viniciusantos2105/microservice_food_ordering_system,https://github.com/viniciusantos2105/microservice_food_ordering_system,2024,Java,User,2,0,2024-06-21T11:14:56Z,"Layered Architecture"
spyroskatsios/FindADoctor,https://github.com/spyroskatsios/FindADoctor,2024,C#,User,2,0,2024-06-26T10:15:22Z,"Clean Architecture"
GuameDev/clean-architecture-api-template,https://github.com/GuameDev/clean-architecture-api-template,2024,C#,User,2,0,2024-07-04T16:20:51Z,"Clean Architecture"
RuslanPr0g/Hiscaries,https://github.com/RuslanPr0g/Hiscaries,2024,C#,User,2,0,2024-07-17T06:16:39Z,"Layered Architecture"
eduoncode/nestAPI-clean-arch,https://github.com/eduoncode/nestAPI-clean-arch,2024,TypeScript,User,2,0,2024-07-18T15:17:14Z,"Clean Architecture"
SantiagoVOGIT/hexagonal-python-example,https://github.com/SantiagoVOGIT/hexagonal-python-example,2024,Python,User,2,0,2024-07-22T20:57:20Z,"Hexagonal Architecture"
fiap-2nett/hackathon,https://github.com/fiap-2nett/hackathon,2024,C#,Organization,2,0,2024-07-30T00:08:54Z,"Clean Architecture"
fdorantesm/ts-ddd,https://github.com/fdorantesm/ts-ddd,2024,TypeScript,User,2,0,2024-08-03T05:15:31Z,"Clean Architecture"
Manuelhra/basketCol-backed,https://github.com/Manuelhra/basketCol-backed,2024,TypeScript,User,2,0,2024-08-31T02:04:35Z,"Clean Architecture"
Lucassamuel97/admin-catalogo-de-videos-java-fc,https://github.com/Lucassamuel97/admin-catalogo-de-videos-java-fc,2024,Java,User,2,0,2024-09-12T19:31:20Z,"Clean Architecture"
bytlabs/BytLabs.BackendPackages,https://github.com/bytlabs/BytLabs.BackendPackages,2024,C#,Organization,2,1,2024-10-15T09:11:14Z,Inconsistent
LucasFernandes0101/123vendas-server,https://github.com/LucasFernandes0101/123vendas-server,2024,C#,User,2,0,2024-10-21T14:29:37Z,"Event-Driven Architecture"
victoriaparraf/go_dely_back_verde,https://github.com/victoriaparraf/go_dely_back_verde,2024,TypeScript,User,2,1,2024-10-23T01:03:27Z,"Hexagonal Architecture"
RickBarretto/PassPort,https://github.com/RickBarretto/PassPort,2024,Java,User,2,0,2024-11-10T01:48:40Z,"Clean Architecture"
vicheanath/ecom-micro-service,https://github.com/vicheanath/ecom-micro-service,2024,Java,User,2,0,2024-11-15T17:50:37Z,CQRS
JohnBasrai/cr8s,https://github.com/JohnBasrai/cr8s,2024,Rust,User,2,1,2024-11-30T16:43:47Z,"Clean Architecture"
alirezanqp/hexagonal-ddd-notes-app,https://github.com/alirezanqp/hexagonal-ddd-notes-app,2024,TypeScript,User,2,0,2024-12-05T08:52:10Z,"Hexagonal Architecture"
NotFound-Team/CoreChain-Server,https://github.com/NotFound-Team/CoreChain-Server,2024,TypeScript,Organization,2,1,2024-12-05T18:16:06Z,"Layered Architecture"
Vladurka/Tripex.API,https://github.com/Vladurka/Tripex.API,2024,C#,User,2,0,2024-12-12T18:26:23Z,Microservices
bmcutting/CodeAgenda,https://github.com/bmcutting/CodeAgenda,2024,C#,User,2,0,2024-12-13T16:28:19Z,CQRS
cavaldos/Coursera,https://github.com/cavaldos/Coursera,2025,TypeScript,User,2,1,2025-01-19T07:23:07Z,"Onion Architecture"
zerlok/gendalf,https://github.com/zerlok/gendalf,2025,Python,User,2,0,2025-01-25T16:21:25Z,"Layered Architecture"
Khary92/Aion.Distributed,https://github.com/Khary92/Aion.Distributed,2025,C#,User,2,0,2025-06-07T10:46:00Z,"Clean Architecture"
sergeyklay/cityhive,https://github.com/sergeyklay/cityhive,2025,Python,User,2,0,2025-06-07T11:29:58Z,"Clean Architecture"
MaiQD/datnet-workout-tracker,https://github.com/MaiQD/datnet-workout-tracker,2025,C#,User,2,0,2025-06-08T10:28:25Z,"Clean Architecture"
COPUR/enterprise-loan-management-system,https://github.com/COPUR/enterprise-loan-management-system,2025,Java,User,2,1,2025-06-11T09:27:33Z,"Hexagonal Architecture"
phmatray/MusicTheory,https://github.com/phmatray/MusicTheory,2025,C#,User,2,0,2025-06-12T18:11:47Z,"Layered Architecture"
sirkaue/hexagonal-architecture,https://github.com/sirkaue/hexagonal-architecture,2025,Java,User,2,1,2025-03-02T19:07:15Z,"Hexagonal Architecture"
mariajuliapessoa/Plataforma-de-Cinema-Brasileiro,https://github.com/mariajuliapessoa/Plataforma-de-Cinema-Brasileiro,2025,TypeScript,User,2,0,2025-03-11T11:43:56Z,"Layered Architecture"
alimoharrami/modular-laravel,https://github.com/alimoharrami/modular-laravel,2025,PHP,User,2,0,2025-03-28T13:50:01Z,"Modular Architecture"
SteffenHaeussler/sim_agent,https://github.com/SteffenHaeussler/sim_agent,2025,Python,User,2,0,2025-04-08T08:44:41Z,"Event-Driven Architecture"
pphatt/RookieShop,https://github.com/pphatt/RookieShop,2025,C#,User,2,0,2025-04-09T14:22:09Z,"Clean Architecture"
LeoFelipe/my-ecommerce-portfolio,https://github.com/LeoFelipe/my-ecommerce-portfolio,2025,C#,User,2,0,2025-04-10T18:00:58Z,Microservices
override-dev/loan-manager,https://github.com/override-dev/loan-manager,2025,TypeScript,User,2,2,2025-04-14T06:15:02Z,"Onion Architecture"
kevinmamaqi/curso-ddd-hexagonal-node,https://github.com/kevinmamaqi/curso-ddd-hexagonal-node,2025,TypeScript,User,2,5,2025-04-18T22:02:04Z,"Hexagonal Architecture"
davidplpz/fflag-lib,https://github.com/davidplpz/fflag-lib,2025,TypeScript,User,2,0,2025-04-18T09:50:24Z,"Hexagonal Architecture"
wibu009/evently,https://github.com/wibu009/evently,2025,C#,User,2,0,2025-04-24T20:39:09Z,"Modular Monolith"
CarlosDanielDev/portfolio,https://github.com/CarlosDanielDev/portfolio,2025,TypeScript,User,2,0,2025-04-27T09:39:47Z,"Clean Architecture"
evan-liu/cal.com.alt,https://github.com/evan-liu/cal.com.alt,2025,TypeScript,User,2,0,2025-05-03T20:53:41Z,"Event-Driven Architecture"
luisfabiosm/POC-MyBank,https://github.com/luisfabiosm/POC-MyBank,2025,C#,User,2,1,2025-05-08T12:45:48Z,"Clean Architecture"
DauntlessDev/fitbook,https://github.com/DauntlessDev/fitbook,2025,Go,User,2,0,2025-05-10T08:55:29Z,"Clean Architecture"
ChaloCode/java-challenge-api,https://github.com/ChaloCode/java-challenge-api,2025,Java,User,2,0,2025-05-18T00:48:43Z,"Hexagonal Architecture"
othaviolr/web-livraria,https://github.com/othaviolr/web-livraria,2025,C#,User,2,0,2025-05-20T00:24:28Z,"Layered Architecture"
kallebenunes/koa-bank,https://github.com/kallebenunes/koa-bank,2025,TypeScript,User,2,0,2025-05-26T13:12:43Z,"Onion Architecture"
ef-tech/laravel-ddd-scaffold,https://github.com/ef-tech/laravel-ddd-scaffold,2025,PHP,User,2,0,2025-05-29T06:47:33Z,"Clean Architecture"
semanticintent/semantic-d1-mcp,https://github.com/semanticintent/semantic-d1-mcp,2025,TypeScript,User,2,1,2025-10-08T03:28:46Z,"Hexagonal Architecture"
samirakhmedov/tg-downloader,https://github.com/samirakhmedov/tg-downloader,2025,Go,User,2,0,2025-09-27T13:05:33Z,"Clean Architecture"
devchuckcamp/nestjs-worker-microservice,https://github.com/devchuckcamp/nestjs-worker-microservice,2025,TypeScript,User,2,0,2025-10-01T19:35:56Z,"Layered Architecture"
AnhKhoa24/CA_DDD_Project,https://github.com/AnhKhoa24/CA_DDD_Project,2025,C#,User,2,0,2025-06-25T14:30:58Z,"Clean Architecture"
brightlikethelight/PokerTrainer,https://github.com/brightlikethelight/PokerTrainer,2025,JavaScript,User,2,0,2025-06-26T20:14:06Z,"Layered Architecture"
cristofima/BankSystemMicroservices,https://github.com/cristofima/BankSystemMicroservices,2025,C#,User,2,0,2025-06-30T21:43:52Z,"Clean Architecture"
vmdt/gogameserver,https://github.com/vmdt/gogameserver,2025,Go,User,2,0,2025-07-02T17:12:57Z,CQRS
BigSm0uk/metrics-alert-server,https://github.com/BigSm0uk/metrics-alert-server,2025,Go,User,2,0,2025-07-15T11:50:33Z,"Layered Architecture"
haukened/rr-dns,https://github.com/haukened/rr-dns,2025,Go,User,2,0,2025-07-24T18:38:53Z,"Clean Architecture"
Open-Domain-Specification/open-domain-specification,https://github.com/Open-Domain-Specification/open-domain-specification,2025,TypeScript,Organization,2,0,2025-07-30T19:37:01Z,"Layered Architecture"
frekele/order-service-demo,https://github.com/frekele/order-service-demo,2025,Java,User,2,0,2025-08-04T00:55:27Z,"Clean Architecture"
ggusyyy/personal_finances,https://github.com/ggusyyy/personal_finances,2025,Python,User,2,1,2025-08-08T21:15:30Z,"Clean Architecture"
valehasadli/doc-pipeline,https://github.com/valehasadli/doc-pipeline,2025,TypeScript,User,2,0,2025-08-13T12:13:22Z,"Onion Architecture"
mgmacri/pool-maintenance-app,https://github.com/mgmacri/pool-maintenance-app,2025,Go,User,2,0,2025-08-23T22:53:18Z,"Clean Architecture"
anqorithm/billing-discounts-api,https://github.com/anqorithm/billing-discounts-api,2025,Java,User,2,0,2025-08-31T13:59:03Z,"Layered Architecture"
adriamontoto/domain-event-pattern,https://github.com/adriamontoto/domain-event-pattern,2025,Python,User,2,0,2025-09-08T16:26:03Z,"Event-Driven Architecture"
Hamiidcrypt/Group-08-Weather-Web-App,https://github.com/Hamiidcrypt/Group-08-Weather-Web-App,2025,Python,User,2,4,2025-09-16T21:20:19Z,"Layered Architecture"
shayan-shojaei/booking-system,https://github.com/shayan-shojaei/booking-system,2025,TypeScript,User,2,0,2025-10-12T19:53:01Z,"Clean Architecture"
Tynab/Gatherly,https://github.com/Tynab/Gatherly,2023,C#,User,2,0,2023-09-29T16:37:05Z,"Clean Architecture"
FelipeHeilmann/ecommerce,https://github.com/FelipeHeilmann/ecommerce,2024,C#,User,2,0,2024-02-05T01:45:14Z,"Clean Architecture"
WilliaMachadoCosta/Store,https://github.com/WilliaMachadoCosta/Store,2024,C#,User,2,0,2024-03-22T11:14:28Z,"Layered Architecture"
GemberPHP/example-event-sourcing-dcb,https://github.com/GemberPHP/example-event-sourcing-dcb,2024,PHP,Organization,2,0,2024-10-11T12:37:02Z,"Event-Driven Architecture"
SaintAngeLs/leaderboard_api,https://github.com/SaintAngeLs/leaderboard_api,2025,C#,User,2,0,2025-02-18T07:26:18Z,"Clean Architecture"
sovannarapov/dotnet-clean-architecture,https://github.com/sovannarapov/dotnet-clean-architecture,2025,C#,User,2,2,2025-03-21T03:52:42Z,"Clean Architecture"
rezatajari/RenewXControl,https://github.com/rezatajari/RenewXControl,2025,C#,User,2,0,2025-03-29T08:56:04Z,"Layered Architecture"
FoleyBridge-Solutions/Nestogy,https://github.com/FoleyBridge-Solutions/Nestogy,2025,PHP,Organization,2,1,2025-08-05T16:09:35Z,"Layered Architecture"
kanirya/HRLeaveManagement-Clean-Architecture-DDD-CQRS,https://github.com/kanirya/HRLeaveManagement-Clean-Architecture-DDD-CQRS,2025,C#,User,2,1,2025-09-09T07:50:40Z,"Clean Architecture"
pos-fiap/tech-challenge-1,https://github.com/pos-fiap/tech-challenge-1,2023,C#,Organization,2,2,2023-10-05T22:17:25Z,"Clean Architecture"
depromeet/7th-final-team10-server,https://github.com/depromeet/7th-final-team10-server,2020,Java,Organization,2,0,2020-01-11T02:19:10Z,"Layered Architecture"
patmoreau/holefeeder,https://github.com/patmoreau/holefeeder,2020,C#,User,2,0,2020-01-31T05:27:23Z,"Onion Architecture"
CarlosEduardoGui/FC.Codeflix.Catalog,https://github.com/CarlosEduardoGui/FC.Codeflix.Catalog,2022,C#,User,2,1,2022-08-21T20:25:28Z,"Onion Architecture"
ASDAFI/ASAP,https://github.com/ASDAFI/ASAP,2022,Go,User,2,0,2022-04-06T10:23:17Z,CQRS
francoposa/domain-driven-design-service-examples,https://github.com/francoposa/domain-driven-design-service-examples,2021,Python,User,1,0,2021-08-31T23:29:19Z,"Layered Architecture"
ikigai-github/logosphere,https://github.com/ikigai-github/logosphere,2021,TypeScript,Organization,1,1,2021-09-01T04:13:38Z,"Onion Architecture"
hjacquir/ddd-hexagonal-application-example,https://github.com/hjacquir/ddd-hexagonal-application-example,2021,PHP,User,1,0,2021-09-12T10:29:40Z,"Hexagonal Architecture"
RafaelAngelo1999/WC.Backend,https://github.com/RafaelAngelo1999/WC.Backend,2021,C#,User,1,0,2021-09-18T15:42:35Z,"Layered Architecture"
LimHanGyeol/msa-ecommers-service-demo,https://github.com/LimHanGyeol/msa-ecommers-service-demo,2021,Java,User,1,0,2021-09-16T15:02:55Z,"Layered Architecture"
alcancepl/ddd-es,https://github.com/alcancepl/ddd-es,2015,C#,Organization,1,3,2015-08-26T10:18:09Z,"Event-Driven Architecture"
marcossegovia/malendar,https://github.com/marcossegovia/malendar,2015,JavaScript,User,1,0,2015-09-17T16:42:19Z,"Hexagonal Architecture"
fr33r/wedding.jonfreer.com,https://github.com/fr33r/wedding.jonfreer.com,2015,Java,User,1,0,2015-10-20T03:35:24Z,"Layered Architecture"
jkazama/sample-aspnet-api,https://github.com/jkazama/sample-aspnet-api,2015,C#,User,1,0,2015-12-04T09:15:23Z,"Layered Architecture"
pjcarly/drupal8-spectrum,https://github.com/pjcarly/drupal8-spectrum,2016,PHP,User,1,0,2016-02-07T22:05:29Z,"Layered Architecture"
cstettler/ddd-cebolla,https://github.com/cstettler/ddd-cebolla,2016,Java,User,1,2,2016-04-05T19:04:19Z,"Onion Architecture"
straightcore/Straight.Core,https://github.com/straightcore/Straight.Core,2016,C#,User,1,1,2016-05-03T12:01:57Z,"Event-Driven Architecture"
Shuttle/Shuttle.Abacus,https://github.com/Shuttle/Shuttle.Abacus,2016,C#,Organization,1,2,2016-05-17T10:37:49Z,"Layered Architecture"
felippem/aspnet-webapi,https://github.com/felippem/aspnet-webapi,2016,C#,User,1,0,2016-07-14T14:37:00Z,"Layered Architecture"
tarunjr/naima,https://github.com/tarunjr/naima,2016,Java,User,1,1,2016-09-05T05:56:31Z,Microservices
mannion007/best-investments-ddd-exercise,https://github.com/mannion007/best-investments-ddd-exercise,2016,PHP,User,1,0,2016-12-16T14:40:24Z,"Onion Architecture"
robertbasic/piggybank,https://github.com/robertbasic/piggybank,2016,PHP,User,1,0,2016-12-19T15:45:33Z,"Layered Architecture"
Jan-Olof/DDD-Example,https://github.com/Jan-Olof/DDD-Example,2017,C#,User,1,0,2017-02-20T07:01:46Z,"Layered Architecture"
opuech/tic-tac-toe,https://github.com/opuech/tic-tac-toe,2017,C#,User,1,1,2017-04-04T01:19:20Z,"Onion Architecture"
digitaldias/Translate,https://github.com/digitaldias/Translate,2017,C#,User,1,2,2017-04-05T08:17:40Z,"Layered Architecture"
pgrau/php-tictactoe,https://github.com/pgrau/php-tictactoe,2017,PHP,User,1,0,2017-04-17T14:18:07Z,"Layered Architecture"
riccardone/Evento.Samples,https://github.com/riccardone/Evento.Samples,2017,C#,User,1,0,2017-04-17T17:23:28Z,"Event-Driven Architecture"
delexw/net-lightBoilerplate,https://github.com/delexw/net-lightBoilerplate,2017,C#,User,1,2,2017-04-19T00:11:50Z,Inconsistent
dlart/ddd,https://github.com/dlart/ddd,2017,PHP,User,1,0,2017-04-27T11:50:54Z,"Layered Architecture"
nicwortel/aggregate-store,https://github.com/nicwortel/aggregate-store,2017,PHP,User,1,2,2017-05-31T12:50:55Z,CQRS
joeldentici/event-store-stream,https://github.com/joeldentici/event-store-stream,2017,JavaScript,User,1,0,2017-06-20T01:45:43Z,"Event-Driven Architecture"
blrobin2/cqrs-cafe,https://github.com/blrobin2/cqrs-cafe,2017,JavaScript,User,1,2,2017-08-18T12:23:06Z,CQRS
koutsoumposval/event-sourced-catalog,https://github.com/koutsoumposval/event-sourced-catalog,2017,PHP,User,1,0,2017-10-21T19:10:08Z,"Event-Driven Architecture"
msgphp/msgphp,https://github.com/msgphp/msgphp,2017,PHP,Organization,1,0,2017-10-15T12:05:36Z,"Layered Architecture"
mingming-lu/lmm,https://github.com/mingming-lu/lmm,2017,Go,User,1,0,2017-11-09T13:33:06Z,"Hexagonal Architecture"
Cavanna-dev/diamonddogs,https://github.com/Cavanna-dev/diamonddogs,2017,PHP,User,1,0,2017-11-09T16:05:56Z,"Layered Architecture"
christophe-chausseray/nodejs-blog-api,https://github.com/christophe-chausseray/nodejs-blog-api,2017,TypeScript,User,1,0,2017-11-29T11:47:55Z,"Layered Architecture"
dlidstrom/GridBook,https://github.com/dlidstrom/GridBook,2010,C#,User,1,0,2010-12-12T20:02:35Z,"Layered Architecture"
nbellocam/Animates,https://github.com/nbellocam/Animates,2013,JavaScript,User,1,0,2013-08-24T23:34:17Z,"Layered Architecture"
charleszipp/phase,https://github.com/charleszipp/phase,2018,C#,User,1,0,2018-04-08T13:28:15Z,CQRS
stijnmoreels/System.Domain,https://github.com/stijnmoreels/System.Domain,2018,C#,User,1,1,2018-05-07T08:57:21Z,"Layered Architecture"
todarch/todarch-td,https://github.com/todarch/todarch-td,2018,Java,Organization,1,0,2018-06-09T11:58:12Z,"Layered Architecture"
jcmdsbr/challenge-cast-adoption,https://github.com/jcmdsbr/challenge-cast-adoption,2018,C#,User,1,1,2018-06-27T16:38:46Z,"Layered Architecture"
carloscasalar/basketball-manager-advisor,https://github.com/carloscasalar/basketball-manager-advisor,2018,PHP,User,1,0,2018-07-03T19:57:51Z,"Hexagonal Architecture"
ismailatkurt/cash-machine-sample-project,https://github.com/ismailatkurt/cash-machine-sample-project,2018,PHP,User,1,2,2018-07-04T06:32:59Z,"Layered Architecture"
TVolden/LARPay,https://github.com/TVolden/LARPay,2018,C#,User,1,0,2018-08-20T18:35:46Z,"Event-Driven Architecture"
jnwelzel/priceyyy,https://github.com/jnwelzel/priceyyy,2018,Java,User,1,0,2018-08-25T16:09:57Z,"Clean Architecture"
briciocardoso/ndddsample,https://github.com/briciocardoso/ndddsample,2015,C#,User,1,0,2015-08-03T16:04:51Z,"Layered Architecture"
bradleyjford/entr,https://github.com/bradleyjford/entr,2017,C#,User,1,0,2017-05-20T12:11:44Z,"Onion Architecture"
unblinking/recipe-report,https://github.com/unblinking/recipe-report,2017,TypeScript,Organization,1,0,2017-06-30T18:04:58Z,"Layered Architecture"
github1/ddd-es-node,https://github.com/github1/ddd-es-node,2017,TypeScript,User,1,1,2017-09-20T01:24:24Z,"Event-Driven Architecture"
real34/ma-cave,https://github.com/real34/ma-cave,2014,JavaScript,User,1,0,2014-01-03T21:45:59Z,"Layered Architecture"
sylvaindesve/explicit-todo,https://github.com/sylvaindesve/explicit-todo,2018,TypeScript,User,1,0,2018-11-14T09:58:13Z,CQRS
MateuszNaKodach/cqrs-workshop,https://github.com/MateuszNaKodach/cqrs-workshop,2018,Java,User,1,2,2018-12-18T19:15:50Z,CQRS
diaspogift/identity_and_access_FSharp,https://github.com/diaspogift/identity_and_access_FSharp,2019,F#,User,1,0,2019-01-02T00:45:59Z,"Layered Architecture"
Bhinneka/Cahelek,https://github.com/Bhinneka/Cahelek,2019,Java,Organization,1,0,2019-03-02T13:18:27Z,"Layered Architecture"
radarlog/doop,https://github.com/radarlog/doop,2019,PHP,User,1,0,2019-03-06T21:06:15Z,"Hexagonal Architecture"
screwyprof/roshambo,https://github.com/screwyprof/roshambo,2019,Go,User,1,0,2019-03-14T19:29:36Z,CQRS
WhatAKitty/jmore-builder,https://github.com/WhatAKitty/jmore-builder,2019,Java,User,1,2,2019-03-21T15:18:09Z,"Layered Architecture"
mukeshjoshi04/SampleDotNetCore,https://github.com/mukeshjoshi04/SampleDotNetCore,2019,C#,User,1,0,2019-04-15T10:23:48Z,"Onion Architecture"
j-valenzuela/contacts-react-net,https://github.com/j-valenzuela/contacts-react-net,2019,C#,User,1,2,2019-05-21T15:31:56Z,"Clean Architecture"
anatollupacescu/retail-sample,https://github.com/anatollupacescu/retail-sample,2019,Go,User,1,0,2019-06-03T18:44:10Z,"Layered Architecture"
mrayone/asp.net-boilerplate,https://github.com/mrayone/asp.net-boilerplate,2019,C#,User,1,0,2019-06-12T00:20:50Z,CQRS
orlaqp/update-profile-ddd,https://github.com/orlaqp/update-profile-ddd,2019,C#,User,1,0,2019-06-13T00:52:11Z,"Onion Architecture"
vijumn/TAL,https://github.com/vijumn/TAL,2019,C#,User,1,0,2019-06-21T01:57:32Z,"Layered Architecture"
umirode/notification,https://github.com/umirode/notification,2019,PHP,User,1,2,2019-07-25T14:17:21Z,"Layered Architecture"
lewan0996/DomainDrivenPizza,https://github.com/lewan0996/DomainDrivenPizza,2019,C#,User,1,0,2019-07-21T13:41:54Z,CQRS
ercanatbas/ZeroBlog,https://github.com/ercanatbas/ZeroBlog,2019,C#,User,1,0,2019-08-09T19:37:51Z,"Layered Architecture"
joaoasrosa/xpirit-magazine-from-eventstorming-to-coddding,https://github.com/joaoasrosa/xpirit-magazine-from-eventstorming-to-coddding,2019,C#,User,1,1,2019-08-15T08:04:59Z,"Layered Architecture"
guilhermealvarenga/Playground-de-ASP.NET-MVC-5-DDD-EF-AutoMapper-IoC,https://github.com/guilhermealvarenga/Playground-de-ASP.NET-MVC-5-DDD-EF-AutoMapper-IoC,2019,JavaScript,User,1,0,2019-08-17T00:50:54Z,"Layered Architecture"
patrickmartins/BazaarCore,https://github.com/patrickmartins/BazaarCore,2019,C#,User,1,0,2019-08-31T20:34:40Z,"Layered Architecture"
BedrockNet/Bedrock.Shared,https://github.com/BedrockNet/Bedrock.Shared,2019,C#,User,1,1,2019-09-11T05:59:29Z,"Onion Architecture"
mirkoRainer/pf2,https://github.com/mirkoRainer/pf2,2019,C#,User,1,0,2019-09-11T10:50:57Z,"Layered Architecture"
douglasramos/race-analysis,https://github.com/douglasramos/race-analysis,2019,C#,User,1,0,2019-09-09T02:30:22Z,"Clean Architecture"
LeaoSomogyi/Blog.FK,https://github.com/LeaoSomogyi/Blog.FK,2019,JavaScript,User,1,0,2019-09-17T01:25:55Z,"Layered Architecture"
justericgg/dddtw-laravel-coffee-shop,https://github.com/justericgg/dddtw-laravel-coffee-shop,2019,PHP,User,1,1,2019-09-21T06:57:21Z,"Layered Architecture"
ninjah187/Nintek.Core,https://github.com/ninjah187/Nintek.Core,2019,C#,User,1,0,2019-09-29T16:40:08Z,"Layered Architecture"
Ekstrem/DigiTFactory.Libraries,https://github.com/Ekstrem/DigiTFactory.Libraries,2019,C#,User,1,1,2019-10-12T06:23:04Z,"Hexagonal Architecture"
LearnGrowAndShare/SurveyShrike-API,https://github.com/LearnGrowAndShare/SurveyShrike-API,2019,C#,User,1,1,2019-10-10T17:24:01Z,"Clean Architecture"
KangoV/micronaut-test,https://github.com/KangoV/micronaut-test,2019,Java,User,1,1,2019-10-18T14:24:33Z,"Layered Architecture"
aufawibowo/semeru-api,https://github.com/aufawibowo/semeru-api,2019,PHP,User,1,0,2019-11-11T02:48:35Z,"Onion Architecture"
NWoldemichael/ddd,https://github.com/NWoldemichael/ddd,2019,C#,User,1,1,2019-11-22T23:33:36Z,"Modular Monolith"
LucasNSBR/NutrientAuto,https://github.com/LucasNSBR/NutrientAuto,2019,C#,User,1,2,2019-11-21T04:05:21Z,"Onion Architecture"
dandynaufaldi/modul-kurikulum,https://github.com/dandynaufaldi/modul-kurikulum,2019,JavaScript,User,1,0,2019-11-30T12:30:50Z,"Layered Architecture"
AymanSharaf/IReckonu.DataImportingTool,https://github.com/AymanSharaf/IReckonu.DataImportingTool,2019,C#,User,1,0,2019-12-08T05:10:38Z,"Layered Architecture"
weso/wixDom,https://github.com/weso/wixDom,2014,Python,Organization,1,0,2014-08-04T12:27:54Z,"Hexagonal Architecture"
rafaelturon/blockchain-investments,https://github.com/rafaelturon/blockchain-investments,2014,C#,User,1,3,2014-08-13T01:55:07Z,CQRS
flecce/ticketing-ddd-cqrs-es,https://github.com/flecce/ticketing-ddd-cqrs-es,2019,C#,User,1,0,2019-12-26T18:43:34Z,CQRS
egorlkn/rest-app-example,https://github.com/egorlkn/rest-app-example,2020,PHP,User,1,0,2020-01-12T19:56:28Z,"Clean Architecture"
fleboulch/treasure-map,https://github.com/fleboulch/treasure-map,2020,Java,User,1,1,2020-01-14T17:48:11Z,"Hexagonal Architecture"
dangminhbk/DDDExample,https://github.com/dangminhbk/DDDExample,2020,C#,User,1,1,2020-01-31T04:29:00Z,"Event-Driven Architecture"
leticiaventura/cinema,https://github.com/leticiaventura/cinema,2020,C#,User,1,0,2020-02-07T05:00:58Z,"Layered Architecture"
lfelguetac/appchitect,https://github.com/lfelguetac/appchitect,2020,TypeScript,User,1,0,2020-02-04T13:45:25Z,"Layered Architecture"
Kelvysb/MagicCucaBakery,https://github.com/Kelvysb/MagicCucaBakery,2020,C#,User,1,0,2020-02-18T21:27:43Z,"Layered Architecture"
patrickreinan/parking,https://github.com/patrickreinan/parking,2020,Java,User,1,1,2020-02-19T22:30:56Z,"Layered Architecture"
SmeeK153/Domain.Design.Foundations,https://github.com/SmeeK153/Domain.Design.Foundations,2020,C#,User,1,0,2020-02-17T04:07:26Z,"Onion Architecture"
hendisantika/springboot-ddd-bank,https://github.com/hendisantika/springboot-ddd-bank,2020,Java,User,1,1,2020-02-26T23:47:56Z,"Layered Architecture"
javierpardollama/HYPERDRIVE,https://github.com/javierpardollama/HYPERDRIVE,2020,C#,User,1,0,2020-03-02T19:17:13Z,"Layered Architecture"
ypedroo/apolo-api,https://github.com/ypedroo/apolo-api,2020,C#,User,1,0,2020-03-03T14:26:29Z,CQRS
leefaus/spring-boot-demo,https://github.com/leefaus/spring-boot-demo,2020,Java,User,1,0,2020-03-03T22:39:33Z,"Layered Architecture"
sygnowskip/modular-monolith,https://github.com/sygnowskip/modular-monolith,2020,C#,User,1,0,2020-03-04T17:41:32Z,"Modular Monolith"
MohammadrezaTaghipour/MeasureUnitManagement,https://github.com/MohammadrezaTaghipour/MeasureUnitManagement,2020,C#,User,1,0,2020-03-08T14:58:48Z,"Onion Architecture"
cyrilondon/rover-project,https://github.com/cyrilondon/rover-project,2020,Java,User,1,0,2020-03-28T22:12:34Z,"Hexagonal Architecture"
davidorbelian/BlogEngine,https://github.com/davidorbelian/BlogEngine,2020,C#,User,1,2,2020-03-31T23:07:25Z,"Clean Architecture"
benjaminalexandre/basic-api,https://github.com/benjaminalexandre/basic-api,2020,PHP,User,1,0,2020-04-12T08:58:14Z,"Layered Architecture"
queses/lyxe.js,https://github.com/queses/lyxe.js,2020,TypeScript,User,1,0,2020-04-12T11:23:38Z,"Onion Architecture"
kzmake/micro-kit,https://github.com/kzmake/micro-kit,2020,Go,User,1,1,2020-04-17T17:01:26Z,"Clean Architecture"
lujop/ddd-movies,https://github.com/lujop/ddd-movies,2020,Java,User,1,0,2020-04-18T13:44:32Z,"Layered Architecture"
droderuan/gobarber-backend,https://github.com/droderuan/gobarber-backend,2020,TypeScript,User,1,0,2020-04-18T16:00:51Z,"Layered Architecture"
sayyar-source/Domain-Driven-Design-DDD--Base-Tamplete,https://github.com/sayyar-source/Domain-Driven-Design-DDD--Base-Tamplete,2020,C#,User,1,0,2020-04-28T23:15:02Z,"Layered Architecture"
julianGonzalezV/ms-client,https://github.com/julianGonzalezV/ms-client,2020,Go,User,1,0,2020-05-08T02:03:16Z,"Layered Architecture"
nsafari/AseFramework,https://github.com/nsafari/AseFramework,2020,C#,User,1,1,2020-05-16T11:28:19Z,"Event-Driven Architecture"
pablo-diaz/bingo,https://github.com/pablo-diaz/bingo,2020,C#,User,1,0,2020-05-17T13:37:57Z,"Onion Architecture"
shahabuddin-ahmed/Domain-Driven-Design-with-Node-Express-Sequelize-TypeScript,https://github.com/shahabuddin-ahmed/Domain-Driven-Design-with-Node-Express-Sequelize-TypeScript,2020,TypeScript,User,1,0,2020-05-15T23:33:17Z,"Clean Architecture"
JavaOpenCommerce/commerce,https://github.com/JavaOpenCommerce/commerce,2020,Java,Organization,1,0,2020-06-01T18:02:02Z,"Hexagonal Architecture"
FlavioSpedaletti/FS.Investimentos,https://github.com/FlavioSpedaletti/FS.Investimentos,2020,C#,User,1,0,2020-05-31T22:58:14Z,"Layered Architecture"
Valentin9003/Car-Rental-Dealers,https://github.com/Valentin9003/Car-Rental-Dealers,2020,C#,User,1,1,2020-06-09T21:49:40Z,"Clean Architecture"
Mattias1/ddd-draughts,https://github.com/Mattias1/ddd-draughts,2020,C#,User,1,0,2020-06-16T10:30:03Z,"Layered Architecture"
iskandersierra/SharpDomain,https://github.com/iskandersierra/SharpDomain,2014,C#,User,1,2,2014-11-29T10:23:38Z,CQRS
emanuelfqueiroz/ebank-account,https://github.com/emanuelfqueiroz/ebank-account,2020,C#,User,1,1,2020-06-21T22:20:59Z,CQRS
nathan-andosen/3-layer-architecture,https://github.com/nathan-andosen/3-layer-architecture,2020,TypeScript,User,1,0,2020-06-22T20:54:23Z,"Layered Architecture"
karsujo/aspnetcore-rest-api,https://github.com/karsujo/aspnetcore-rest-api,2020,C#,User,1,0,2020-06-30T12:47:25Z,"Layered Architecture"
StartupKingdoms/shukshma-generator,https://github.com/StartupKingdoms/shukshma-generator,2020,JavaScript,Organization,1,0,2020-07-07T05:24:21Z,"Clean Architecture"
serrano90/cqrs-v2,https://github.com/serrano90/cqrs-v2,2020,Go,User,1,0,2020-07-09T03:37:33Z,CQRS
hageshtrem/shipping,https://github.com/hageshtrem/shipping,2020,Go,User,1,1,2020-07-19T19:31:28Z,Microservices
javier01123/facturacion_backend,https://github.com/javier01123/facturacion_backend,2020,C#,User,1,0,2020-07-16T16:32:46Z,"Clean Architecture"
weullerk/Teste-BS2,https://github.com/weullerk/Teste-BS2,2019,C#,User,1,0,2019-09-19T01:35:30Z,"Layered Architecture"
tonibracic/Sample1,https://github.com/tonibracic/Sample1,2019,C#,User,1,0,2019-10-17T19:53:49Z,Microservices
findolor/sinavia-backend,https://github.com/findolor/sinavia-backend,2019,JavaScript,User,1,0,2019-10-20T12:49:09Z,"Layered Architecture"
lukaszkobylecki/blog,https://github.com/lukaszkobylecki/blog,2019,C#,User,1,0,2019-11-12T18:10:25Z,CQRS
yagooliver/financial-chat,https://github.com/yagooliver/financial-chat,2020,C#,User,1,2,2020-05-10T19:48:22Z,CQRS
almeida-gustavo/The-Phonebook-api,https://github.com/almeida-gustavo/The-Phonebook-api,2020,TypeScript,User,1,0,2020-05-22T14:33:27Z,"Layered Architecture"
Valentin9003/VaimSoft,https://github.com/Valentin9003/VaimSoft,2020,C#,User,1,1,2020-06-13T23:17:17Z,"Clean Architecture"
seanlynch7194/serverless-social-media-bot,https://github.com/seanlynch7194/serverless-social-media-bot,2020,TypeScript,User,1,0,2020-07-28T20:06:53Z,CQRS
rihor/rpg-sheet-server,https://github.com/rihor/rpg-sheet-server,2020,TypeScript,User,1,1,2020-07-31T16:23:33Z,"Layered Architecture"
awurth/Clean-Architecture-Symfony,https://github.com/awurth/Clean-Architecture-Symfony,2020,PHP,User,1,1,2020-08-01T11:33:12Z,"Clean Architecture"
dantehemerson/codesprint-api,https://github.com/dantehemerson/codesprint-api,2020,TypeScript,User,1,0,2020-08-10T03:34:09Z,"Layered Architecture"
nodamu/CargoTracker,https://github.com/nodamu/CargoTracker,2020,Java,User,1,0,2020-08-21T01:41:59Z,"Hexagonal Architecture"
Invis1bleReborn/ddd-es-cqrs-boilerplate,https://github.com/Invis1bleReborn/ddd-es-cqrs-boilerplate,2020,PHP,User,1,1,2020-09-04T02:39:24Z,CQRS
prabal-es/bookmark-service,https://github.com/prabal-es/bookmark-service,2020,Java,User,1,0,2020-09-05T14:34:26Z,"Hexagonal Architecture"
MichaelHirn/dddf,https://github.com/MichaelHirn/dddf,2020,TypeScript,User,1,3,2020-09-10T09:24:02Z,"Layered Architecture"
openaffect/flow,https://github.com/openaffect/flow,2020,Java,Organization,1,0,2020-09-18T07:26:14Z,"Layered Architecture"
pedroyremolo/transfer-api,https://github.com/pedroyremolo/transfer-api,2020,Go,User,1,2,2020-10-15T16:52:57Z,"Hexagonal Architecture"
gijun19/clean-architecture,https://github.com/gijun19/clean-architecture,2020,TypeScript,User,1,0,2020-10-21T00:26:46Z,"Clean Architecture"
PSW-2020-ORG4/HealthcareSystem,https://github.com/PSW-2020-ORG4/HealthcareSystem,2020,C#,Organization,1,1,2020-10-21T10:24:25Z,"Layered Architecture"
surikaterna/demeine,https://github.com/surikaterna/demeine,2015,TypeScript,Organization,1,0,2015-02-20T12:50:51Z,"Event-Driven Architecture"
d3ta-go/ddd-mod-email,https://github.com/d3ta-go/ddd-mod-email,2020,Go,Organization,1,0,2020-11-07T12:04:39Z,"Layered Architecture"
QuinntyneBrown/DblDip,https://github.com/QuinntyneBrown/DblDip,2020,C#,User,1,2,2020-11-25T05:04:37Z,"Event-Driven Architecture"
santimattius/flutter_todo_list,https://github.com/santimattius/flutter_todo_list,2020,Dart,User,1,0,2020-11-25T22:22:09Z,"Clean Architecture"
ibo549/battle-ships,https://github.com/ibo549/battle-ships,2020,C#,User,1,0,2020-11-30T02:11:50Z,"Event-Driven Architecture"
LifewayIT/bootiful-ddd-demo,https://github.com/LifewayIT/bootiful-ddd-demo,2020,Kotlin,Organization,1,1,2020-12-15T14:45:04Z,CQRS
google-code-export/genericrepository,https://github.com/google-code-export/genericrepository,2015,C#,User,1,0,2015-03-13T06:10:47Z,"Layered Architecture"
eurodatacube/eodash-dashboard-api,https://github.com/eurodatacube/eodash-dashboard-api,2020,TypeScript,Organization,1,0,2020-12-21T15:01:51Z,"Layered Architecture"
michal-gajda/modular-monolith-with-ddd,https://github.com/michal-gajda/modular-monolith-with-ddd,2021,C#,User,1,0,2021-01-05T13:08:04Z,"Modular Monolith"
StarNetTz/DStack,https://github.com/StarNetTz/DStack,2021,C#,Organization,1,0,2021-01-06T12:53:31Z,CQRS
MDD4REST/mdd4rest-generator,https://github.com/MDD4REST/mdd4rest-generator,2021,Java,Organization,1,0,2021-01-11T09:14:52Z,"Layered Architecture"
CoolDevGuys/shop-monorepo-skeleton,https://github.com/CoolDevGuys/shop-monorepo-skeleton,2021,PHP,Organization,1,0,2021-01-21T01:02:34Z,"Hexagonal Architecture"
Miczeq22/ddd-node,https://github.com/Miczeq22/ddd-node,2021,TypeScript,User,1,0,2021-02-21T17:57:32Z,"Onion Architecture"
fernandovictorTI/processo-seletivo-ewave-arquiteto-fev-2021,https://github.com/fernandovictorTI/processo-seletivo-ewave-arquiteto-fev-2021,2021,C#,User,1,0,2021-02-23T14:53:50Z,"Clean Architecture"
diegohb/Katas.SalesTax,https://github.com/diegohb/Katas.SalesTax,2015,C#,User,1,1,2015-04-21T00:25:18Z,"Onion Architecture"
2lipe/marvel-api,https://github.com/2lipe/marvel-api,2021,TypeScript,User,1,0,2021-02-25T01:43:11Z,"Layered Architecture"
jorgesebastiao/Locadora,https://github.com/jorgesebastiao/Locadora,2021,C#,User,1,0,2021-03-01T23:13:10Z,"Layered Architecture"
Drill4J/spring-boot-realworld-example-app,https://github.com/Drill4J/spring-boot-realworld-example-app,2021,Java,Organization,1,3,2021-03-11T17:15:45Z,"Layered Architecture"
Jeckel-Lab/identity-contract,https://github.com/Jeckel-Lab/identity-contract,2021,PHP,Organization,1,0,2021-03-09T14:53:56Z,"Layered Architecture"
Leandro2585/template-node-clean,https://github.com/Leandro2585/template-node-clean,2021,TypeScript,User,1,0,2021-03-16T01:40:27Z,"Clean Architecture"
arinal/spring-rest-template,https://github.com/arinal/spring-rest-template,2015,Java,User,1,3,2015-05-10T14:48:36Z,"Hexagonal Architecture"
iuryferreira/idigis,https://github.com/iuryferreira/idigis,2021,C#,User,1,1,2021-04-04T03:31:39Z,"Clean Architecture"
jeantardelli/architecture-patterns-with-python,https://github.com/jeantardelli/architecture-patterns-with-python,2021,Python,User,1,0,2021-04-07T18:03:08Z,"Event-Driven Architecture"
eliseduverdier/pokedddex,https://github.com/eliseduverdier/pokedddex,2021,PHP,User,1,0,2021-04-12T16:26:58Z,CQRS
Ismail-Lh/byltbasics-ecom,https://github.com/Ismail-Lh/byltbasics-ecom,2021,TypeScript,User,1,1,2021-04-15T14:32:37Z,"Clean Architecture"
DavianYang/fastapi-template,https://github.com/DavianYang/fastapi-template,2021,Python,User,1,0,2021-04-19T12:30:34Z,"Layered Architecture"
Bofh-Reloaded/Analyzer,https://github.com/Bofh-Reloaded/Analyzer,2021,C#,Organization,1,0,2021-04-23T12:28:50Z,"Clean Architecture"
MateuszNaKodach/CodersCamp2020.Hackathon,https://github.com/MateuszNaKodach/CodersCamp2020.Hackathon,2021,TypeScript,User,1,3,2021-04-23T16:42:34Z,"Onion Architecture"
cedric-gruber/CQRS-Template,https://github.com/cedric-gruber/CQRS-Template,2021,C#,User,1,0,2021-04-25T17:20:09Z,CQRS
ikemura23/domain-driven-design-app-kotlin,https://github.com/ikemura23/domain-driven-design-app-kotlin,2021,Kotlin,User,1,0,2021-05-06T16:06:23Z,"Layered Architecture"
iamthewit/stock-exchange,https://github.com/iamthewit/stock-exchange,2021,PHP,User,1,0,2021-05-07T19:36:54Z,"Hexagonal Architecture"
ComplexHeart/php-contracts,https://github.com/ComplexHeart/php-contracts,2021,PHP,Organization,1,0,2021-05-10T16:11:45Z,"Clean Architecture"
getminesweeper/minesweeper-api,https://github.com/getminesweeper/minesweeper-api,2021,Python,Organization,1,0,2021-05-17T17:18:29Z,"Hexagonal Architecture"
dercodey/DicomDomainMapper,https://github.com/dercodey/DicomDomainMapper,2021,C#,User,1,0,2021-05-17T18:10:51Z,"Layered Architecture"
flobjective/hexagonal-library,https://github.com/flobjective/hexagonal-library,2021,Java,User,1,2,2021-05-22T14:52:32Z,"Hexagonal Architecture"
JBonfim/Marketplace-api,https://github.com/JBonfim/Marketplace-api,2021,C#,User,1,0,2021-05-24T01:32:15Z,"Layered Architecture"
alexandredev3/dev-helper-ddd,https://github.com/alexandredev3/dev-helper-ddd,2021,TypeScript,User,1,0,2021-05-27T23:29:48Z,"Onion Architecture"
BoskoD/AspNetMicroservices,https://github.com/BoskoD/AspNetMicroservices,2021,C#,User,1,0,2021-05-29T13:36:29Z,"Clean Architecture"
leo-oliveira-eng/valuable-utils,https://github.com/leo-oliveira-eng/valuable-utils,2021,C#,User,1,0,2021-06-01T02:42:35Z,"Layered Architecture"
rosharma/scala-ddd-cqrs,https://github.com/rosharma/scala-ddd-cqrs,2015,Scala,User,1,3,2015-06-18T11:11:43Z,CQRS
OrangeSoft-Team/officium-flutter,https://github.com/OrangeSoft-Team/officium-flutter,2021,Dart,Organization,1,0,2021-06-14T03:30:07Z,"Hexagonal Architecture"
fernandodr19/authmanager,https://github.com/fernandodr19/authmanager,2021,Go,User,1,0,2021-06-26T12:36:52Z,"Clean Architecture"
Bwaffles/SatisfactoryPlanner,https://github.com/Bwaffles/SatisfactoryPlanner,2021,C#,User,1,0,2021-06-26T15:53:24Z,"Modular Monolith"
devdbreno/company-employee-api,https://github.com/devdbreno/company-employee-api,2021,TypeScript,User,1,0,2021-06-28T20:52:04Z,"Layered Architecture"
rick9141/Std-UserManagerAPI,https://github.com/rick9141/Std-UserManagerAPI,2021,C#,User,1,0,2021-07-04T20:20:11Z,"Clean Architecture"
Becklyn/ddd-core,https://github.com/Becklyn/ddd-core,2021,PHP,Organization,1,0,2021-07-21T11:14:29Z,CQRS
than-dev/clean-ts-api,https://github.com/than-dev/clean-ts-api,2021,TypeScript,User,1,0,2021-08-16T22:43:43Z,"Clean Architecture"
lcetinsoy/DDD-and-East,https://github.com/lcetinsoy/DDD-and-East,2015,PHP,User,1,0,2015-07-30T13:14:17Z,"Layered Architecture"
rhutikcodes/Chalak-App,https://github.com/rhutikcodes/Chalak-App,2022,Dart,User,1,0,2022-02-11T11:52:56Z,"Clean Architecture"
BerkayKulak/Microservice-Architecture-PlatformApp,https://github.com/BerkayKulak/Microservice-Architecture-PlatformApp,2022,JavaScript,User,1,0,2022-02-12T08:57:45Z,Microservices
matheusfcorocher/shopping-cart,https://github.com/matheusfcorocher/shopping-cart,2022,TypeScript,User,1,0,2022-02-15T19:34:36Z,"Clean Architecture"
flwedu/punk-barbershop-backend,https://github.com/flwedu/punk-barbershop-backend,2022,TypeScript,User,1,0,2022-02-15T23:08:09Z,"Clean Architecture"
Splines/dominion-cli,https://github.com/Splines/dominion-cli,2022,Java,User,1,0,2022-02-26T17:36:04Z,"Clean Architecture"
fakhrip/bareksa-interview-project,https://github.com/fakhrip/bareksa-interview-project,2022,Go,User,1,0,2022-03-05T14:04:51Z,"Layered Architecture"
simonNozaki/nest-todo,https://github.com/simonNozaki/nest-todo,2021,TypeScript,User,1,0,2021-09-21T14:03:02Z,"Layered Architecture"
KangoV/micronaut-playground,https://github.com/KangoV/micronaut-playground,2021,Java,User,1,0,2021-10-19T11:55:08Z,"Layered Architecture"
abaddon/kcqrs-core,https://github.com/abaddon/kcqrs-core,2021,Kotlin,User,1,0,2021-10-26T12:16:24Z,CQRS
lazycece/rapidf,https://github.com/lazycece/rapidf,2021,Java,User,1,1,2021-10-24T04:25:37Z,"Hexagonal Architecture"
hrz8/go-pos-mini,https://github.com/hrz8/go-pos-mini,2021,Go,User,1,0,2021-10-29T07:43:18Z,"Layered Architecture"
Christiangsn/Clean-Architecture-API,https://github.com/Christiangsn/Clean-Architecture-API,2021,TypeScript,User,1,0,2021-10-27T21:23:30Z,"Clean Architecture"
GlebTheProgrammer/Store,https://github.com/GlebTheProgrammer/Store,2021,C#,User,1,0,2021-11-06T15:36:51Z,"Layered Architecture"
Joelp03/ecommerce-api,https://github.com/Joelp03/ecommerce-api,2021,TypeScript,User,1,0,2021-11-11T16:26:46Z,"Hexagonal Architecture"
lechihuy/bit-laravel-skeleton,https://github.com/lechihuy/bit-laravel-skeleton,2021,PHP,User,1,0,2021-11-25T08:30:06Z,"Layered Architecture"
okankaraduman/goFinalApp,https://github.com/okankaraduman/goFinalApp,2021,Go,User,1,0,2021-12-06T09:06:49Z,"Clean Architecture"
heitorgiacomini/ASPNETDDD,https://github.com/heitorgiacomini/ASPNETDDD,2022,JavaScript,User,1,1,2022-01-03T18:51:42Z,"Layered Architecture"
devston/dotnetmvc-webapi-diary-scheduler,https://github.com/devston/dotnetmvc-webapi-diary-scheduler,2022,C#,User,1,1,2022-01-05T14:17:50Z,"Layered Architecture"
Jeronimo-MZ/clean-chat-api,https://github.com/Jeronimo-MZ/clean-chat-api,2022,TypeScript,User,1,0,2022-01-13T14:33:19Z,"Clean Architecture"
dnd-side-project/dnd-6th-3-money-routine-server,https://github.com/dnd-side-project/dnd-6th-3-money-routine-server,2022,Java,Organization,1,1,2022-01-12T09:48:19Z,"Layered Architecture"
filipe1309/rm-clean-ts-api,https://github.com/filipe1309/rm-clean-ts-api,2022,TypeScript,User,1,0,2022-01-17T22:09:22Z,"Clean Architecture"
itohio/hex-arch-template,https://github.com/itohio/hex-arch-template,2022,Go,Organization,1,0,2022-01-21T14:03:54Z,"Hexagonal Architecture"
Becklyn/ddd-file-store,https://github.com/Becklyn/ddd-file-store,2022,PHP,Organization,1,0,2022-01-27T15:17:09Z,"Layered Architecture"
samueldcarvalho/Training.ProjectKanban,https://github.com/samueldcarvalho/Training.ProjectKanban,2022,C#,User,1,0,2022-02-04T23:00:03Z,CQRS
bemolxd/swir-api,https://github.com/bemolxd/swir-api,2022,TypeScript,User,1,0,2022-02-07T17:31:34Z,CQRS
furusho99/PrAha_Challenge,https://github.com/furusho99/PrAha_Challenge,2022,TypeScript,User,1,0,2022-08-13T03:52:45Z,"Layered Architecture"
LukeDaniel16/Curso_CleanArchComCSharp,https://github.com/LukeDaniel16/Curso_CleanArchComCSharp,2022,C#,User,1,0,2022-08-15T00:24:24Z,"Onion Architecture"
hard-rox/kathanika,https://github.com/hard-rox/kathanika,2022,C#,User,1,1,2022-08-24T17:18:46Z,"Clean Architecture"
guialexandree/clean-node-api,https://github.com/guialexandree/clean-node-api,2022,TypeScript,User,1,0,2022-08-29T01:33:19Z,"Clean Architecture"
bernardosr-fs/alfa-beto,https://github.com/bernardosr-fs/alfa-beto,2022,TypeScript,User,1,0,2022-08-31T01:41:56Z,"Layered Architecture"
go-jimu/template,https://github.com/go-jimu/template,2022,Go,Organization,1,0,2022-09-01T02:27:25Z,"Layered Architecture"
darcanj0/clean-node-api,https://github.com/darcanj0/clean-node-api,2022,TypeScript,User,1,0,2022-09-02T15:42:59Z,"Clean Architecture"
PowerLogit/backend,https://github.com/PowerLogit/backend,2022,TypeScript,Organization,1,0,2022-09-05T19:49:23Z,"Clean Architecture"
sumihiran/Axon.NET,https://github.com/sumihiran/Axon.NET,2022,C#,User,1,0,2022-09-09T03:10:47Z,"Event-Driven Architecture"
patricksferraz/pinned,https://github.com/patricksferraz/pinned,2022,Go,User,1,0,2022-03-24T14:24:39Z,"Clean Architecture"
timayz/evento,https://github.com/timayz/evento,2022,Rust,Organization,1,0,2022-04-05T02:38:12Z,CQRS
swiggy-2022-bootcamp/cdp-team4,https://github.com/swiggy-2022-bootcamp/cdp-team4,2022,Go,Organization,1,1,2022-04-06T06:36:20Z,Microservices
djnogales/wefox-challenge,https://github.com/djnogales/wefox-challenge,2022,TypeScript,User,1,0,2022-04-14T16:30:20Z,"Hexagonal Architecture"
HenriqueSilverio/ddd-building-blocks,https://github.com/HenriqueSilverio/ddd-building-blocks,2022,TypeScript,User,1,0,2022-04-19T19:00:59Z,"Layered Architecture"
vitornikiforck/payslip-api,https://github.com/vitornikiforck/payslip-api,2022,C#,User,1,0,2022-04-30T20:01:27Z,"Layered Architecture"
ArturRibeiro/scorpornok-ecommerce,https://github.com/ArturRibeiro/scorpornok-ecommerce,2019,C#,User,1,1,2019-05-10T19:42:18Z,"Clean Architecture"
diegoveigass/back-end-go-barber,https://github.com/diegoveigass/back-end-go-barber,2020,TypeScript,User,1,0,2020-05-06T19:33:59Z,"Layered Architecture"
Edgias/inventory-management,https://github.com/Edgias/inventory-management,2020,C#,User,1,0,2020-09-16T18:21:47Z,"Clean Architecture"
maszrum/SharpDomain,https://github.com/maszrum/SharpDomain,2020,C#,User,1,0,2020-12-01T14:43:32Z,"Onion Architecture"
samuelwine/GiftAidManager,https://github.com/samuelwine/GiftAidManager,2021,C#,User,1,0,2021-06-07T19:26:46Z,"Clean Architecture"
claudiuchis/pay-a-friend,https://github.com/claudiuchis/pay-a-friend,2021,C#,User,1,0,2021-06-20T14:16:51Z,"Event-Driven Architecture"
michaelcdr/dotnet-troca-livro,https://github.com/michaelcdr/dotnet-troca-livro,2021,C#,User,1,0,2021-07-16T01:07:37Z,"Clean Architecture"
AfshinParhizkari/DDD,https://github.com/AfshinParhizkari/DDD,2021,Java,User,1,1,2021-11-01T02:27:01Z,Microservices
dorisoy/eShopOnContainers,https://github.com/dorisoy/eShopOnContainers,2021,C#,User,1,0,2021-12-11T08:54:15Z,Microservices
Oscar170/front-ddd-skeleton,https://github.com/Oscar170/front-ddd-skeleton,2022,TypeScript,User,1,0,2022-02-01T12:46:38Z,"Onion Architecture"
vladperchi/HureIT,https://github.com/vladperchi/HureIT,2022,C#,User,1,1,2022-05-23T19:15:57Z,"Modular Monolith with Event-Driven Architecture"
quokka-dev/quokkadev-templates-collection,https://github.com/quokka-dev/quokkadev-templates-collection,2022,C#,Organization,1,0,2022-05-30T13:35:38Z,"Clean Architecture"
theCoupled/Hexagonal-Architecture-DDD-Kotlin-Example,https://github.com/theCoupled/Hexagonal-Architecture-DDD-Kotlin-Example,2022,Kotlin,User,1,0,2022-05-31T16:16:00Z,"Hexagonal Architecture"
alnmaurofranco/clean-architecture-and-code-2022,https://github.com/alnmaurofranco/clean-architecture-and-code-2022,2022,TypeScript,User,1,0,2022-06-13T22:09:30Z,"Clean Architecture"
alejandroik/trazavino,https://github.com/alejandroik/trazavino,2022,Go,User,1,1,2022-06-14T15:22:54Z,"Clean Architecture"
Tale152/express-server-template,https://github.com/Tale152/express-server-template,2022,TypeScript,User,1,2,2022-06-16T08:15:00Z,"Clean Architecture"
WaseemSabir/Taskly,https://github.com/WaseemSabir/Taskly,2022,Kotlin,User,1,0,2022-06-20T17:58:11Z,"Layered Architecture"
farazazadi/MicroLine.Services.Airline,https://github.com/farazazadi/MicroLine.Services.Airline,2022,C#,User,1,0,2022-07-09T20:00:54Z,"Clean Architecture"
wenealves10/tavern,https://github.com/wenealves10/tavern,2022,Go,User,1,1,2022-07-29T11:21:09Z,"Layered Architecture"
MountainCat1/Todo,https://github.com/MountainCat1/Todo,2022,C#,User,1,0,2022-07-29T12:13:39Z,Microservices
MarioSomodi/Imageverse-API,https://github.com/MarioSomodi/Imageverse-API,2023,C#,User,1,0,2023-02-15T21:14:51Z,"Clean Architecture"
AI-Stratov/ocr-backend,https://github.com/AI-Stratov/ocr-backend,2023,Python,User,1,0,2023-01-24T13:19:39Z,"Clean Architecture"
tonytoth/course-management,https://github.com/tonytoth/course-management,2023,TypeScript,User,1,0,2023-02-01T17:07:12Z,"Layered Architecture"
eviccari/multithread-test-java,https://github.com/eviccari/multithread-test-java,2023,Java,User,1,1,2023-02-02T18:50:21Z,"Hexagonal Architecture"
toniPortillo/ddd_edd_practice,https://github.com/toniPortillo/ddd_edd_practice,2023,Python,User,1,0,2023-02-09T18:50:22Z,"Hexagonal Architecture"
Pantheonix/Asgard,https://github.com/Pantheonix/Asgard,2023,C#,Organization,1,0,2023-02-11T08:57:04Z,Microservices
tandavala/vitari-music,https://github.com/tandavala/vitari-music,2022,TypeScript,User,1,0,2022-09-17T04:16:49Z,"Onion Architecture"
guilhermeais/fatec-game-backend,https://github.com/guilhermeais/fatec-game-backend,2022,JavaScript,User,1,0,2022-09-17T22:57:43Z,"Clean Architecture"
gustavovalle23/user-microservice-java,https://github.com/gustavovalle23/user-microservice-java,2022,Java,User,1,0,2022-10-05T02:41:31Z,"Clean Architecture"
Floriansylvain/GoCMS,https://github.com/Floriansylvain/GoCMS,2022,Go,User,1,0,2022-10-12T07:44:42Z,"Clean Architecture"
akdasa-studios/framework,https://github.com/akdasa-studios/framework,2022,TypeScript,Organization,1,0,2022-10-13T12:14:21Z,"Clean Architecture"
davecarter/cryptominr.nft,https://github.com/davecarter/cryptominr.nft,2022,JavaScript,User,1,1,2022-10-16T18:51:48Z,"Layered Architecture"
rofacoga/prueba-tecnica-finkargo,https://github.com/rofacoga/prueba-tecnica-finkargo,2022,Java,User,1,0,2022-10-15T21:29:31Z,"Layered Architecture"
berkaroad/squat,https://github.com/berkaroad/squat,2022,Go,User,1,0,2022-10-16T04:14:03Z,"Event-Driven Architecture"
vinisnasc/Transformador,https://github.com/vinisnasc/Transformador,2022,C#,User,1,0,2022-10-24T13:38:39Z,"Layered Architecture"
1Woody/WebCrawler,https://github.com/1Woody/WebCrawler,2022,TypeScript,User,1,0,2022-10-23T10:54:42Z,"Layered Architecture"
onurpicakci/abpFrameworkEShop-MVC,https://github.com/onurpicakci/abpFrameworkEShop-MVC,2022,C#,User,1,0,2022-10-24T16:47:37Z,"Layered Architecture"
4lB3RT/mercadona,https://github.com/4lB3RT/mercadona,2022,PHP,User,1,1,2022-10-25T19:09:46Z,"Layered Architecture"
diliproshitha/food-ordering-system,https://github.com/diliproshitha/food-ordering-system,2022,Java,User,1,2,2022-10-28T14:28:07Z,"Clean Architecture"
da0hn/food-ordering-system,https://github.com/da0hn/food-ordering-system,2022,Java,User,1,1,2022-11-02T15:43:38Z,"Clean Architecture"
mirror520/identity,https://github.com/mirror520/identity,2022,Go,User,1,0,2022-11-07T08:02:17Z,"Event-Driven Architecture"
oluwatobi2018/Clean-Architecture-Microservices,https://github.com/oluwatobi2018/Clean-Architecture-Microservices,2022,C#,User,1,0,2022-11-09T07:58:18Z,"Clean Architecture"
celebimetin/Microservices,https://github.com/celebimetin/Microservices,2022,C#,User,1,0,2022-11-12T11:50:37Z,"Onion Architecture"
ccencisoj/ADXIA-server,https://github.com/ccencisoj/ADXIA-server,2022,TypeScript,User,1,0,2022-11-11T07:03:09Z,"Layered Architecture"
Muchogoc/semezana,https://github.com/Muchogoc/semezana,2022,Go,User,1,1,2022-11-17T17:25:42Z,"Layered Architecture"
callius/target-kt,https://github.com/callius/target-kt,2022,Kotlin,User,1,0,2022-11-23T21:59:31Z,"Layered Architecture"
Rpsxxxxxxn/SAKURA-API,https://github.com/Rpsxxxxxxn/SAKURA-API,2022,TypeScript,User,1,0,2022-11-26T00:45:01Z,"Layered Architecture"
akiraTatesawa/valex-ddd,https://github.com/akiraTatesawa/valex-ddd,2022,TypeScript,User,1,0,2022-11-30T00:37:34Z,"Clean Architecture"
MatfRS2/tutorial-movies-clean-architecture,https://github.com/MatfRS2/tutorial-movies-clean-architecture,2022,C#,Organization,1,1,2022-12-02T10:17:04Z,"Clean Architecture"
csharp-benchmark/Smartstore,https://github.com/csharp-benchmark/Smartstore,2022,C#,User,1,0,2022-11-30T14:46:00Z,"Layered Architecture"
csharp-benchmark/eShopOnContainers,https://github.com/csharp-benchmark/eShopOnContainers,2022,C#,User,1,0,2022-11-30T15:16:56Z,Microservices
NDTChan/vmo-food-ordering-system,https://github.com/NDTChan/vmo-food-ordering-system,2022,Java,User,1,0,2022-12-19T14:10:44Z,"Hexagonal Architecture"
jhonatan98rios/nodejs-ddd-blog,https://github.com/jhonatan98rios/nodejs-ddd-blog,2022,TypeScript,User,1,0,2022-12-20T05:35:34Z,"Clean Architecture"
Xaki786/todo,https://github.com/Xaki786/todo,2022,TypeScript,User,1,0,2022-12-29T15:02:17Z,"Layered Architecture"
hakcolt/node-a2,https://github.com/hakcolt/node-a2,2022,TypeScript,User,1,1,2022-12-30T01:01:39Z,"Clean Architecture"
geekcell/php-ddd,https://github.com/geekcell/php-ddd,2023,PHP,Organization,1,1,2023-01-10T16:43:58Z,"Layered Architecture"
ricleal/twitter-clone,https://github.com/ricleal/twitter-clone,2023,Go,User,1,0,2023-06-30T18:40:56Z,"Onion Architecture"
Lincolnbiancard/asaas-payment-integration,https://github.com/Lincolnbiancard/asaas-payment-integration,2023,PHP,User,1,0,2023-07-06T02:38:45Z,"Layered Architecture"
Brendon-Lopes/carshop,https://github.com/Brendon-Lopes/carshop,2023,C#,User,1,0,2023-07-15T15:34:03Z,"Layered Architecture"
newbiet21379/nestjs-demo,https://github.com/newbiet21379/nestjs-demo,2023,TypeScript,User,1,1,2023-07-14T10:58:54Z,CQRS
choicl/SM.POST.MICROSERVICES,https://github.com/choicl/SM.POST.MICROSERVICES,2023,C#,User,1,0,2023-07-16T18:42:05Z,CQRS
erikshafer/pragmatic-ddd-event-sourcing-workshop,https://github.com/erikshafer/pragmatic-ddd-event-sourcing-workshop,2023,C#,User,1,1,2023-07-16T19:58:37Z,"Event-Driven Architecture"
ozzShpigel/MicroserviceDemo,https://github.com/ozzShpigel/MicroserviceDemo,2023,C#,User,1,1,2023-02-20T15:48:12Z,"Clean Architecture"
penzata/project-management,https://github.com/penzata/project-management,2023,Java,User,1,0,2023-03-09T09:24:13Z,"Hexagonal Architecture"
tacta-io/Tactify,https://github.com/tacta-io/Tactify,2023,C#,Organization,1,1,2023-03-15T14:00:17Z,CQRS
KalvenDebig/food-ordering-system,https://github.com/KalvenDebig/food-ordering-system,2023,Java,User,1,0,2023-03-31T12:42:17Z,"Hexagonal Architecture"
DiegoRs100/library-congress-case,https://github.com/DiegoRs100/library-congress-case,2023,C#,User,1,1,2023-04-06T14:22:08Z,"Onion Architecture"
callius/target-dart,https://github.com/callius/target-dart,2023,Dart,User,1,0,2023-04-11T01:26:31Z,"Layered Architecture"
dddplayer/dp,https://github.com/dddplayer/dp,2023,Go,Organization,1,0,2023-04-14T23:02:02Z,"Hexagonal Architecture"
Elizura/Note-Taking-Mobile-app,https://github.com/Elizura/Note-Taking-Mobile-app,2023,Dart,User,1,0,2023-04-15T08:39:22Z,"Layered Architecture"
LifeMash-News/LifeMash-App,https://github.com/LifeMash-News/LifeMash-App,2023,Kotlin,Organization,1,2,2023-04-25T03:13:30Z,"Clean Architecture"
ismailbentabett/BuberDinner,https://github.com/ismailbentabett/BuberDinner,2023,C#,User,1,0,2023-04-27T04:27:03Z,"Clean Architecture"
Articunatu/Social-Media,https://github.com/Articunatu/Social-Media,2023,C#,User,1,0,2023-04-29T15:12:07Z,CQRS
vitorsemidio-dev/forum,https://github.com/vitorsemidio-dev/forum,2023,TypeScript,User,1,0,2023-05-05T23:16:34Z,"Onion Architecture"
gnknithin/Personify-Service,https://github.com/gnknithin/Personify-Service,2023,Python,User,1,1,2023-05-08T05:06:22Z,"Layered Architecture"
rafaelxvr/authentication-api,https://github.com/rafaelxvr/authentication-api,2023,TypeScript,User,1,0,2023-05-10T01:48:06Z,"Clean Architecture"
Bogdan00766/TIM_TDL,https://github.com/Bogdan00766/TIM_TDL,2023,C#,User,1,1,2023-05-12T11:38:55Z,"Layered Architecture"
dddsphere/martello,https://github.com/dddsphere/martello,2023,Go,Organization,1,0,2023-05-16T20:04:06Z,"Event-Driven Architecture"
yaman-shahbander/writer-nook,https://github.com/yaman-shahbander/writer-nook,2023,PHP,User,1,0,2023-05-15T11:22:55Z,"Onion Architecture"
AlejandroPerez92/CoffeeMachine,https://github.com/AlejandroPerez92/CoffeeMachine,2023,PHP,User,1,0,2023-05-18T17:30:06Z,"Onion Architecture"
Luispfa/library,https://github.com/Luispfa/library,2023,PHP,User,1,1,2023-05-26T18:08:03Z,"Hexagonal Architecture"
pablo-snz/django-basic-ddd-app,https://github.com/pablo-snz/django-basic-ddd-app,2023,Python,User,1,0,2023-05-26T15:48:24Z,"Layered Architecture"
slavisharper/rpg-books-api,https://github.com/slavisharper/rpg-books-api,2023,C#,User,1,0,2023-05-25T08:05:26Z,"Clean Architecture"
anil-sezer/Portfolio,https://github.com/anil-sezer/Portfolio,2023,C#,User,1,0,2023-05-26T05:43:56Z,"Layered Architecture"
routis/dmmf-scala,https://github.com/routis/dmmf-scala,2023,Scala,User,1,2,2023-05-29T20:58:17Z,"Hexagonal Architecture"
mateuszbabski/Bazaar,https://github.com/mateuszbabski/Bazaar,2023,C#,User,1,0,2023-06-04T17:52:32Z,"Modular Monolith"
jordiaragonzaragoza/JordiAragonZaragoza.Cinema,https://github.com/jordiaragonzaragoza/JordiAragonZaragoza.Cinema,2023,C#,User,1,3,2023-06-05T15:01:58Z,"Clean Architecture"
emanoelhenrick/Surveys-API,https://github.com/emanoelhenrick/Surveys-API,2023,TypeScript,User,1,0,2023-06-06T17:12:05Z,"Clean Architecture"
maiconlmotadev/system-e-commerce-ddd-aspnetcore,https://github.com/maiconlmotadev/system-e-commerce-ddd-aspnetcore,2023,C#,User,1,0,2023-06-10T08:56:43Z,"Layered Architecture"
fellipySaldanha/tech-challenge,https://github.com/fellipySaldanha/tech-challenge,2023,TypeScript,User,1,0,2023-06-13T11:22:38Z,"Onion Architecture"
ivanfernandez2646/daily-trends,https://github.com/ivanfernandez2646/daily-trends,2023,TypeScript,User,1,0,2023-06-14T07:30:09Z,"Hexagonal Architecture"
MyoungSoo7/pharmacyrecommend,https://github.com/MyoungSoo7/pharmacyrecommend,2023,Java,User,1,0,2023-12-05T01:27:26Z,"Layered Architecture"
workingdanny911/hexai,https://github.com/workingdanny911/hexai,2023,TypeScript,User,1,0,2023-12-20T03:32:09Z,"Hexagonal Architecture"
liannoi/wlodzimierz,https://github.com/liannoi/wlodzimierz,2020,C#,User,1,3,2020-11-29T09:51:20Z,"Clean Architecture"
edburns/javaland-javaee,https://github.com/edburns/javaland-javaee,2022,JavaScript,User,1,12,2022-03-02T17:50:37Z,"Layered Architecture"
josearias210/DDD,https://github.com/josearias210/DDD,2022,C#,User,1,0,2022-06-11T05:47:16Z,"Clean Architecture"
TechOnIt/web-application,https://github.com/TechOnIt/web-application,2022,JavaScript,Organization,1,0,2022-07-10T11:05:57Z,"Clean Architecture"
erickdiaz01/BackendRetoFullStackGame,https://github.com/erickdiaz01/BackendRetoFullStackGame,2022,Java,User,1,0,2022-07-21T04:38:47Z,"Clean Architecture"
vitorcrl/clean-node-api,https://github.com/vitorcrl/clean-node-api,2022,TypeScript,User,1,0,2022-09-20T20:03:35Z,"Clean Architecture"
Exception-Corporation/users-ddd-service,https://github.com/Exception-Corporation/users-ddd-service,2022,TypeScript,Organization,1,1,2022-12-01T01:47:52Z,"Onion Architecture"
jorgerebe/TFG.RulesPenaltiesF1,https://github.com/jorgerebe/TFG.RulesPenaltiesF1,2023,C#,User,1,0,2023-06-27T23:01:50Z,"Clean Architecture"
eljoe182/koa-template-ts,https://github.com/eljoe182/koa-template-ts,2023,TypeScript,User,1,0,2023-07-05T21:40:11Z,"Clean Architecture"
muqiuhan/ShimmerLin,https://github.com/muqiuhan/ShimmerLin,2023,TypeScript,User,1,1,2023-03-03T04:14:05Z,"Onion Architecture"
cavargasl/portfolio,https://github.com/cavargasl/portfolio,2023,TypeScript,User,1,0,2023-07-28T22:34:34Z,"Hexagonal Architecture"
d-o0o-b11/308_potenday,https://github.com/d-o0o-b11/308_potenday,2023,TypeScript,User,1,0,2023-08-07T11:27:01Z,"Clean Architecture"
fellipySaldanha/Phase2-TC,https://github.com/fellipySaldanha/Phase2-TC,2023,TypeScript,User,1,1,2023-08-07T23:44:25Z,"Onion Architecture"
TCGrupo30/TC.GrupoTrinta.BlogNews,https://github.com/TCGrupo30/TC.GrupoTrinta.BlogNews,2023,C#,User,1,3,2023-08-12T19:57:16Z,"Layered Architecture"
tomcant/bike-rides-api,https://github.com/tomcant/bike-rides-api,2023,PHP,User,1,0,2023-08-13T21:57:43Z,"Hexagonal Architecture"
Faris-Abuali/Buber-Dinner,https://github.com/Faris-Abuali/Buber-Dinner,2023,C#,User,1,0,2023-08-16T21:37:54Z,"Clean Architecture"
LiiPeee/expense-tracker,https://github.com/LiiPeee/expense-tracker,2023,TypeScript,User,1,0,2023-08-14T21:57:02Z,"Clean Architecture"
davidjnevin/ddd_critiquewheel,https://github.com/davidjnevin/ddd_critiquewheel,2023,Python,User,1,0,2023-08-19T09:22:10Z,"Hexagonal Architecture"
nicoweb/leboncode,https://github.com/nicoweb/leboncode,2023,PHP,User,1,0,2023-08-19T17:43:45Z,"Hexagonal Architecture"
jgaNet/clean-ddd,https://github.com/jgaNet/clean-ddd,2023,TypeScript,User,1,0,2023-08-20T18:41:24Z,"Clean Architecture"
RHamudi/project-promo-back,https://github.com/RHamudi/project-promo-back,2023,C#,User,1,0,2023-08-27T15:32:41Z,CQRS
DaniilPoiarkov/Eclipse,https://github.com/DaniilPoiarkov/Eclipse,2023,C#,User,1,0,2023-08-30T20:22:53Z,"Clean Architecture"
RodolfoJr3564/full-cycle-3.0,https://github.com/RodolfoJr3564/full-cycle-3.0,2023,TypeScript,User,1,0,2023-09-01T16:39:28Z,"Onion Architecture"
dikmenonur/eStore,https://github.com/dikmenonur/eStore,2023,C#,User,1,0,2023-09-02T13:45:39Z,Microservices
weescoelho/nestjs-clean-arch,https://github.com/weescoelho/nestjs-clean-arch,2023,TypeScript,User,1,0,2023-09-05T22:16:01Z,"Clean Architecture"
soroushkavousi/ShelfAPI,https://github.com/soroushkavousi/ShelfAPI,2023,C#,User,1,0,2023-09-07T17:15:49Z,"Clean Architecture"
mezdelex/TodoApp,https://github.com/mezdelex/TodoApp,2023,Go,User,1,0,2023-09-08T18:43:19Z,"Clean Architecture"
ynsmrkrds/CodeCraftersTransportGlobal,https://github.com/ynsmrkrds/CodeCraftersTransportGlobal,2023,C#,User,1,1,2023-09-09T08:49:33Z,"Clean Architecture"
janvodak/AspDotNetCore-ShoppingApp,https://github.com/janvodak/AspDotNetCore-ShoppingApp,2023,C#,User,1,0,2023-09-10T10:29:07Z,Microservices
brunobaronims/aform,https://github.com/brunobaronims/aform,2023,TypeScript,User,1,0,2023-09-13T00:28:58Z,"Onion Architecture"
vkondratiuk482/finance-tracker,https://github.com/vkondratiuk482/finance-tracker,2023,C#,User,1,0,2023-09-13T11:21:38Z,CQRS
adrianokerber/fullcycle-ddd-node-typescript,https://github.com/adrianokerber/fullcycle-ddd-node-typescript,2023,TypeScript,User,1,0,2023-09-16T05:46:43Z,"Layered Architecture"
j5ik2o/event-store-adapter-dotnet,https://github.com/j5ik2o/event-store-adapter-dotnet,2023,C#,User,1,0,2023-09-19T09:08:11Z,"Event-Driven Architecture"
RivasB/TTeams,https://github.com/RivasB/TTeams,2023,Java,User,1,2,2023-09-20T22:17:54Z,"Clean Architecture"
HappiSoftware/AppyNox,https://github.com/HappiSoftware/AppyNox,2023,C#,Organization,1,0,2023-09-23T20:28:36Z,"Onion Architecture"
skrasekmichael/CleanArchitecture,https://github.com/skrasekmichael/CleanArchitecture,2023,C#,User,1,1,2023-09-25T20:27:47Z,"Clean Architecture"
jhanarato/leaftracker,https://github.com/jhanarato/leaftracker,2023,Python,User,1,0,2023-10-01T03:55:59Z,"Layered Architecture"
ziJinChampion/ainews-be,https://github.com/ziJinChampion/ainews-be,2023,Go,User,1,0,2023-10-04T11:48:07Z,"Layered Architecture"
halilkocaoz/e-cinema,https://github.com/halilkocaoz/e-cinema,2023,C#,User,1,0,2023-10-02T21:25:54Z,CQRS
wesley1263/skeleton-fastapi,https://github.com/wesley1263/skeleton-fastapi,2023,Python,User,1,0,2023-10-04T18:49:52Z,"Clean Architecture"
OOOIOOOIO/SHPay,https://github.com/OOOIOOOIO/SHPay,2023,Java,User,1,0,2023-10-06T04:54:21Z,"Layered Architecture"
sharifli4/ddd-go,https://github.com/sharifli4/ddd-go,2023,Go,User,1,0,2023-10-22T12:51:36Z,"Layered Architecture"
Geeks-ucab-streaming/streaming-api,https://github.com/Geeks-ucab-streaming/streaming-api,2023,TypeScript,Organization,1,1,2023-10-22T23:31:14Z,"Hexagonal Architecture"
sharang1996/food-ordering-system,https://github.com/sharang1996/food-ordering-system,2023,Java,User,1,0,2023-11-04T01:32:35Z,"Hexagonal Architecture"
GabrieleTronchin/CinemaSample,https://github.com/GabrieleTronchin/CinemaSample,2023,C#,User,1,2,2023-11-08T20:42:21Z,"Onion Architecture"
Mohsen-Bazmi/DDD_Workshop,https://github.com/Mohsen-Bazmi/DDD_Workshop,2023,C#,User,1,11,2023-11-13T06:54:45Z,"Onion Architecture"
tomasjurasek/Simplife,https://github.com/tomasjurasek/Simplife,2023,C#,User,1,0,2023-11-19T11:38:21Z,"Event-Driven Architecture"
DanubiaM/bank_php,https://github.com/DanubiaM/bank_php,2024,PHP,User,1,0,2024-05-02T00:22:59Z,"Hexagonal Architecture"
dqualizer/ddd-autohaus,https://github.com/dqualizer/ddd-autohaus,2024,Java,Organization,1,0,2024-01-15T16:36:13Z,"Layered Architecture"
ProgrammeChef/microservices-coolstore,https://github.com/ProgrammeChef/microservices-coolstore,2024,C#,User,1,3,2024-01-19T16:49:56Z,"Clean Architecture"
Laranja-Mecanica/orange-portifolio-api,https://github.com/Laranja-Mecanica/orange-portifolio-api,2024,TypeScript,Organization,1,0,2024-01-23T00:35:19Z,"Clean Architecture"
blackhat-coder/CleanArchitecture,https://github.com/blackhat-coder/CleanArchitecture,2024,C#,User,1,0,2024-01-26T21:43:10Z,"Clean Architecture"
LekeneCedric/my_nkap,https://github.com/LekeneCedric/my_nkap,2024,PHP,User,1,0,2024-01-30T23:08:48Z,"Layered Architecture"
josem-nex/proyecto-cine,https://github.com/josem-nex/proyecto-cine,2024,C#,User,1,0,2024-01-29T14:31:08Z,"Clean Architecture"
Planthor/PlanthorWebApi,https://github.com/Planthor/PlanthorWebApi,2024,C#,Organization,1,0,2024-01-31T18:22:28Z,"Clean Architecture"
Starlabs-RemoteAvengers/back-end,https://github.com/Starlabs-RemoteAvengers/back-end,2024,C#,Organization,1,1,2024-02-05T10:59:49Z,"Hexagonal Architecture"
guilhermealvess/picpay,https://github.com/guilhermealvess/picpay,2024,Go,User,1,0,2024-02-08T23:35:06Z,"Clean Architecture"
luigi-dv/clear-read-hub,https://github.com/luigi-dv/clear-read-hub,2024,Python,User,1,0,2024-02-10T07:44:22Z,"Onion Architecture"
vityok02/WeatherParser,https://github.com/vityok02/WeatherParser,2024,C#,User,1,0,2024-02-14T09:51:45Z,"Layered Architecture"
brunoliratm/ArchivumLibris-API,https://github.com/brunoliratm/ArchivumLibris-API,2024,Java,User,1,0,2024-02-27T17:57:42Z,"Hexagonal Architecture"
bennixview/stockmanager,https://github.com/bennixview/stockmanager,2024,Java,User,1,0,2024-02-26T17:19:33Z,"Layered Architecture"
pedrohenrikle/gympass-api,https://github.com/pedrohenrikle/gympass-api,2024,TypeScript,User,1,0,2024-02-26T23:54:36Z,"Layered Architecture"
jcachayG93/customer-orders-shipments_net8api,https://github.com/jcachayG93/customer-orders-shipments_net8api,2024,C#,User,1,0,2024-02-29T23:11:15Z,"Onion Architecture"
mnnam1302/DistributedSystem_Yarp_ReverseProxy,https://github.com/mnnam1302/DistributedSystem_Yarp_ReverseProxy,2024,C#,User,1,0,2024-03-02T07:48:24Z,CQRS
DotNetBackendTraining/airport-ticket-booking-system,https://github.com/DotNetBackendTraining/airport-ticket-booking-system,2024,C#,Organization,1,0,2024-03-02T14:09:29Z,"Layered Architecture"
edpyt/buber_dinner,https://github.com/edpyt/buber_dinner,2024,Python,User,1,0,2024-03-02T16:19:09Z,"Clean Architecture"
a-sharifov/Ebook,https://github.com/a-sharifov/Ebook,2024,C#,User,1,0,2024-03-02T22:09:41Z,"Onion Architecture"
JorgePeniaranda/GoldenDuck-API,https://github.com/JorgePeniaranda/GoldenDuck-API,2024,TypeScript,User,1,0,2024-03-08T19:32:07Z,"Onion Architecture"
SalZaki/Bank,https://github.com/SalZaki/Bank,2024,C#,User,1,0,2024-03-08T23:09:55Z,"Clean Architecture"
dalikewara/ayapingping-py,https://github.com/dalikewara/ayapingping-py,2024,Python,User,1,0,2024-03-11T07:51:59Z,"Clean Architecture"
dalikewara/ayapingping-ts,https://github.com/dalikewara/ayapingping-ts,2024,TypeScript,User,1,0,2024-03-15T21:17:21Z,"Clean Architecture"
dam-bal/eloquentity-shopping-cart-example,https://github.com/dam-bal/eloquentity-shopping-cart-example,2024,PHP,User,1,0,2024-03-17T21:57:04Z,"Hexagonal Architecture"
camilo6castell/library-provider-backend,https://github.com/camilo6castell/library-provider-backend,2024,Java,User,1,0,2024-04-01T22:49:40Z,"Hexagonal Architecture"
juanluiscr27/shared-kernel,https://github.com/juanluiscr27/shared-kernel,2024,Python,User,1,0,2024-04-06T01:05:28Z,"Clean Architecture"
Truongquangkhang/kang-blogging,https://github.com/Truongquangkhang/kang-blogging,2024,Go,User,1,0,2024-04-07T15:19:23Z,Inconsistent
IronOnet/mallbots,https://github.com/IronOnet/mallbots,2024,Go,User,1,0,2024-04-09T19:06:26Z,"Modular Monolith"
hands-on-ddd/catch-a-flight-in-java,https://github.com/hands-on-ddd/catch-a-flight-in-java,2024,Java,Organization,1,0,2024-04-14T21:24:42Z,"Hexagonal Architecture"
yagoscalfoni/EShopMicroservices,https://github.com/yagoscalfoni/EShopMicroservices,2024,C#,User,1,0,2024-04-19T01:11:14Z,"Clean Architecture"
Victor-TSGM/QuickOut,https://github.com/Victor-TSGM/QuickOut,2024,C#,User,1,0,2024-04-21T19:06:53Z,"Clean Architecture"
4kcancode/todo-api-microservice,https://github.com/4kcancode/todo-api-microservice,2024,Go,User,1,0,2024-04-22T15:09:13Z,"Layered Architecture"
vmetreveli/Framework,https://github.com/vmetreveli/Framework,2024,C#,User,1,0,2024-04-23T09:16:42Z,"Layered Architecture"
BrunoCesarCarvalho/Tech-Challenge-Fiap,https://github.com/BrunoCesarCarvalho/Tech-Challenge-Fiap,2024,C#,User,1,0,2024-04-24T17:03:29Z,"Hexagonal Architecture"
Chinh00/cShop,https://github.com/Chinh00/cShop,2024,C#,User,1,0,2024-09-19T16:25:45Z,"Event-Driven Architecture"
Blue-Team-UCAB/go-delivery-backend,https://github.com/Blue-Team-UCAB/go-delivery-backend,2024,TypeScript,Organization,1,0,2024-09-20T02:36:28Z,"Hexagonal Architecture"
rcrdk/fast-feet-api,https://github.com/rcrdk/fast-feet-api,2024,TypeScript,User,1,0,2024-09-22T17:06:41Z,"Clean Architecture"
GemberPHP/event-sourcing-symfony-bundle,https://github.com/GemberPHP/event-sourcing-symfony-bundle,2024,PHP,Organization,1,0,2024-09-29T13:00:18Z,"Event-Driven Architecture"
fabianfalon/url-shortener-clean-architecture,https://github.com/fabianfalon/url-shortener-clean-architecture,2024,Python,User,1,0,2024-10-02T12:15:44Z,"Clean Architecture"
Team-Amarillo-Desarrollo-UCAB/Amarillo-Backend,https://github.com/Team-Amarillo-Desarrollo-UCAB/Amarillo-Backend,2024,TypeScript,Organization,1,0,2024-10-06T23:49:41Z,"Hexagonal Architecture"
SerenniaHan/WebApiLearning,https://github.com/SerenniaHan/WebApiLearning,2024,C#,User,1,0,2024-05-26T08:30:02Z,"Clean Architecture"
JohnGrat/Shop,https://github.com/JohnGrat/Shop,2024,C#,User,1,0,2024-06-14T14:58:54Z,"Clean Architecture"
brunogallotte/kevllotte,https://github.com/brunogallotte/kevllotte,2024,TypeScript,User,1,0,2024-06-16T16:20:02Z,"Onion Architecture"
GHBAlbuquerque/fiap-postech-fastfood-pedido,https://github.com/GHBAlbuquerque/fiap-postech-fastfood-pedido,2024,Java,User,1,0,2024-06-19T13:02:29Z,"Hexagonal Architecture"
GHBAlbuquerque/fiap-postech-fastfood-cliente,https://github.com/GHBAlbuquerque/fiap-postech-fastfood-cliente,2024,Java,User,1,0,2024-06-19T13:04:32Z,"Layered Architecture"
on-the-ground/domain-modeling-made-functional-typescript,https://github.com/on-the-ground/domain-modeling-made-functional-typescript,2024,TypeScript,Organization,1,1,2024-06-24T09:57:37Z,"Functional Domain Modeling"
hyun-Bell/ai-calorie-diary,https://github.com/hyun-Bell/ai-calorie-diary,2024,TypeScript,User,1,0,2024-06-30T12:31:16Z,"Hexagonal Architecture"
RuslanPr0g/TwoSum_Enterprise,https://github.com/RuslanPr0g/TwoSum_Enterprise,2024,C#,User,1,0,2024-07-04T14:33:29Z,"Onion Architecture"
zucky2021/test-spec-master,https://github.com/zucky2021/test-spec-master,2024,PHP,User,1,0,2024-07-08T11:58:15Z,"Clean Architecture"
GHBAlbuquerque/fiap-postech-fastfood-pagamento,https://github.com/GHBAlbuquerque/fiap-postech-fastfood-pagamento,2024,Java,User,1,0,2024-07-20T14:17:06Z,"Hexagonal Architecture"
kecommerce-microservices/ecommerce-ms-common-lib,https://github.com/kecommerce-microservices/ecommerce-ms-common-lib,2024,Java,Organization,1,0,2024-07-18T21:47:54Z,"Layered Architecture"
MatthewAraujo/CashFlow,https://github.com/MatthewAraujo/CashFlow,2024,C#,User,1,0,2024-07-22T17:02:26Z,"Layered Architecture"
clarkwtc/trading-ace,https://github.com/clarkwtc/trading-ace,2024,Go,User,1,1,2024-07-23T17:23:23Z,"Clean Architecture"
Lucassamuel97/ddd-patterns,https://github.com/Lucassamuel97/ddd-patterns,2024,TypeScript,User,1,0,2024-07-25T13:11:41Z,"Layered Architecture"
marinacanal/Forum,https://github.com/marinacanal/Forum,2024,C#,User,1,0,2024-07-29T00:38:32Z,"Layered Architecture"
kanghyungmin/nestjs-port-and-adapter,https://github.com/kanghyungmin/nestjs-port-and-adapter,2024,TypeScript,User,1,0,2024-08-02T03:24:55Z,"Clean Architecture"
Lucassamuel97/clean-architecture,https://github.com/Lucassamuel97/clean-architecture,2024,TypeScript,User,1,0,2024-08-06T01:04:51Z,"Clean Architecture"
lucasbonafe1/projeto-sgt-csharp,https://github.com/lucasbonafe1/projeto-sgt-csharp,2024,C#,User,1,0,2024-08-10T02:46:59Z,"Layered Architecture"
marcode24/market-zone-backend,https://github.com/marcode24/market-zone-backend,2024,C#,User,1,0,2024-08-22T05:42:35Z,"Clean Architecture"
Leducnamtek123/MicroservicesSolution,https://github.com/Leducnamtek123/MicroservicesSolution,2024,C#,User,1,0,2024-08-23T11:34:41Z,"Clean Architecture"
gewbittencourt/Tibia.Ciclopedia.WebAPI,https://github.com/gewbittencourt/Tibia.Ciclopedia.WebAPI,2024,C#,User,1,0,2024-08-31T13:10:56Z,"Clean Architecture"
ImVictorM/ECommerceManagement,https://github.com/ImVictorM/ECommerceManagement,2024,C#,User,1,0,2024-09-09T15:27:56Z,"Clean Architecture"
Khaa288/AdsManagementServer-v0.0.2,https://github.com/Khaa288/AdsManagementServer-v0.0.2,2024,C#,User,1,0,2024-09-11T07:19:53Z,"Clean Architecture"
labcabrera/rmu-api-tactical,https://github.com/labcabrera/rmu-api-tactical,2024,TypeScript,User,1,0,2024-09-13T09:31:31Z,"Hexagonal Architecture"
labcabrera/rmu-api-strategic,https://github.com/labcabrera/rmu-api-strategic,2024,TypeScript,User,1,0,2024-09-16T11:40:31Z,"Hexagonal Architecture"
LucasMaion/FIAP-9SOAT-Challenge-1,https://github.com/LucasMaion/FIAP-9SOAT-Challenge-1,2024,Python,User,1,0,2024-09-18T23:03:16Z,"Hexagonal Architecture"
AlexandraBonetCanela/Pet-api-hexagonal,https://github.com/AlexandraBonetCanela/Pet-api-hexagonal,2025,Java,User,1,0,2025-02-04T10:06:15Z,"Hexagonal Architecture"
neoforge-dev/starter,https://github.com/neoforge-dev/starter,2025,JavaScript,Organization,1,2,2025-02-06T16:41:37Z,"Onion Architecture"
Skitttz/node-flow,https://github.com/Skitttz/node-flow,2025,TypeScript,User,1,0,2025-02-09T14:52:18Z,"Onion Architecture"
arakakimath/order-logistics-api,https://github.com/arakakimath/order-logistics-api,2025,TypeScript,User,1,0,2025-02-11T15:24:32Z,"Clean Architecture"
SemIdea/bearboo,https://github.com/SemIdea/bearboo,2025,TypeScript,User,1,0,2025-02-13T02:45:13Z,"Onion Architecture"
gabyfachini/NutriCountAPI,https://github.com/gabyfachini/NutriCountAPI,2025,C#,User,1,0,2025-02-15T17:38:45Z,"Clean Architecture"
anthonybeckett/CleanArchitectureApi,https://github.com/anthonybeckett/CleanArchitectureApi,2025,C#,User,1,0,2025-02-22T12:07:50Z,"Clean Architecture"
domaincrafters/ddd_deno_domain,https://github.com/domaincrafters/ddd_deno_domain,2024,TypeScript,Organization,1,0,2024-10-15T12:35:51Z,"Layered Architecture"
reyno120/event-sourcing-in-azure,https://github.com/reyno120/event-sourcing-in-azure,2024,C#,User,1,0,2024-10-17T16:11:17Z,"Event-Driven Architecture"
thiagomag/LocadoraVeiculosFiap,https://github.com/thiagomag/LocadoraVeiculosFiap,2024,Java,User,1,0,2024-10-19T23:45:50Z,"Layered Architecture"
Ghitado/my-recipe-book,https://github.com/Ghitado/my-recipe-book,2024,C#,User,1,0,2024-10-18T12:46:11Z,"Layered Architecture"
niladalia/fountains-backend,https://github.com/niladalia/fountains-backend,2024,PHP,User,1,0,2024-10-31T12:03:26Z,"Hexagonal Architecture"
Furkantsnb/NewsManagement,https://github.com/Furkantsnb/NewsManagement,2024,C#,User,1,0,2024-11-04T18:11:56Z,"Layered Architecture"
AymaneTech/citronix-farm-tracking-system-spring-boot,https://github.com/AymaneTech/citronix-farm-tracking-system-spring-boot,2024,Java,User,1,0,2024-11-16T01:28:48Z,"Layered Architecture"
Azure-Samples/cargotracker-liberty-aks-azd,https://github.com/Azure-Samples/cargotracker-liberty-aks-azd,2024,JavaScript,Organization,1,4,2024-11-22T02:45:20Z,"Layered Architecture"
peter7775/sql-graph-visualizer,https://github.com/peter7775/sql-graph-visualizer,2024,Go,User,1,2,2024-11-22T16:47:17Z,"Onion Architecture"
SzczygielDev/ecommerce-library,https://github.com/SzczygielDev/ecommerce-library,2024,Kotlin,User,1,0,2024-11-24T21:33:04Z,"Event-Driven Architecture"
MK-NEUKO/NoBo-Notebook-Booking,https://github.com/MK-NEUKO/NoBo-Notebook-Booking,2024,C#,User,1,0,2024-11-26T16:14:33Z,"Clean Architecture"
aleksandarmilacic/CqrsDemo,https://github.com/aleksandarmilacic/CqrsDemo,2024,C#,User,1,0,2024-12-07T07:41:26Z,CQRS
hegedus-mark/my-scheduler-app,https://github.com/hegedus-mark/my-scheduler-app,2024,TypeScript,User,1,0,2024-12-10T22:23:07Z,"Onion Architecture"
williamkoller/challenge-brain-agriculture,https://github.com/williamkoller/challenge-brain-agriculture,2024,TypeScript,User,1,0,2024-12-19T18:50:42Z,"Onion Architecture"
FC-InnerCircle-ICD2/commerce-BE,https://github.com/FC-InnerCircle-ICD2/commerce-BE,2024,Java,Organization,1,1,2024-12-23T08:11:44Z,"Layered Architecture"
bouanani-soufiane/LearnTogether,https://github.com/bouanani-soufiane/LearnTogether,2025,TypeScript,User,1,0,2025-01-02T09:51:56Z,"Layered Architecture"
gatimugabriel/blood-link-server,https://github.com/gatimugabriel/blood-link-server,2024,TypeScript,User,1,0,2024-12-31T04:27:05Z,"Layered Architecture"
winsaludar/apps,https://github.com/winsaludar/apps,2025,C#,User,1,0,2025-01-06T04:39:34Z,"Clean Architecture"
luldsilva/CashFlow,https://github.com/luldsilva/CashFlow,2025,C#,User,1,0,2025-01-07T23:12:51Z,"Clean Architecture"
D7alth/Blog,https://github.com/D7alth/Blog,2025,C#,User,1,0,2025-01-15T10:01:42Z,"Clean Architecture"
AndresPena-Engineer/SportsLeague,https://github.com/AndresPena-Engineer/SportsLeague,2025,C#,User,1,0,2025-01-26T04:56:22Z,"Clean Architecture"
gatimugabriel/hotel-reservation-system,https://github.com/gatimugabriel/hotel-reservation-system,2025,Go,User,1,0,2025-01-26T07:52:06Z,"Layered Architecture"
Makiato1999/PayPlus,https://github.com/Makiato1999/PayPlus,2025,Java,User,1,0,2025-01-28T02:47:16Z,"Layered Architecture"
stebanmd/Hackathon-Fiap,https://github.com/stebanmd/Hackathon-Fiap,2025,C#,User,1,0,2025-01-29T15:46:27Z,"Clean Architecture"
JoseGuiFerreira17/forum-ddd-clean-architeture,https://github.com/JoseGuiFerreira17/forum-ddd-clean-architeture,2025,TypeScript,User,1,0,2025-01-31T21:40:55Z,"Clean Architecture"
leo-oliveira-eng/DomAid,https://github.com/leo-oliveira-eng/DomAid,2025,C#,User,1,0,2025-06-03T02:56:25Z,"Layered Architecture"
HwaRoak/HwaRoak_BE,https://github.com/HwaRoak/HwaRoak_BE,2025,Java,Organization,1,2,2025-06-03T07:47:48Z,"Layered Architecture"
endo-ava/music-theory-app,https://github.com/endo-ava/music-theory-app,2025,TypeScript,User,1,0,2025-06-06T17:43:44Z,"Onion Architecture"
building-blocks-org/building_blocks,https://github.com/building-blocks-org/building_blocks,2025,Python,Organization,1,0,2025-06-08T14:05:29Z,"Hexagonal Architecture"
netblueprints/BuildingBlocks.Domain,https://github.com/netblueprints/BuildingBlocks.Domain,2025,C#,Organization,1,0,2025-06-10T14:01:58Z,"Layered Architecture"
FeKom/lab-ecommerce,https://github.com/FeKom/lab-ecommerce,2025,Java,User,1,0,2025-06-13T21:54:51Z,"Clean Architecture"
SolHa00/BE,https://github.com/SolHa00/BE,2025,Java,Organization,1,0,2025-06-15T14:39:02Z,"Layered Architecture"
Marcortes22/insta-clone-backend,https://github.com/Marcortes22/insta-clone-backend,2025,TypeScript,User,1,0,2025-06-16T01:01:27Z,"Layered Architecture"
avagners/delivery,https://github.com/avagners/delivery,2025,Python,User,1,0,2025-03-04T08:14:09Z,"Onion Architecture"
niqitosiq/merphey,https://github.com/niqitosiq/merphey,2025,TypeScript,User,1,0,2025-03-04T14:24:08Z,"Onion Architecture"
ArthurTorres1/FrioAPI,https://github.com/ArthurTorres1/FrioAPI,2025,C#,User,1,0,2025-03-12T02:07:50Z,"Layered Architecture"
abolfazlshahsavaryyy/EShopMicroservices,https://github.com/abolfazlshahsavaryyy/EShopMicroservices,2025,C#,User,1,0,2025-03-16T10:41:32Z,"Clean Architecture"
david-wagih/angular-domain-driven-app,https://github.com/david-wagih/angular-domain-driven-app,2025,TypeScript,User,1,0,2025-03-23T13:16:39Z,"Clean Architecture"
valb-mig/php.rpg-playground,https://github.com/valb-mig/php.rpg-playground,2025,PHP,User,1,0,2025-03-23T17:25:23Z,"Layered Architecture"
schemifyjs/sfy-monorepo-nestjs,https://github.com/schemifyjs/sfy-monorepo-nestjs,2025,JavaScript,Organization,1,0,2025-03-26T14:35:11Z,"Hexagonal Architecture"
GerardoFdez7/easystore-services,https://github.com/GerardoFdez7/easystore-services,2025,TypeScript,User,1,0,2025-03-27T00:43:29Z,"Onion Architecture"
EletherioAlexandre/Echo-Mind,https://github.com/EletherioAlexandre/Echo-Mind,2025,C#,User,1,0,2025-04-07T04:43:47Z,"Layered Architecture"
AthulKrishna-736/Travesta-Server,https://github.com/AthulKrishna-736/Travesta-Server,2025,TypeScript,User,1,0,2025-04-07T16:23:17Z,"Clean Architecture"
GabrielSoaresGomes/tech-challenge,https://github.com/GabrielSoaresGomes/tech-challenge,2025,Java,User,1,0,2025-04-09T22:10:20Z,"Clean Architecture"
nandreau/TP_DDD,https://github.com/nandreau/TP_DDD,2025,Python,User,1,0,2025-04-09T10:11:02Z,"Layered Architecture"
steve-bang/user-service,https://github.com/steve-bang/user-service,2025,C#,User,1,0,2025-04-10T14:22:25Z,"Clean Architecture"
Osvaldo943/gerenciador_De_Turma_TDD,https://github.com/Osvaldo943/gerenciador_De_Turma_TDD,2025,Python,User,1,0,2025-04-10T17:32:03Z,"Hexagonal Architecture"
axelhamil/steak.sh,https://github.com/axelhamil/steak.sh,2025,TypeScript,User,1,0,2025-06-21T18:02:16Z,"Hexagonal Architecture"
marciocrmendes/TaskManagement,https://github.com/marciocrmendes/TaskManagement,2025,C#,User,1,0,2025-04-20T04:47:20Z,"Clean Architecture"
felipesergiob/se-liga-ai,https://github.com/felipesergiob/se-liga-ai,2025,TypeScript,User,1,0,2025-04-23T04:28:02Z,"Clean Architecture"
paulblabla/Manuals,https://github.com/paulblabla/Manuals,2025,C#,User,1,0,2025-04-23T09:36:15Z,"Layered Architecture"
ferreiralizier/Estacionamento.ShoppingUniao,https://github.com/ferreiralizier/Estacionamento.ShoppingUniao,2025,C#,User,1,0,2025-04-26T23:17:10Z,"Vertical Slice Architecture"
Karinaesparza96/plataforma-educacao-online,https://github.com/Karinaesparza96/plataforma-educacao-online,2025,C#,User,1,1,2025-04-29T02:13:54Z,CQRS
SuyKingsleigh/beauty-hub,https://github.com/SuyKingsleigh/beauty-hub,2025,TypeScript,User,1,0,2025-04-30T11:41:39Z,"Hexagonal Architecture"
aircunza/blog-space,https://github.com/aircunza/blog-space,2025,TypeScript,User,1,0,2025-05-03T23:14:18Z,CQRS
ZaneH/keep-talking,https://github.com/ZaneH/keep-talking,2025,Go,User,1,1,2025-05-05T00:50:31Z,"Hexagonal Architecture"
GemberPHP/event-sourcing-universal-service-provider,https://github.com/GemberPHP/event-sourcing-universal-service-provider,2025,PHP,Organization,1,0,2025-05-06T17:02:59Z,"Event-Driven Architecture"
DaylonFellipe/Daylon.BicycleStore.Rent-2025,https://github.com/DaylonFellipe/Daylon.BicycleStore.Rent-2025,2025,C#,User,1,0,2025-05-13T09:27:51Z,"Clean Architecture"
alinianitchii/helix_club_ex,https://github.com/alinianitchii/helix_club_ex,2025,Elixir,User,1,0,2025-05-15T23:55:29Z,CQRS
SyahrulBhudiF/PageCapApi,https://github.com/SyahrulBhudiF/PageCapApi,2025,Go,User,1,0,2025-05-15T12:31:49Z,"Hexagonal Architecture"
guicrosariol/node-licita,https://github.com/guicrosariol/node-licita,2025,TypeScript,User,1,0,2025-05-22T13:26:41Z,"Clean Architecture"
VinEckSie/rustpulse,https://github.com/VinEckSie/rustpulse,2025,Rust,User,1,0,2025-05-23T13:47:16Z,"Hexagonal Architecture"
AnderGI/create-typescript-app,https://github.com/AnderGI/create-typescript-app,2025,TypeScript,User,1,0,2025-05-23T14:38:00Z,"Layered Architecture"
zaqueujnr/front-end,https://github.com/zaqueujnr/front-end,2025,TypeScript,User,1,0,2025-05-30T01:58:11Z,"Clean Architecture"
zaqueujnr/back-end,https://github.com/zaqueujnr/back-end,2025,TypeScript,User,1,0,2025-05-30T02:04:04Z,"Clean Architecture"
EwertonHecsley/node-sistema-financial-transactions,https://github.com/EwertonHecsley/node-sistema-financial-transactions,2025,TypeScript,User,1,0,2025-05-31T18:13:25Z,"Clean Architecture"
marciomyst/FakeStoreNet,https://github.com/marciomyst/FakeStoreNet,2025,C#,User,1,0,2025-05-31T18:56:22Z,"Onion Architecture"
nemmtor/documents-management-system,https://github.com/nemmtor/documents-management-system,2025,TypeScript,User,1,0,2025-09-21T20:48:59Z,CQRS
Huangphoux/uit-limousine,https://github.com/Huangphoux/uit-limousine,2025,JavaScript,User,1,0,2025-09-25T06:41:03Z,"Layered Architecture"
Net-Vanguard/Fiap-Games,https://github.com/Net-Vanguard/Fiap-Games,2025,C#,Organization,1,0,2025-09-27T17:43:01Z,"Onion Architecture"
brognilucas/cursor-configuration,https://github.com/brognilucas/cursor-configuration,2025,TypeScript,User,1,0,2025-06-24T09:55:21Z,"Clean Architecture"
RuslanPr0g/StackNucleus,https://github.com/RuslanPr0g/StackNucleus,2025,C#,User,1,0,2025-06-25T17:00:06Z,"Clean Architecture"
GodswillErondu/forms_project,https://github.com/GodswillErondu/forms_project,2025,Dart,User,1,0,2025-06-26T18:32:16Z,"Clean Architecture"
realkibetgilbert/RealEstateApplication,https://github.com/realkibetgilbert/RealEstateApplication,2025,C#,User,1,0,2025-06-27T20:03:33Z,Microservices
MateuszNaKodach/HeroesOfDomainDrivenDesign.EventSourcing.DCB.Kotlin.Axon5.Spring,https://github.com/MateuszNaKodach/HeroesOfDomainDrivenDesign.EventSourcing.DCB.Kotlin.Axon5.Spring,2025,Kotlin,User,1,0,2025-06-28T17:03:18Z,"Event-Driven Architecture"
All23tor/software-project,https://github.com/All23tor/software-project,2025,Java,User,1,3,2025-06-30T09:29:36Z,"Layered Architecture"
AimTune/HandKraft,https://github.com/AimTune/HandKraft,2025,C#,User,1,1,2025-06-30T15:10:01Z,"Layered Architecture"
pallandir/pymojis,https://github.com/pallandir/pymojis,2025,Python,User,1,0,2025-07-07T15:32:13Z,"Layered Architecture"
Nexus-Project-Impact/nexus-backend,https://github.com/Nexus-Project-Impact/nexus-backend,2025,C#,Organization,1,0,2025-07-08T02:04:19Z,"Layered Architecture"
FIAP-SOAT-2025/TC2-G38,https://github.com/FIAP-SOAT-2025/TC2-G38,2025,TypeScript,Organization,1,0,2025-07-09T18:31:16Z,"Onion Architecture"
joaogbrieldev/clean-node-api,https://github.com/joaogbrieldev/clean-node-api,2025,TypeScript,User,1,0,2025-07-11T11:43:53Z,"Clean Architecture"
hanghae-plus-anveloper/e-commerce,https://github.com/hanghae-plus-anveloper/e-commerce,2025,Java,Organization,1,0,2025-07-13T12:33:44Z,"Layered Architecture"
henriquesan14/enquete-online-api,https://github.com/henriquesan14/enquete-online-api,2025,C#,User,1,0,2025-07-14T16:20:50Z,"Onion Architecture"
Mortyrise/Im-a-pickle,https://github.com/Mortyrise/Im-a-pickle,2025,TypeScript,User,1,1,2025-07-17T10:00:52Z,"Clean Architecture"
AnderGI/urgenc.ia,https://github.com/AnderGI/urgenc.ia,2025,TypeScript,User,1,0,2025-07-25T07:30:27Z,"Hexagonal Architecture"
goldpulpy/tma-backend-boilerplate,https://github.com/goldpulpy/tma-backend-boilerplate,2025,Python,User,1,0,2025-07-27T23:25:13Z,"Layered Architecture"
hossein-askari83/GSMPay,https://github.com/hossein-askari83/GSMPay,2025,PHP,User,1,0,2025-08-01T12:49:28Z,"Layered Architecture"
DiegoLins10/ExchangeAPI,https://github.com/DiegoLins10/ExchangeAPI,2025,C#,User,1,0,2025-08-10T03:55:09Z,"Clean Architecture"
luisfabiosm/bks.sdk,https://github.com/luisfabiosm/bks.sdk,2025,C#,User,1,0,2025-08-12T20:48:01Z,"Clean Architecture"
IgnacioCastro0713/CleanArchitecture-net9,https://github.com/IgnacioCastro0713/CleanArchitecture-net9,2025,C#,User,1,0,2025-08-16T21:15:05Z,"Clean Architecture"
wangkanai/foundation,https://github.com/wangkanai/foundation,2025,C#,User,1,0,2025-08-31T10:05:47Z,"Onion Architecture"
GemberPHP/dependency-contracts,https://github.com/GemberPHP/dependency-contracts,2025,PHP,Organization,1,0,2025-09-03T17:11:00Z,CQRS
phanminhtrieu/CleanArchitecture-template,https://github.com/phanminhtrieu/CleanArchitecture-template,2025,C#,User,1,0,2025-09-16T10:22:32Z,"Clean Architecture"
Monday-Rocket/linkpool-version-2,https://github.com/Monday-Rocket/linkpool-version-2,2023,Kotlin,Organization,1,1,2023-08-12T12:09:30Z,"Hexagonal Architecture"
gnuheike/StarWarsGame-PHP-Laminas-DDD-CleanArch,https://github.com/gnuheike/StarWarsGame-PHP-Laminas-DDD-CleanArch,2023,PHP,User,1,0,2023-08-19T07:00:14Z,"Clean Architecture"
ronei-kunkel/larawater,https://github.com/ronei-kunkel/larawater,2023,PHP,User,1,0,2023-08-30T07:46:57Z,"Clean Architecture"
LouisMatos/pos_tech_fiap,https://github.com/LouisMatos/pos_tech_fiap,2023,Java,User,1,1,2023-09-17T23:44:19Z,"Hexagonal Architecture"
michaelcdr/dotnet-marketplace,https://github.com/michaelcdr/dotnet-marketplace,2023,JavaScript,User,1,0,2023-10-14T02:51:56Z,"Layered Architecture"
Crownss/fiora,https://github.com/Crownss/fiora,2023,Rust,User,1,0,2023-10-18T14:26:02Z,"Hexagonal Architecture"
ronei-kunkel/manager,https://github.com/ronei-kunkel/manager,2023,PHP,User,1,0,2023-10-25T08:22:00Z,"Clean Architecture"
RickBarretto/events,https://github.com/RickBarretto/events,2024,Java,User,1,0,2024-09-21T19:29:22Z,"Clean Architecture"
HaroldoFV/product-service,https://github.com/HaroldoFV/product-service,2024,Go,User,1,0,2024-08-08T03:19:51Z,"Clean Architecture"
simuel/DjangoHexTemplate,https://github.com/simuel/DjangoHexTemplate,2024,Python,User,1,1,2024-11-05T20:51:19Z,"Hexagonal Architecture"
anatoly-turcan/selvoc,https://github.com/anatoly-turcan/selvoc,2024,TypeScript,User,1,0,2024-12-24T02:41:35Z,"Clean Architecture"
koka-ts/koka-stack,https://github.com/koka-ts/koka-stack,2025,TypeScript,Organization,1,0,2025-06-13T01:45:26Z,"Event-Driven Architecture"
asyayakim/OrderPage,https://github.com/asyayakim/OrderPage,2025,C#,User,1,0,2025-05-14T11:10:41Z,"Layered Architecture"
Scribbly-Fun/Scribbly.Eventually,https://github.com/Scribbly-Fun/Scribbly.Eventually,2025,C#,Organization,1,0,2025-05-26T16:50:50Z,"Event-Driven Architecture"
ViniciusMarinheiro/P-s-Tech-12SOAT---Tech-Challenge,https://github.com/ViniciusMarinheiro/P-s-Tech-12SOAT---Tech-Challenge,2025,TypeScript,User,1,2,2025-07-20T20:20:28Z,"Layered Architecture"
Mmarcelinho/sistema_de_estoque,https://github.com/Mmarcelinho/sistema_de_estoque,2023,C#,User,1,0,2023-03-03T16:04:59Z,"Clean Architecture"
swcamp9thTeam1/backend-project-accountbook,https://github.com/swcamp9thTeam1/backend-project-accountbook,2024,Java,Organization,1,2,2024-08-23T06:35:50Z,"Layered Architecture"
vitorrgmendes/WalletBuddy,https://github.com/vitorrgmendes/WalletBuddy,2025,C#,User,1,0,2025-01-14T22:54:02Z,"Clean Architecture"
HenriqueWegner/EcommerceOrderServiceApp,https://github.com/HenriqueWegner/EcommerceOrderServiceApp,2025,Java,User,1,0,2025-08-21T14:48:08Z,"Hexagonal Architecture"
TrigintaFaces/Excalibur,https://github.com/TrigintaFaces/Excalibur,2025,C#,User,1,1,2025-01-19T04:21:57Z,"Onion Architecture"
curiousvlxd/meety-backend,https://github.com/curiousvlxd/meety-backend,2024,C#,User,1,0,2024-09-06T13:40:29Z,"Clean Architecture"
msdevno/enirkesto,https://github.com/msdevno/enirkesto,2017,JavaScript,Organization,1,1,2017-04-24T17:55:00Z,"Event-Driven Architecture"
petterlopes/CSharpModeloDDD,https://github.com/petterlopes/CSharpModeloDDD,2018,JavaScript,User,1,2,2018-04-17T04:13:40Z,"Layered Architecture"
caioaugusto1/MarketInter.CORE,https://github.com/caioaugusto1/MarketInter.CORE,2019,C#,User,1,0,2019-05-18T09:38:26Z,"Layered Architecture"
lucilvio/webills,https://github.com/lucilvio/webills,2019,C#,User,1,0,2019-10-01T21:03:07Z,"Modular Monolith"
generike/SmartStoreNET,https://github.com/generike/SmartStoreNET,2020,C#,User,1,1,2020-03-06T11:47:42Z,"Layered Architecture"
williamalveslp/Stefanini_Prova_Tecnica_Net_Core,https://github.com/williamalveslp/Stefanini_Prova_Tecnica_Net_Core,2020,C#,User,1,0,2020-06-05T18:32:07Z,"Layered Architecture"
AsimKhan2019/Smart-Store.NET,https://github.com/AsimKhan2019/Smart-Store.NET,2020,C#,User,1,0,2020-07-12T17:41:18Z,"Layered Architecture"
K-Society/KSociety.Base,https://github.com/K-Society/KSociety.Base,2020,C#,Organization,1,2,2020-12-06T09:56:53Z,"Layered Architecture"
myrachanto/Domain-Driven-Design-DDD-in-Golang-,https://github.com/myrachanto/Domain-Driven-Design-DDD-in-Golang-,2021,Go,User,1,0,2021-08-17T14:39:04Z,"Hexagonal Architecture"
renatocosta/bank_acccount,https://github.com/renatocosta/bank_acccount,2021,PHP,User,1,0,2021-08-22T19:26:44Z,"Onion Architecture"
kelsonthony/algafood-api,https://github.com/kelsonthony/algafood-api,2021,Java,User,1,0,2021-10-21T00:21:13Z,"Layered Architecture"
holomodular/ServiceBricks,https://github.com/holomodular/ServiceBricks,2023,C#,Organization,1,0,2023-07-02T16:58:33Z,"Layered Architecture"
letienhoang/hs-one,https://github.com/letienhoang/hs-one,2024,TypeScript,User,1,0,2024-11-21T03:33:04Z,"Clean Architecture"
sara-mn/form-builder,https://github.com/sara-mn/form-builder,2025,TypeScript,User,1,0,2025-04-16T09:24:46Z,"Clean Architecture"
CodeVsk/parking-management,https://github.com/CodeVsk/parking-management,2023,TypeScript,User,1,0,2023-04-15T21:00:08Z,"Layered Architecture"
TayMike/hackaton,https://github.com/TayMike/hackaton,2025,Java,User,1,0,2025-07-14T21:09:55Z,"Layered Architecture"
